Name; Median Time; Min Time; Max Time; Median Frame Index; Min Frame Index; Max Frame Index; Min Depth; Max Depth; Total Time; Mean Time; Time Lower Quartile; Time Upper Quartile; Count Total; Count Median; Count Min; Count Max; Number of frames containing Marker; First Frame Index; Time Min Individual; Time Max Individual; Min Individual Frame; Max Individual Frame; Time at Median Frame
"EditorLoop";13.60245;6.703418;17.10805;6;1;633;1;1;8771.09981918335;13.74781;13.03022;14.54378;2551;4;3;4;638;1;0.096252;15.66381;637;446;14.56123
"PlayerLoop";2.465644;1.448117;3.91756;443;548;31;1;1;1539.79675853252;2.413475;2.061123;2.756162;1914;3;3;3;638;1;0.008997;2.555504;537;136;1.795273
"RenderPlayModeViewCameras";1.813387;0.972161;2.555094;623;637;136;2;2;1053.56436723471;1.651355;1.3428;1.863571;638;1;1;1;638;1;0.972161;2.555094;637;136;1.212244
"UnityEngine.CoreModule.dll!UnityEngine.Rendering::RenderPipelineManager.DoRenderLoop_Internal() [Invoke]";1.747853;0.932006;2.02769;109;637;359;3;3;1002.4634244442;1.571259;1.251237;1.795012;638;1;1;1;638;1;0.932006;2.02769;637;359;1.170425
"Inl_UniversalRenderTotal";1.725902;0.917819;2.005638;401;637;359;4;4;990.06355035305;1.551824;1.234736;1.7727;638;1;1;1;638;1;0.917819;2.005638;637;359;1.156038
"Inl_RenderCameraStack";1.702197;0.906648;1.982595;274;637;359;5;5;976.783286571503;1.531008;1.219507;1.749175;638;1;1;1;638;1;0.906648;1.982595;637;359;1.141581
"Inl_UniversalRenderPipeline.RenderSingleCameraInternal: Main Camera";0.974275;0.516784;1.162891;164;637;359;6;6;559.43776756525;0.8768617;0.689519;0.998621;638;1;1;1;638;1;0.516784;1.162891;637;359;0.642912
"UpdateScene";0.725366;0.299114;1.787928;583;578;15;2;2;472.364369064569;0.740383;0.554224;0.918119;638;1;1;1;638;1;0.299114;1.787928;578;15;0.569202
"Inl_ScriptableRenderContext.Submit";0.587256;0.323359;0.742619;447;637;145;6;6;341.950988024473;0.5359733;0.405474;0.615249;638;1;1;1;638;1;0.323359;0.742619;637;145;0.401406
"Profiler.FlushCounters";0.539346;0.234111;0.760914;173;560;438;1;1;308.373171448708;0.4833435;0.335813;0.586916;638;1;1;1;638;1;0.234111;0.760914;560;438;0.337165
"UniversalRenderPipeline.RenderSingleCameraInternal: Main Camera";0.522394;0.285679;0.664652;451;637;145;7;7;303.050015956163;0.475;0.353897;0.547612;638;1;1;1;638;1;0.285679;0.664652;637;145;0.357623
"ExecuteRenderGraph";0.504481;0.274417;0.641829;148;637;145;8;8;292.762279331684;0.4588751;0.338117;0.529698;638;1;1;1;638;1;0.274417;0.641829;637;145;0.343937
"Profiler.FlushMemoryCounters";0.492979;0.212731;0.693617;433;560;438;2;2;281.85612437129;0.4417807;0.306959;0.537843;638;1;1;1;638;1;0.212731;0.693617;560;438;0.306076
"Inl_ExecuteRenderGraph";0.319733;0.162797;0.490163;497;637;2;7;7;182.316932693124;0.2857632;0.209976;0.332547;638;1;1;1;638;1;0.162797;0.490163;637;2;0.18031
"RenderLoop.ScheduleDraw";0.314693;0.163718;0.432044;166;637;282;10;11;183.813404724002;0.2881088;0.211988;0.334731;4466;7;7;7;638;1;0.00012;0.14874;20;282;0.246024
"Inl_RecordRenderGraph";0.30785;0.160221;0.406045;323;537;366;7;7;181.386131674051;0.2843043;0.230645;0.320814;638;1;1;1;638;1;0.160221;0.406045;537;366;0.221156
"Inl_On Record Render Graph";0.300065;0.155012;0.397549;40;537;366;8;8;176.781577736139;0.2770871;0.225535;0.312278;638;1;1;1;638;1;0.155012;0.397549;537;366;0.216628
"FixedUpdate.PhysicsFixedUpdate";0.20736;0.118253;1.152561;285;564;15;3;3;111.093651615083;0.2092159;0.163768;0.23922;532;1;1;2;531;1;0.055354;1.152561;1;15;0.169479
"Physics.RunSimulationStage";0.191491;0.109486;1.130991;598;524;15;4;4;102.798268809915;0.1935937;0.150464;0.222098;532;1;1;2;531;1;0.052178;1.130991;1;15;0.159691
"Physics.Simulate";0.19111;0.109336;1.13076;107;524;15;5;5;102.647762693465;0.1933103;0.150314;0.221758;532;1;1;2;531;1;0.052128;1.13076;1;15;0.15948
"PxScene.simulate";0.19062;0.108935;1.129758;107;524;15;6;6;102.316957786679;0.1926873;0.149852;0.220926;532;1;1;2;531;1;0.052058;1.129758;1;15;0.15912
"Profiler.RequestScreenshot";0.164449;0.094127;0.546279;421;571;136;5;5;9.21715298295021;0.2143524;0.150133;0.186491;43;1;1;1;43;1;0.094127;0.546279;571;136;0
"CullScriptable";0.158649;0.063379;0.27629;247;577;359;7;7;94.520562633872;0.1481514;0.117983;0.168638;638;1;1;1;638;1;0.063379;0.27629;577;359;0.114816
"RenderLoop.DrawSRPBatcher";0.115858;0.060294;0.165542;450;637;282;12;12;68.4015736803412;0.1072125;0.080512;0.124515;1276;2;2;2;638;1;0.025949;0.10588;504;282;0.094788
"SRPBatcher.Flush";0.109727;0.057218;0.183695;61;637;413;13;14;66.3011568784714;0.1039203;0.082384;0.118836;1914;3;3;3;638;1;0.011892;0.097083;455;413;0.098906
"RenderTarget.GrabPixels";0.108074;0.011752;0.134073;316;1;511;6;6;4.14041898585856;0.09628882;0.074991;0.114396;43;1;1;1;43;1;0.011752;0.134073;1;511;0
"Update.ScriptRunBehaviourUpdate";0.105209;0.052338;0.407898;316;538;118;3;3;77.6849447563291;0.1217632;0.078698;0.146115;638;1;1;1;638;1;0.052338;0.407898;538;118;0.075683
"BehaviourUpdate";0.104647;0.051958;0.406426;397;538;118;4;4;77.175168838352;0.1209642;0.078127;0.145064;638;1;1;1;638;1;0.051958;0.406426;538;118;0.075052
"DrawOpaqueObjects";0.101401;0.05312;0.149932;410;577;282;9;9;58.6243418455124;0.09188768;0.065183;0.107322;638;1;1;1;638;1;0.05312;0.149932;577;282;0.067818
"DrawBuffersBatchMode";0.10118;0.05314;0.173888;591;637;413;14;15;61.3612767867744;0.09617755;0.076725;0.110007;1914;3;3;3;638;1;0.009167;0.090601;455;413;0.093065
"SceneCulling";0.086883;0.03218;0.152407;138;577;56;8;8;52.8575328849256;0.08284879;0.068409;0.094238;638;1;1;1;638;1;0.03218;0.152407;577;56;0.065583
"Draw Main Light Shadowmap";0.08522;0.046818;0.170612;199;537;338;9;9;52.010359864682;0.08152094;0.067096;0.092294;638;1;1;1;638;1;0.046818;0.170612;537;338;0.063269
"MainLightShadow";0.084209;0.046297;0.169399;93;537;338;10;10;51.4188628718257;0.08059383;0.066485;0.091502;638;1;1;1;638;1;0.046297;0.169399;537;338;0.062679
"Shadows.ExecuteDrawShadows";0.081383;0.044225;0.16498;348;537;338;11;11;49.5333478674293;0.07763848;0.0635;0.08865601;2552;4;4;4;638;1;0.001964;0.149111;533;338;0.060195
"Bloom";0.071415;0.039394;0.10034;168;537;263;9;9;41.4337598383427;0.06494319;0.046407;0.075652;638;1;1;1;638;1;0.039394;0.10034;537;263;0.04226
"Shadows.ScheduleRenderJobs";0.070191;0.036398;0.152638;161;490;338;12;12;42.8116429075599;0.06710289;0.053691;0.077537;2552;4;4;4;638;1;0.000912;0.14323;611;338;0.051095
"PlayerConnection.Poll";0.067517;0.018314;0.236485;427;547;467;4;5;45.3327847756445;0.07105452;0.037851;0.101262;1276;2;2;2;638;1;0.00523;0.14362;265;467;0.066996
"WaitForJobGroupID";0.064441;0.019837;0.184657;517;53;359;6;13;40.8551968280226;0.06403636;0.053411;0.072717;4351;7;2;10;638;1;0.000751;0.132169;341;359;0.046648
"MoonsAndStars.Planets.dll!MoonsAndStars.Assets.Code.Scripts.Planets::LodCalculator.CheckVisiblePlanets() [Coroutine: MoveNext] [Invoke]";0.059933;0.03167;0.187663;240;541;516;5;5;7.16817497089505;0.07314464;0.040747;0.094858;98;1;1;1;98;5;0.03167;0.187663;541;516;0
"DrawDepthNormalPrepass";0.056637;0.029385;0.099838;518;637;339;9;9;34.6095199082047;0.0542469;0.043062;0.062347;638;1;1;1;638;1;0.029385;0.099838;637;339;0.057157
"Inl_Setup Forward Lights";0.056165;0.032181;0.304634;612;541;2;8;8;34.0750218629837;0.05340913;0.043792;0.059652;638;1;1;1;638;1;0.032181;0.304634;541;2;0.038343
"Inl_Setup Light Constants";0.055064;0.031629;0.303372;154;547;2;9;9;33.4571089185774;0.05244061;0.043061;0.05855;638;1;1;1;638;1;0.031629;0.303372;547;2;0.037751
"Graphics.Blit";0.0532;0.034986;0.09057;406;586;151;6;7;2.3579249791801;0.05483546;0.049594;0.062016;86;2;2;2;43;1;0.017473;0.045305;586;151;0
"Inl_Bloom";0.050676;0.02155;0.123703;367;577;339;8;8;28.5699799265712;0.04478053;0.029816;0.054002;638;1;1;1;638;1;0.02155;0.123703;577;339;0.024075
"Inl_Forward+ Setup";0.047991;0.022413;0.080171;355;577;224;9;9;29.2248178627342;0.04580693;0.038012;0.052579;638;1;1;1;638;1;0.022413;0.080171;577;224;0.039124
"Shadows.DrawSRPBatcher";0.04798;0.022112;0.133732;296;455;338;13;13;29.9089009650052;0.04687915;0.038913;0.053571;638;1;1;1;638;1;0.022112;0.133732;455;338;0.041989
"EarlyUpdate.PollPlayerConnection";0.043351;0.012754;0.144832;556;547;467;3;3;29.0540109183639;0.0455392;0.0263;0.063349;638;1;1;1;638;1;0.012754;0.144832;547;467;0.040977
"CullResults.CreateSharedRendererScene";0.04241;0.019777;0.153379;602;577;359;8;8;26.5221349075437;0.04157075;0.03182;0.046978;638;1;1;1;638;1;0.019777;0.153379;577;359;0.032481
"RG_BloomDownsample";0.039574;0.021842;0.055855;278;537;263;10;10;23.0518879406154;0.03613149;0.025969;0.041838;638;1;1;1;638;1;0.021842;0.055855;537;263;0.023164
"Inl_UpdateVolumeFramework";0.039555;0.017293;0.083958;378;637;115;6;6;22.6320739481598;0.03547347;0.025498;0.040767;638;1;1;1;638;1;0.017293;0.083958;637;115;0.025098
"MoonsAndStars.Planets.dll!MoonsAndStars.Assets.Code.Scripts.Planets::PlanetColorizer.Update() [Invoke]";0.038923;0.018315;0.170021;103;1;31;5;5;27.3591588679701;0.0428827;0.029445;0.04806999;3190;5;5;5;638;1;0.002755;0.046398;1;486;0.029585
"SSAO";0.036138;0.018645;0.112602;231;637;146;9;9;21.3513879701495;0.03346613;0.024977;0.038382;638;1;1;1;638;1;0.018645;0.112602;637;146;0.020448
"VolumeManager.Update";0.035097;0.015599;0.072958;430;637;115;7;7;20.087538943626;0.03148517;0.022332;0.036158;638;1;1;1;638;1;0.015599;0.072958;637;115;0.021791
"EndRenderQueueExtraction";0.033083;0.016963;0.14914;189;637;359;8;9;21.6599608715624;0.03394978;0.027352;0.03734;1276;2;2;2;638;1;0.002475;0.135555;600;359;0.024947
"Inl_NRPRGComp_ExecuteInitializeResources";0.032509;0.015549;0.09771398;248;577;469;8;8;18.4865717589855;0.02897582;0.019539;0.034015;12760;20;20;20;638;1;2E-05;0.066305;1;469;0.016269
"Inl_UniversalRenderPipeline.ComputeShadowCasterCullingInfos";0.032471;0.023014;0.069862;345;621;203;7;7;21.2196529693902;0.03325965;0.030117;0.035046;638;1;1;1;638;1;0.023014;0.069862;621;203;0.032621
"Inl_Blit Color LUT";0.030597;0.013976;0.057849;90;539;115;8;8;17.663723946549;0.02768609;0.020749;0.03191;638;1;1;1;638;1;0.013976;0.057849;539;115;0.017363
"RenderLoop.Draw";0.030417;0.016832;0.063129;618;577;141;12;12;17.9557909555733;0.02814387;0.020148;0.03213;638;1;1;1;638;1;0.016832;0.063129;577;141;0.018875
"FixedUpdate.ScriptRunBehaviourFixedUpdate";0.029645;0.017123;0.06385;616;444;150;3;3;16.9357369616628;0.03189404;0.023674;0.039805;532;1;1;2;531;1;0.001973;0.06385;1;150;0.022242
"SRPBRender.ApplyShader";0.028955;0.013956;0.042991;291;577;84;13;13;16.8397629670799;0.02639461;0.018906;0.03145;1276;2;2;2;638;1;0.002525;0.035567;541;383;0.020809
"FixedBehaviourUpdate";0.028534;0.016381;0.061436;70;444;150;4;4;16.2628909740597;0.03062691;0.022612;0.038352;532;1;1;2;531;1;0.001883;0.061436;1;150;0.0215
"Inl_ColorGradingLUT";0.028424;0.012904;0.055204;225;539;115;9;9;16.4026289479807;0.02570945;0.019206;0.029636;638;1;1;1;638;1;0.012904;0.055204;539;115;0.01616
"Inl_Forward+ Upload";0.027321;0.014537;0.277363;435;539;2;10;10;16.8236209666356;0.02636931;0.020899;0.029195;638;1;1;1;638;1;0.014537;0.277363;539;2;0.019367
"Inl_NRPRGComp_ExecuteBeginRenderpassCommand";0.027222;0.013687;0.048189;24;537;44;8;8;16.0050989268348;0.02508636;0.01926;0.028473;4466;7;7;7;638;1;0.000932;0.022062;545;119;0.015861
"Inl_RG_BloomDownsample";0.025628;0.010811;0.040496;255;269;83;9;9;14.4164259592071;0.02259628;0.014868;0.027872;638;1;1;1;638;1;0.010811;0.040496;269;83;0.011432
"CullSendEvents";0.025337;0.004328;0.053982;457;52;552;9;9;16.7173489229754;0.02620274;0.02114;0.030698;638;1;1;1;638;1;0.004328;0.053982;52;552;0.014757
"Physics.OverlapSphere";0.024035;0.011682;0.088807;396;503;292;6;6;2.87461299728602;0.02933278;0.016512;0.037431;98;1;1;1;98;5;0.011682;0.088807;503;292;0
"Assembly-CSharp.dll!MoonsAndStars.Assets.Code.Scripts.Players.Input::ShipController.FixedUpdate() [Invoke]";0.022462;0.011612;0.054923;85;540;376;5;5;12.8390169581398;0.02417894;0.017713;0.030418;532;1;1;2;531;1;0.001483;0.054923;1;376;0.01596
"Shadows.PrepareDrawShadows";0.022433;0.011271;0.093206;183;637;299;7;7;14.1447829660028;0.02217051;0.017874;0.024005;1276;2;2;2;638;1;0.003246;0.083748;600;299;0.014016
"Inl_NRPRGComp_ExecuteDestroyResources";0.021763;0.013346;0.042167;155;637;279;8;8;13.0739129735157;0.02049203;0.01784;0.022721;12760;20;20;20;638;1;6E-05;0.022903;143;279;0.013904
"CullAllVisibleLights";0.02134;0.009468;0.061786;181;577;51;9;9;13.4705589497462;0.02111373;0.016561;0.023184;638;1;1;1;638;1;0.009468;0.061786;577;51;0.015339
"RG_BloomUpsample";0.020669;0.011462;0.046628;522;577;236;10;10;12.3108899863437;0.01929606;0.013426;0.021992;638;1;1;1;638;1;0.011462;0.046628;577;236;0.013295
"PreUpdate.SendMouseEvents";0.020639;0.012183;0.08521;627;571;59;3;3;14.8922079531476;0.02334202;0.017553;0.024065;638;1;1;1;638;1;0.012183;0.08521;571;59;0.016411
"Monobehaviour.OnMouse_";0.020429;0.012053;0.084309;237;571;59;4;4;14.7382479803637;0.0231007;0.017323;0.023865;638;1;1;1;638;1;0.012053;0.084309;571;59;0.016291
"SRPBShadow.ApplyShader";0.019737;0.008766;0.108785;359;637;338;14;14;12.3859499767423;0.01941372;0.014928;0.022973;638;1;1;1;638;1;0.008766;0.108785;637;338;0.012504
"UnityEngine.InputLegacyModule.dll!UnityEngine::SendMouseEvents.DoSendMouseEvents() [Invoke]";0.019537;0.011552;0.079981;177;571;82;5;5;14.0753479413688;0.02206167;0.016491;0.022893;638;1;1;1;638;1;0.011552;0.079981;571;82;0.01578
"Inl_RG_BloomUpsample";0.019296;0.007785;0.097925;204;537;339;9;9;11.1808759616688;0.01752488;0.011551;0.020729;638;1;1;1;638;1;0.007785;0.097925;537;339;0.009939
"Blit Color LUT";0.019086;0.009408;0.04768;361;547;234;9;9;11.2982839653268;0.01770891;0.012894;0.020298;638;1;1;1;638;1;0.009408;0.04768;547;234;0.011632
"ColorGradingLUT";0.018194;0.008947;0.046938;414;547;234;10;10;10.7994189448655;0.01692699;0.012334;0.019407;638;1;1;1;638;1;0.008947;0.046938;547;234;0.011091
"DrawSkybox";0.018164;0.009808;0.046468;481;577;131;9;9;10.8482809709385;0.01700358;0.012073;0.019356;638;1;1;1;638;1;0.009808;0.046468;577;131;0.011171
"Application.FlushRenderStats";0.018105;0.008757;0.097183;410;537;519;2;2;13.3965369723737;0.02099771;0.014738;0.023725;638;1;1;1;638;1;0.008757;0.097183;537;519;0.013265
"CopyColor";0.017493;0.009316999;0.081675;442;537;464;9;10;10.4992439951748;0.0164565;0.01084;0.018736;1276;2;2;2;638;1;0.004498;0.041649;537;464;0.010058
"Profiler.CollectLegacyStats";0.017323;0.008806;0.055494;12;494;122;2;2;11.8824169700965;0.01862448;0.014227;0.021932;638;1;1;1;638;1;0.008806;0.055494;494;122;0.019657
"UnityEngine.CoreModule.dll!::UpdateFunction.Invoke() [Invoke]";0.017062;0.008247;0.048363;322;344;450;4;4;10.7397920098156;0.01683353;0.011964;0.020279;5636;9;8;10;638;1;0.00041;0.027222;548;450;0.011691
"Inl_UniversalRenderPipeline.CreateRenderingData";0.016772;0.008325;0.050876;5;319;142;7;7;10.4893799843267;0.01644103;0.013335;0.019116;638;1;1;1;638;1;0.008325;0.050876;319;142;0.017132
"Profiler.FlushCountersWithFlushOnEndOfFrame";0.016752;0.005951;0.05837;165;612;72;2;2;13.5130749694072;0.02118037;0.009418;0.032721;638;1;1;1;638;1;0.005951;0.05837;612;72;0.009969
"Physics.FetchPhysXResults";0.015951;0.007294;0.060544;275;540;436;7;7;9.45828997250646;0.01781222;0.013135;0.019767;532;1;1;2;531;1;0.003988;0.060544;1;436;0.011501
"Camera.RenderSkybox";0.01571;0.008406;0.04229;249;537;131;10;10;9.3360789725557;0.01463335;0.010089;0.016661;638;1;1;1;638;1;0.008406;0.04229;537;131;0.009588
"Graphics.DrawProcedural";0.015232;0.009074;0.03360401;176;504;27;10;11;9.29933188576251;0.01457576;0.011349;0.016447;14674;23;23;23;638;1;0.00021;0.020368;420;27;0.00979
"BatchRenderer.Flush";0.015049;0.007384;0.041228;480;537;141;13;13;8.7924519800581;0.01378127;0.009258;0.01595;638;1;1;1;638;1;0.007384;0.041228;537;141;0.008717
"DrawScreenSpaceUI";0.014959;0.008424999;0.041026;337;537;298;9;9;9.19165395293385;0.01440698;0.0108;0.016011;1276;2;2;2;638;1;0.003918;0.030647;534;298;0.010921
"Inl_ComputeHashRenderGraph";0.014137;0.008276;0.034365;636;537;245;7;7;8.67996296845376;0.01360496;0.012142;0.014568;638;1;1;1;638;1;0.008276;0.034365;537;245;0.009357
"Inl_RenderPipeline.EndCameraRendering";0.014117;0.007824;0.032671;145;1;420;6;6;8.51599498558789;0.01334795;0.009447;0.015178;638;1;1;1;638;1;0.007824;0.032671;1;420;0.009388
"PostLateUpdate.UpdateAudio";0.013906;0.006212;0.067517;220;516;50;3;3;10.5670249904506;0.01656274;0.011151;0.018985;638;1;1;1;638;1;0.006212;0.067517;516;50;0.013886
"Inl_SSAO";0.013626;0.005961;0.042831;518;558;199;8;8;7.77865098929033;0.01219224;0.008607;0.014658;638;1;1;1;638;1;0.005961;0.042831;558;199;0.007053
"Inl_UniversalRenderPipeline.CreateCameraData";0.013124;0.006863;0.032281;43;455;179;6;6;7.79756197752431;0.01222188;0.010109;0.013615;638;1;1;1;638;1;0.006863;0.032281;455;179;0.014417
"Inl_Setup Camera Properties";0.013104;0.006913;0.035877;5;537;80;8;8;7.7486899481155;0.01214528;0.009367;0.013595;1276;2;2;2;638;1;0.001623;0.030477;182;80;0.007894
"UnityEngine.IMGUIModule.dll!UnityEngine::GUIUtility.SetSkin() [Invoke]";0.013094;0.009618;0.051106;626;22;168;3;3;8.74839197658002;0.01371221;0.011471;0.014838;638;1;1;1;638;1;0.009618;0.051106;22;168;0.011662
"FixedUpdate.Physics2DFixedUpdate";0.013045;0.007143;0.06377;336;607;26;3;3;7.71255997102708;0.01452459;0.01075;0.015499;532;1;1;2;531;1;0.001623;0.06377;1;26;0.009508
"AudioManager.Update";0.012744;0.00543;0.062869;405;516;50;4;4;9.63084199139848;0.01509536;0.010059;0.017433;638;1;1;1;638;1;0.00543;0.062869;516;50;0.012804
"Setup Camera Properties";0.012714;0.007123;0.089829;323;537;145;9;9;8.15606695832685;0.0127838;0.01052;0.014176;1276;2;2;2;638;1;0.001403;0.086242;320;145;0.009518
"Physics.SwapPhysXBuffersJob";0.012583;0.005751;0.04754;539;540;391;8;8;7.54604099458084;0.014211;0.01036;0.01579;532;1;1;2;531;1;0.003727;0.04754;1;391;0.009057
"Unity.RenderPipelines.Core.Runtime.dll!UnityEngine.Rendering::DebugUpdater.Update() [Invoke]";0.012484;0.006552;0.065062;325;538;44;5;5;9.02473097061738;0.01414535;0.009297;0.014647;638;1;1;1;638;1;0.006552;0.065062;538;44;0.010981
"Setup Forward Lights";0.012354;0.006201;0.033763;31;537;364;9;9;7.4826709702611;0.01172832;0.008526;0.013816;638;1;1;1;638;1;0.006201;0.033763;537;364;0.008455
"BeginRenderQueueExtraction";0.011972;0.00577;0.040315;30;637;193;8;9;7.29590298142284;0.01143558;0.008566;0.013075;1276;2;2;2;638;1;0.002294;0.033683;577;193;0.008065
"Inl_Draw Main Light Shadowmap";0.011833;0.006061;0.034535;331;577;196;8;8;6.92323397705331;0.01085146;0.008216;0.012324;638;1;1;1;638;1;0.006061;0.034535;577;196;0.007074
"EarlyUpdate.PhysicsResetInterpolatedTransformPosition";0.011793;3E-05;0.035106;25;11;586;3;3;7.2165309863085;0.01131118;0.009047;0.01579;638;1;1;1;638;1;3E-05;0.035106;11;586;0.010299
"Image.AllocateImageData";0.011742;0.008797;0.023615;136;31;16;6;6;0.131106001324952;0.0131106;0.01073;0.013956;10;1;1;1;10;1;0.008797;0.023615;31;16;0
"Shadows.ExtractShaderPassContext";0.011712;0.003657;0.029807;232;620;517;13;13;6.69144497998059;0.01048816;0.006653;0.013186;2552;4;4;4;638;1;0.000611;0.024897;521;517;0.00527
"Render.Mesh";0.01107;0.005641;0.035607;500;537;141;14;14;6.50619597546756;0.0101978;0.006932999;0.011784;3828;6;6;6;638;1;0.000511;0.025418;541;141;0.006374
"Profiler.CollectPhysicsStats";0.01087;0.00544;0.033553;379;511;586;4;4;6.00570099567994;0.01131017;0.008526;0.013555;531;1;1;1;531;1;0.00544;0.033553;511;586;0.008546
"Inl_CompileRenderGraph";0.01086;0.005861;0.038172;482;504;553;7;7;6.48311698390171;0.01016163;0.007855;0.011341;638;1;1;1;638;1;0.005861;0.038172;504;553;0.006542
"EditorConnection.CheckForIncomingConnections";0.010781;0.004999;0.062148;435;100;199;5;5;7.2994589805603;0.01144116;0.008767;0.013145;638;1;1;1;638;1;0.004999;0.062148;100;199;0.008085
"RG_UberPost";0.010279;0.00547;0.065974;312;36;394;9;9;6.15963198570535;0.009654596;0.006292;0.01095;638;1;1;1;638;1;0.00547;0.065974;36;394;0.005801
"MoonsAndStars.Planets.dll!MoonsAndStars.Assets.Code.Scripts.Planets::LodCalculator.CheckLodOnPlanets() [Coroutine: MoveNext] [Invoke]";0.01019;0.006011;0.046588;574;503;100;5;5;1.19487799750641;0.01219263;0.008466;0.013035;98;1;1;1;98;5;0.006011;0.046588;503;100;0
"Inl_UniversalRenderPipeline.InitializeAdditionalCameraData";0.010159;0.00534;0.025258;489;577;110;6;6;6.11794097814709;0.009589249;0.007765;0.01058;638;1;1;1;638;1;0.00534;0.025258;577;110;0.009808
"PostLateUpdate.PlayerUpdateCanvases";0.009989;0.0057;0.043773;81;531;56;3;3;7.46481597935781;0.01170034;0.007564;0.013295;638;1;1;1;638;1;0.0057;0.043773;531;56;0.008386
"RG_BloomPrefilter";0.009788;0.00502;0.022061;162;490;132;10;10;5.76906898804009;0.009042428;0.005991;0.01052;638;1;1;1;638;1;0.00502;0.022061;490;132;0.00558
"Inl_RG_UberPostSetupBloomPass";0.009738;0.004028;0.028384;85;539;144;9;9;5.94452998274937;0.009317446;0.008225;0.010229;638;1;1;1;638;1;0.004028;0.028384;539;144;0.005491
"PrepareSceneNodes";0.009258;0.003456;0.035196;145;547;51;9;9;5.36181899392977;0.008404105;0.0052;0.009689;638;1;1;1;638;1;0.003456;0.035196;547;51;0.004819
"Inl_MainLightShadow";0.009247;0.00509;0.030979;195;577;196;9;9;5.4256809852086;0.008504203;0.006483;0.009619;638;1;1;1;638;1;0.00509;0.030979;577;196;0.005651
"Inl_ScriptableRenderer.SetPerCameraShaderVariables";0.008837;0.00481;0.030046;188;537;80;9;9;5.34904698142782;0.008384086;0.006452;0.009217;1276;2;2;2;638;1;0.001122;0.025868;499;80;0.005691
"UpdateReflectionProbeAtlas";0.008556;0.004338;0.029917;352;537;364;10;10;5.27879198361188;0.008273968;0.006101;0.009518;638;1;1;1;638;1;0.004338;0.029917;537;364;0.005911
"Assembly-CSharp.dll!MoonsAndStars.Assets.Code.Scripts.Players.Input::ShipController.Update() [Invoke]";0.008365;0.004548;0.044293;114;578;28;5;5;6.19670597463846;0.009712705;0.006392;0.010089;638;1;1;1;638;1;0.004548;0.044293;578;28;0.007584
"UnityEngine.UI.dll!UnityEngine.EventSystems::EventSystem.Update() [Invoke]";0.008256;0.004028;0.036249;282;538;32;5;5;6.03366799000651;0.00945716;0.006663;0.010069;638;1;1;1;638;1;0.004028;0.036249;538;32;0.006953
"PlayerEndOfFrame";0.008145;0.001934;0.722892;402;4;136;3;3;20.9526629595784;0.03284116;0.006132;0.008887;638;1;1;1;638;1;0.001934;0.722892;4;136;0.006793
"VolumeManager.ReplaceData";0.008145;0.003586;0.028383;579;537;624;8;8;4.6982019871939;0.007363953;0.004759;0.008496;638;1;1;1;638;1;0.003586;0.028383;537;624;0.004618
"Audio.FMODSystemUpdate";0.008095;0.002875;0.049463;483;548;50;5;5;6.28561097872443;0.009852055;0.006372;0.011151;638;1;1;1;638;1;0.002875;0.049463;548;50;0.008636
"Physics.PublishResultsStage";0.008055;0.004558;0.037921;141;564;83;4;4;4.80494198622182;0.009048855;0.006773;0.009929;532;1;1;2;531;1;0.002254;0.037921;1;83;0.005721
"EarlyUpdate.InsightsUpdate";0.007985;0.003286;0.030457;167;447;14;3;3;5.5110119858291;0.00863795;0.005991;0.01095;638;1;1;1;638;1;0.003286;0.030457;447;14;0.006342
"Profiler.CollectAudioStats";0.007815;0.003617;0.044123;144;182;537;3;3;5.46637397864833;0.008567984;0.006182;0.01025;1276;2;2;2;638;1;0.001483;0.041508;267;537;0.009128001
"UIEvents.WillRenderCanvases";0.007765;0.004428;0.038863;611;24;307;4;4;5.91533698374406;0.009271688;0.005951;0.010459;638;1;1;1;638;1;0.004428;0.038863;24;307;0.006713
"Inl_UniversalRenderPipeline.SetupPerCameraShaderConstants";0.007645;0.003186;0.027632;162;577;179;7;7;4.57565498864278;0.007171873;0.005461;0.007955;638;1;1;1;638;1;0.003186;0.027632;577;179;0.00553
"Inl_RG_BloomSetup";0.007574;0.003627;0.018124;201;455;552;9;9;4.68351398594677;0.007340931;0.006402;0.007995;638;1;1;1;638;1;0.003627;0.018124;455;552;0.004018
"EditorResources.Load";0.007524;0.005891;0.032992;191;552;168;4;4;5.11417398089543;0.008015946;0.006893;0.008546;638;1;1;1;638;1;0.005891;0.032992;552;168;0.006843
"UGUI.Rendering.UpdateBatches";0.007515;0.004187;0.038573;123;24;307;5;5;5.70397198852152;0.008940395;0.00568;0.010219;638;1;1;1;638;1;0.004187;0.038573;24;307;0.006543
"MeshRendererFinalizeUpdate";0.007053;0.004198;0.017513;15;24;3;5;5;0.350059995893389;0.007448085;0.005761;0.008426;47;1;1;1;47;1;0.004198;0.017513;24;3;0
"PrepareSceneCullingParameters";0.007023;0.003236;0.025107;636;577;287;8;8;4.25940799177624;0.006676188;0.00499;0.007354;638;1;1;1;638;1;0.003236;0.025107;577;287;0.004829
"Shadows.CullDirectionalShadowCasters";0.006833;0.003276;0.028043;483;637;51;10;10;4.24942099559121;0.006660535;0.00534;0.007264;638;1;1;1;638;1;0.003276;0.028043;637;51;0.00545
"Inl_UniversalRenderPipeline.CreateShadowData";0.006653;0.003196;0.029986;323;506;470;8;8;4.36432998813689;0.006840643;0.00542;0.008125;638;1;1;1;638;1;0.003196;0.029986;506;470;0.008616
"Inl_RG_UberPost";0.006643;0.003797;0.038042;484;539;238;8;8;4.15712898713537;0.006515876;0.00525;0.007204;638;1;1;1;638;1;0.003797;0.038042;539;238;0.004338
"LowLevelPhysics2D.PhysicsWorld.SimulateBatch";0.006612;3E-05;0.033763;340;11;26;4;4;4.2811610412391;0.006710284;0.00501;0.008195;1170;2;1;3;638;1;2E-05;0.033743;1;26;0.004889
"FixedUpdate.NewInputFixedUpdate";0.006512;0.004378;0.027081;137;280;514;3;3;3.81870998581871;0.007191544;0.005721;0.007695;532;1;1;2;531;1;0.003566;0.027081;1;514;0.006152
"EarlyUpdate.ProcessRemoteInput";0.006492;0.002845;0.026931;64;511;423;3;3;4.2883069855161;0.006721484;0.004909;0.007945;638;1;1;1;638;1;0.002845;0.026931;511;423;0.004068
"Profiler.SessionMetadata";0.006425;0.006425;0.007697;2;2;1;1;1;0.0141219994984567;0.007061;0.006425;0.006425;28;14;14;14;2;1;6E-05;0.002024;1;1;0
"ProcessRemoteInput";0.006352;0.002785;0.026881;158;511;423;4;4;4.20098399394192;0.006584615;0.004779;0.007764;638;1;1;1;638;1;0.002785;0.026881;511;423;0.004028
"Material.SetPassFast";0.006302;0.002845;0.02662;348;537;131;11;11;3.73447998915799;0.005853417;0.003747;0.006923;638;1;1;1;638;1;0.002845;0.02662;537;131;0.003286
"Inl_Initialize Frame";0.006221;0.003547;0.034515;4;541;585;8;8;3.76494498876855;0.005901168;0.004769;0.006493;638;1;1;1;638;1;0.003547;0.034515;541;585;0.004017
"PreLateUpdate.ParticleSystemBeginUpdateAll";0.006181;0.003687;0.037681;583;547;50;3;3;4.77676698425785;0.007487095;0.005129;0.007945;638;1;1;1;638;1;0.003687;0.037681;547;50;0.003827
"LowLevelPhysics2D.PhysicsWorld.Simulate";0.006131;0.003336;0.030437;210;511;26;5;5;3.74321199045517;0.007049364;0.005099;0.007474;532;1;1;2;531;1;0.000861;0.030437;1;26;0.004228
"StdRender.ApplyShader";0.006121;0.003096;0.012353;323;490;150;13;13;3.59436899237335;0.005633807;0.003717;0.006543;638;1;1;1;638;1;0.003096;0.012353;490;150;0.003476
"FrameEvents.NewInputBeforeRenderUpdate";0.006051;0.001382;0.014508;565;197;457;3;3;3.44680298969615;0.005402512;0.003667;0.006472;638;1;1;1;638;1;0.001382;0.014508;197;457;0.003636
"TimeUpdate.WaitForLastPresentationAndUpdateTime";0.006031;0.002745;0.040657;571;538;47;3;3;3.9419229903724;0.006178563;0.004248;0.007525;638;1;1;1;638;1;0.002745;0.040657;538;47;0.004298
"EngineJob";0.005951;0.00023;0.043962;117;450;518;7;14;4.88348799137748;0.007851267;0.004108;0.009119;3530;5;1;13;622;1;6E-05;0.039284;2;466;0.003336
"ParticleSystem.Update";0.005901;0.003457;0.036338;123;547;50;4;4;4.5446799932979;0.007123323;0.004869;0.007585;638;1;1;1;638;1;0.003457;0.036338;547;50;0.003657
"Inl_CopyColor";0.005881;0.002675;0.022813;330;546;447;8;9;3.60701398807578;0.005653627;0.004248;0.006593;1276;2;2;2;638;1;0.001021;0.012003;251;447;0.003887
"EditorConnection.PollAllCustomMessages";0.005681;0.001423;0.029455;574;347;185;5;5;3.81629298697226;0.005981651;0.003277;0.008155;638;1;1;1;638;1;0.001423;0.029455;347;185;0.00485
"FixedUpdate.AudioFixedUpdate";0.00544;0.002715;0.024286;173;635;579;3;3;3.08369599259458;0.005807337;0.004348;0.006843;532;1;1;2;531;1;0.000731;0.024286;1;579;0.004749
"InputSystemPlayerLoopRunnerInitializationSystem";0.00541;0.002635;0.017083;492;89;467;3;3;3.59236698923633;0.005630669;0.003997;0.006703;638;1;1;1;638;1;0.002635;0.017083;89;467;0.003767
"UnityEngine.InputModule.dll!UnityEngineInternal.Input::NativeInputSystem.ShouldRunUpdate() [Invoke]";0.005391;0.001774;0.019336;461;167;514;4;4;3.26338599575683;0.005115025;0.003707;0.005931;1808;3;2;4;638;1;0.0002;0.0159;1;514;0.003807
"afterCullingOutputReady.Invoke";0.005359;0.003266;0.021491;306;620;13;8;10;3.49197198566981;0.00547331;0.004599;0.006192;1276;2;2;2;638;1;0.000822;0.020619;93;13;0.005231
"PhysX.ScScene.postBroadPhase2";0.00504;0.003066;0.023755;172;347;630;7;7;2.85804998525418;0.005382392;0.004338;0.005992;532;1;1;2;531;1;0.002746;0.023755;1;630;0.003286
"Inl_Setup Main Shadowmap";0.00502;0.002014;0.011542;198;537;26;9;9;2.95912998961285;0.004638135;0.003267;0.00544;638;1;1;1;638;1;0.002014;0.011542;537;26;0.003887
"ScheduleUpdateRendererBoundingVolumes";0.004979;0.003407;0.007635;13;45;43;4;4;0.238453999627382;0.005073489;0.004148;0.005731;47;1;1;1;47;1;0.003407;0.007635;45;43;0
"Inl_UpdateReflectionProbeAtlas";0.004929;0.002565;0.020309;223;230;510;10;10;2.9686929914169;0.004653124;0.003366;0.00516;638;1;1;1;638;1;0.002565;0.020309;230;510;0.002856
"LowLevelPhysics2D.PhysicsWorld.RenderWorlds";0.004799;0.002334;0.02119;29;516;420;7;7;2.8564149949234;0.00447714;0.003066;0.00512;638;1;1;1;638;1;0.002334;0.02119;516;420;0.002836
"AudioManager.FixedUpdate";0.004759;0.002404;0.02095;522;426;125;4;4;2.70392700051889;0.005092141;0.003777;0.006081;532;1;1;2;531;1;0.000631;0.02095;1;125;0.004278
"GUI.Repaint";0.004729;0.002635;0.013646;457;534;410;10;10;2.98486699350178;0.004678475;0.003647;0.00518;638;1;1;1;638;1;0.002635;0.013646;534;410;0.004077
"Inl_UniversalRenderPipeline.CreateLightData";0.004639;0.002294;0.032942;158;534;142;8;8;3.03245598939247;0.004753066;0.003637;0.0057;638;1;1;1;638;1;0.002294;0.032942;534;142;0.0052
"PhysX.FinalizeUpdateTask";0.004589;0.002575;0.013926;424;382;54;7;7;2.67229999904521;0.00503258;0.003927;0.005621;532;1;1;2;531;1;0.001292;0.013926;1;54;0.002956
"Inl_UniversalRenderPipeline.InitializeStackedCameraData";0.004558;0.002535;0.014367;234;637;179;7;7;2.78854699153453;0.004370763;0.003747;0.004809;638;1;1;1;638;1;0.002535;0.014367;637;179;0.005551
"AssetDatabase.GetGUIDFromAssetPathV2";0.004549;0.003377;0.019006;120;592;168;5;5;3.13809098303318;0.004918638;0.004228;0.005179;1276;2;2;2;638;1;0.000721;0.014668;525;168;0.004509
"PreLateUpdate.UIElementsUpdatePanels";0.004538;0.002345;0.02658;441;538;57;3;3;3.57516399724409;0.005603706;0.003677;0.005901;638;1;1;1;638;1;0.002345;0.02658;538;57;0.003396
"Profiler.FlushRenderCounters";0.004528;0.002745;0.082646;117;537;519;3;3;3.56197298876941;0.00558303;0.003807;0.00534;638;1;1;1;638;1;0.002745;0.082646;537;519;0.003797
"Physics.Raycast";0.004438;0.002324;0.027371;429;581;619;6;6;3.54605199606158;0.005558075;0.003787;0.006081;638;1;1;1;638;1;0.002324;0.027371;581;619;0.003546
"Physics.PrepareSimulationStage";0.004408;0.002414;0.013936;26;515;97;4;4;2.56330099678598;0.004827309;0.003657;0.005661;532;1;1;2;531;1;0.000762;0.013936;1;97;0.002655
"PhysX.NpScene.execution";0.004368;0.002093;0.016852;26;635;238;7;7;2.58659099577926;0.00487117;0.003606;0.005952;532;1;1;2;531;1;0.00017;0.016852;1;238;0.004067
"Audibility computation";0.004268;0.000862;0.03199;473;108;50;6;6;3.2501559885568;0.005094288;0.003176;0.005951;638;1;1;1;638;1;0.000862;0.03199;108;50;0.00497
"Update.ScriptRunDelayedTasks";0.004248;0.002164;0.02642;34;503;44;3;3;3.27233198145404;0.005129047;0.003257;0.00551;638;1;1;1;638;1;0.002164;0.02642;503;44;0.003927
"EarlyUpdate.UpdatePreloading";0.004167;0.001793;0.019236;289;239;97;3;3;2.75283199117985;0.004314783;0.003065;0.005119;638;1;1;1;638;1;0.001793;0.019236;239;97;0.003777
"Profiler.ScreenshotUpdate";0.004158;0.00027;0.718704;155;10;136;4;4;18.5815359461994;0.02912466;0.003486;0.004599;638;1;1;1;638;1;0.00027;0.718704;10;136;0.004188
"Loading.UpdatePreloading";0.004028;0.001753;0.019186;70;239;97;4;4;2.64388598885853;0.004144022;0.002966;0.00488;638;1;1;1;638;1;0.001753;0.019186;239;97;0.003727
"Physics.SendEvents";0.003897;0.002114;0.022021;355;538;83;5;5;2.38382499082945;0.004489312;0.003387;0.00491;532;1;1;2;531;1;0.001793;0.022021;1;83;0.003056
"ReflectionProbeAnchorManagerUpdate";0.003787;0.001393;0.013416;464;577;163;8;10;2.30847199179698;0.003618295;0.002585;0.004138;1914;3;3;3;638;1;0.0001;0.011292;626;356;0.002796
"Initialization.DirectorSampleTime";0.003787;0.001543;0.025458;305;538;40;3;3;2.54276199848391;0.00398552;0.002655;0.004849;638;1;1;1;638;1;0.001543;0.025458;538;40;0.003006
"DestroyCullResults";0.003777;0.002254;0.048832;345;586;427;3;3;2.47270899219438;0.003875719;0.002946;0.004198;638;1;1;1;638;1;0.002254;0.048832;586;427;0.002835
"PhysX.UpdateContinuationTask";0.003777;0.002044;0.01602;391;540;191;7;7;2.18364898837171;0.004112334;0.003156;0.004729;532;1;1;2;531;1;0.002044;0.01602;540;191;0.004498
"Unity.RenderPipelines.Core.Runtime.dll!UnityEngine.Rendering::Volume.Update() [Invoke]";0.003747;0.002014;0.018054;237;578;31;5;5;2.74750798777677;0.004306439;0.003096;0.004779;638;1;1;1;638;1;0.002014;0.018054;578;31;0.002495
"UnityEngine.CoreModule.dll!UnityEngine::UnitySynchronizationContext.ExecuteTasks() [Invoke]";0.003727;0.001823;0.021861;476;503;44;4;4;2.86642199079506;0.004492824;0.002835;0.004879;638;1;1;1;638;1;0.001823;0.021861;503;44;0.003607
"UnityEngine.UIElementsModule.dll!UnityEngine.UIElements::UIElementsRuntimeUtilityNative.UpdatePanels() [Invoke]";0.003717;0.001884;0.019046;102;1;44;4;4;2.89935099077411;0.004544437;0.002906;0.004879;638;1;1;1;638;1;0.001884;0.019046;1;44;0.002805
"RenderingCommandBuffer.PrepareKeywords";0.003689001;0.002015;0.02198;158;467;248;10;11;2.24422717723064;0.003517597;0.002622;0.004058;14674;23;23;23;638;1;3E-05;0.019707;1;248;0.002257
"NetworkInitialization";0.003657;0.001453;0.014478;232;187;157;3;3;2.40601699613035;0.003771187;0.002545;0.00487;638;1;1;1;638;1;0.001453;0.014478;187;157;0.001653
"PhysX.ScScene.updateDynamics";0.003657;0.001694;0.022292;324;257;173;7;7;2.13478399405722;0.004020309;0.002765;0.004589;532;1;1;2;531;1;0.00028;0.022292;1;173;0.002274
"Inl_ScriptableRenderer.SetupCullingParameters";0.003627;0.001623;0.014868;40;577;342;7;7;2.19699799048249;0.003443571;0.002565;0.003858;638;1;1;1;638;1;0.001623;0.014868;577;342;0.004519
"Physics.ReadTransforms";0.003586;0.001753;0.015269;56;382;83;5;5;2.16527099348605;0.004077723;0.002955;0.004469;532;1;1;2;531;1;0.000401;0.015269;1;83;0.002164
"PostLateUpdate.MemoryFrameMaintenance";0.003487;0.001934;0.031399;112;538;266;3;3;2.69265198975336;0.004220458;0.002816;0.004468;638;1;1;1;638;1;0.001934;0.031399;538;266;0.003487
"Physics.SyncTransforms";0.003436;0.001934;0.012845;579;515;97;5;5;2.03625199513044;0.00383475;0.002876;0.004399;532;1;1;2;531;1;0.000702;0.012845;1;97;0.002043
"PhysX.ScScene.islandInsertion";0.003427;0.001302;0.017743;214;183;54;7;7;2.03730200056452;0.003836727;0.002575;0.004419;532;1;1;2;531;1;0.00019;0.017743;1;54;0.003626
"EarlyUpdate.PlayerCleanupCachedData";0.003416;0.001463;0.012403;109;638;467;3;3;2.31520099251065;0.003628842;0.002575;0.004479;638;1;1;1;638;1;0.001463;0.012403;638;467;0.002495
"Director.SampleTime";0.003276;0.001312;0.024406;452;447;40;4;4;2.20395099907182;0.003454469;0.002265;0.004238;638;1;1;1;638;1;0.001312;0.024406;447;40;0.002595
"Cleanup Unused Cached Data";0.003256;0.001412;0.011792;164;638;467;4;4;2.21174099354539;0.003466679;0.002455;0.004278;638;1;1;1;638;1;0.001412;0.011792;638;467;0.002435
"PhysX.ScScene.advanceStep";0.003106;0.001353;0.029555;619;334;322;7;7;1.75168499560095;0.003298842;0.002114;0.003767;532;1;1;2;531;1;0.000251;0.029555;1;322;0.002555
"PreUpdate.WindUpdate";0.003086;0.001724;0.015159;459;173;49;3;3;2.26887798844837;0.003556235;0.002535;0.003788;638;1;1;1;638;1;0.001724;0.015159;173;49;0.002255
"PlayerCleanupCachedData";0.003066;0.001232;0.011752;413;638;467;5;5;2.10377499519382;0.003297453;0.002294;0.004138;638;1;1;1;638;1;0.001232;0.011752;638;467;0.002395
"PhysX.ScScene.destroyManagers";0.003065;0.001082;0.012243;33;633;212;7;7;1.73777299793437;0.003272642;0.002505;0.003667;532;1;1;2;531;1;0.001082;0.012243;633;212;0.002234
"PreUpdate.AIUpdate";0.003036;0.001593;0.014517;187;261;486;3;3;2.23794599424582;0.003507752;0.002505;0.003757;638;1;1;1;638;1;0.001593;0.014517;261;486;0.002575
"RenderLoop.CleanupNodeQueue";0.003034;0.001993;0.010361;302;305;477;4;10;1.98618998634629;0.00311315;0.002623;0.003395;4466;7;7;7;638;1;6E-05;0.008867;262;477;0.002272
"Inl_UniversalRenderPipeline.SetupPerFrameShaderConstants";0.003026;0.001463;0.011833;461;491;310;5;5;1.86565399484243;0.002924222;0.002224;0.003327;638;1;1;1;638;1;0.001463;0.011833;491;310;0.002235
"PostLateUpdate.UpdateAllRenderers";0.003005;0.001523;0.043923;161;538;7;3;3;2.86221699975431;0.004486233;0.002255;0.004098;638;1;1;1;638;1;0.001523;0.043923;538;7;0.002614
"Inl_UniversalRenderPipeline.GetMainLightIndex";0.003005;0.001282;0.030457;598;54;142;9;9;2.00028599251527;0.003135245;0.002354;0.003788;638;1;1;1;638;1;0.001282;0.030457;54;142;0.003025
"PhysX.PxsDynamics.solverSetupSolve";0.002996;0.001513;0.022232;28;540;83;7;7;1.82413899269886;0.00343529;0.002394;0.003737;532;1;1;2;531;1;0.000161;0.022232;1;83;0.001994
"Idle";0.002995;0.000642;0.053281;181;263;266;10;11;0.598605992447119;0.01247096;0.001052;0.019557;48;1;1;1;48;59;0.000642;0.053281;263;266;0
"UnityEngine.InputModule.dll!UnityEngineInternal.Input::NativeInputSystem.NotifyBeforeUpdate() [Invoke]";0.002976;0.002024;0.014437;607;341;439;4;4;1.7610949955415;0.003316563;0.002585;0.003617;532;1;1;2;531;1;0.001753;0.014437;1;439;0.002976
"UpdatePreloading";0.002965;0.001403;0.012373;319;239;487;5;5;2.00129699567333;0.003136829;0.002234;0.003707;638;1;1;1;638;1;0.001403;0.012373;239;487;0.002775
"UnityEngine.CoreModule.dll!UnityEngine.Experimental.Rendering::ScriptableRuntimeReflectionSystemWrapper.Internal_ScriptableRuntimeReflectionSystemWrapper_TickRealtimeProbes() [Invoke]";0.002946;0.001483;0.014006;326;566;209;3;3;2.15266999613959;0.003374091;0.002274;0.003687;638;1;1;1;638;1;0.001483;0.014006;566;209;0.002284
"Initialization.AsyncUploadTimeSlicedUpdate";0.002936;0.001152;0.015719;405;495;537;3;3;1.95206399238668;0.003059661;0.002054;0.003727;638;1;1;1;638;1;0.001152;0.015719;495;537;0.002184
"EarlyUpdate.Physics2DEarlyUpdate";0.002906;0.001392;0.011281;420;180;467;3;3;2.08647499606013;0.003270337;0.002425;0.003777;638;1;1;1;638;1;0.001392;0.011281;180;467;0.002905
"PreLateUpdate.AccessibilityUpdate";0.002866;0.001653;0.014337;414;277;50;3;3;2.25296598987188;0.003531295;0.002295;0.003777;638;1;1;1;638;1;0.001653;0.014337;277;50;0.002375
"PhysX.ScScene.rigidBodyNarrowPhase";0.002845;0.001423;0.022412;589;323;353;7;7;1.69112599431537;0.003184795;0.002274;0.003837;532;1;1;2;531;1;0.00029;0.022412;1;353;0.002154
"ApplyPass.PrepareKeywords";0.002795;0.001371;0.011824;514;280;98;12;15;1.74605499242898;0.002736763;0.002076;0.003256;3190;5;5;5;638;1;0.0001;0.010831;232;98;0.002104
"Inl_ScriptableRenderer.AddRenderPasses";0.002776;0.001383;0.007634;379;1;422;7;7;1.76544999424368;0.002767163;0.002334;0.003116;638;1;1;1;638;1;0.001383;0.007634;1;422;0.001713
"WaitForRenderJobs";0.002775;0.001512;0.024907;196;504;73;3;5;1.84143399226014;0.00288626;0.002314;0.003176;1914;3;3;3;638;1;0.00013;0.023094;62;73;0.001964
"PostLateUpdate.UpdateCustomRenderTextures";0.002766;0.001573;0.013516;73;517;437;3;3;2.07313699414954;0.003249431;0.002354;0.003466;638;1;1;1;638;1;0.001573;0.013516;517;437;0.001964
"FrameEvents.OnBeforeRenderCallback";0.002745;0.000962;0.008476;310;455;233;3;3;1.64423399558291;0.002577169;0.001934;0.003005;638;1;1;1;638;1;0.000962;0.008476;455;233;0.001884
"Physics.SendContactEvents";0.002685;0.001483;0.015008;118;256;83;6;6;1.65111999353394;0.003109454;0.002284;0.003356;532;1;1;2;531;1;0.000441;0.015008;1;83;0.001884
"SpeedTreeWindManager.Update";0.002655;0.001502;0.012583;34;173;49;4;4;1.94455699564423;0.003047895;0.002134;0.003227;638;1;1;1;638;1;0.001502;0.012583;173;49;0.001914
"UnityEngine.UIModule.dll!UnityEngine::Canvas.SendPreWillRenderCanvases() [Invoke]";0.002655;0.001433;0.019717;39;538;56;6;6;2.05373399378732;0.003219019;0.002023;0.003477;638;1;1;1;638;1;0.001433;0.019717;538;56;0.002204
"CullShadowCastersScriptable";0.002645;0.001593;0.038022;510;567;434;7;7;1.84317898901645;0.002888995;0.002435;0.003086;638;1;1;1;638;1;0.001593;0.038022;567;434;0.001913
"LowLevelPhysics2D.DrawWorld.CompileDrawResults";0.002645;0.001352;0.019567;605;587;420;8;8;1.6169279969763;0.00253437;0.001823;0.002925;638;1;1;1;638;1;0.001352;0.019567;587;420;0.001643
"CullSceneDynamicObjects";0.002465;0.001963;0.007334;539;505;423;11;11;0.650865997420624;0.002918682;0.002184;0.003417;223;1;1;1;223;2;0.001963;0.007334;505;423;0.002705
"UnityEngine.IMGUIModule.dll!UnityEngine::Event.Internal_MakeMasterEventCurrent() [Invoke]";0.002455;0.000992;0.008016;15;534;557;11;11;1.51533899537753;0.002375139;0.001803;0.002745;638;1;1;1;638;1;0.000992;0.008016;534;557;0.002124
"FindActiveLights";0.002425;0.000881;0.007424;30;362;61;10;10;1.40365699387621;0.002200089;0.001543;0.002555;638;1;1;1;638;1;0.000881;0.007424;362;61;0.001503
"UnityEngine.CoreModule.dll!UnityEngine.Rendering::RenderPipelineManager.HandleRenderPipelineChange() [Invoke]";0.002425;0.001162;0.02122;156;486;254;3;3;1.68250899459235;0.002637161;0.001994;0.002836;1276;2;2;2;638;1;0.000491;0.020429;455;254;0.001893
"PreUpdate.InputForUIUpdate";0.002415;0.001283;0.025869;438;538;19;3;3;1.8043129943544;0.002828077;0.002084;0.003066;638;1;1;1;638;1;0.001283;0.025869;538;19;0.001703
"Profiler.SerializeStats";0.002365;0.001242;0.013496;35;562;269;3;3;1.76251099666115;0.002762556;0.002014;0.003296;638;1;1;1;638;1;0.001242;0.013496;562;269;0.002164
"Physics.UpdateRigidbodies";0.002325;0.001142;0.012904;112;382;352;6;6;1.43307399528567;0.002698821;0.001874;0.003005;532;1;1;2;531;1;0.000281;0.012904;1;352;0.001402
"NetworkEarlyUpdate";0.002274;0.000802;0.010559;563;1;553;3;3;1.60389599640621;0.002513943;0.001813;0.002966;638;1;1;1;638;1;0.000802;0.010559;1;553;0.001984
"Physics2D.Simulate";0.002244;0.001112;0.014858;431;538;486;4;4;1.38606999977492;0.002610301;0.001874;0.002895;532;1;1;2;531;1;0.00032;0.014858;1;486;0.002374
"Inl_ScriptableRenderer.ClearRenderingState";0.002234;0.001213;0.030147;46;20;585;9;9;1.38293499371503;0.00216761;0.001673;0.002424;638;1;1;1;638;1;0.001213;0.030147;20;585;0.001323
"CustomRenderTextures.Update";0.002234;0.001333;0.010891;272;234;437;4;4;1.64058099675458;0.002571444;0.001794;0.002785;638;1;1;1;638;1;0.001333;0.010891;234;437;0.001633
"MoonsAndStars.Planets.dll!MoonsAndStars.Assets.Code.Scripts.Planets::PlanetMeshGenerator.Update() [Invoke]";0.002233;0.000982;0.134153;356;618;118;5;5;10.4430089513771;0.01636835;0.001613;0.038972;3190;5;5;5;638;1;9E-05;0.052519;6;118;0.001523
"PhysX.PxsDynamics.solverStart";0.002194;0.001102;0.01063;61;382;62;7;7;1.29961399897002;0.002447484;0.001764;0.002756;532;1;1;2;531;1;0.00021;0.01063;1;62;0.002665
"LowLevelPhysics2D.PhysicsWorld.PreSimulate";0.002144;0.001142;0.015509;327;607;611;6;6;1.35350899759214;0.002548981;0.001773;0.002836;532;1;1;2;531;1;0.00032;0.015509;1;611;0.001493
"FrameEvents.XRBeginFrame";0.002134;0.000771;0.011873;116;52;186;3;3;1.2642679992714;0.001981611;0.001473;0.002275;638;1;1;1;638;1;0.000771;0.011873;52;186;0.001483
"NetworkPreUpdate";0.002134;0.000872;0.012533;263;1;59;3;3;1.55191799561726;0.002432473;0.001663;0.002675;638;1;1;1;638;1;0.000872;0.012533;1;59;0.001863
"Application.Integrate Assets in Background";0.002124;0.001092;0.011943;220;183;487;6;6;1.4508779940661;0.002274103;0.001583;0.002696;638;1;1;1;638;1;0.001092;0.011943;183;487;0.002174
"EarlyUpdate.UpdateCanvasRectTransform";0.002114;0.001132;0.009668;154;344;467;3;3;1.58539499447215;0.002484945;0.001743;0.002836;638;1;1;1;638;1;0.001132;0.009668;344;467;0.001824
"Inl_RG_BloomPrefilter";0.002104;0.000852;0.012374;192;598;46;9;9;1.34394299378619;0.002106494;0.001403;0.002484;638;1;1;1;638;1;0.000852;0.012374;598;46;0.001112
"ExecuteRenderQueueJob";0.002104;0.001493;0.041168;476;472;466;11;12;2.24659800250083;0.004328705;0.001833;0.002525;568;1;1;2;519;2;0.001473;0.039044;408;466;0
"UI.RenderOverlays";0.002084;0.001012;0.008816;183;537;14;10;10;1.30473899934441;0.002045045;0.001533;0.002284;638;1;1;1;638;1;0.001012;0.008816;537;14;0.001492
"Inl_DrawOpaqueObjects";0.002074;0.001232;0.006142;354;448;210;8;8;1.2984910007799;0.002035252;0.001713;0.002214;638;1;1;1;638;1;0.001232;0.006142;448;210;0.001463
"MoonsAndStars.GamePlay.dll!MoonsAndStars.Assets.Code.Scripts.GamePlay.Player::FrustumCuller.Update() [Invoke]";0.002043;0.000952;0.013887;147;581;132;5;5;1.66292199358577;0.002606461;0.001473;0.003287;638;1;1;1;638;1;0.000952;0.013887;581;132;0.000952
"UnityEngine.CoreModule.dll!UnityEngine::Application.InvokeOnBeforeRender() [Invoke]";0.002024;0.000611;0.007745;45;455;233;4;4;1.20149799663341;0.001883226;0.001363;0.002254;638;1;1;1;638;1;0.000611;0.007745;455;233;0.001463
"EarlyUpdate.ClearLines";0.002013;0.000781;0.007554;301;515;384;3;3;1.38300399569562;0.002167718;0.001482;0.002675;638;1;1;1;638;1;0.000781;0.007554;515;384;0.002665
"AudioProfiler.CaptureFrame";0.001984;0.000671;0.021791;355;588;74;4;4;1.51855499262456;0.00238018;0.001343;0.002946;638;1;1;1;638;1;0.000671;0.021791;588;74;0.001603
"UnityEngine.AccessibilityModule.dll!UnityEngine.Accessibility::AccessibilityManager.Internal_Update() [Invoke]";0.001974;0.000971;0.01036;64;620;50;4;4;1.51574899390107;0.002375782;0.001463;0.002574;638;1;1;1;638;1;0.000971;0.01036;620;50;0.001653
"PhysX.ScScene.islandGen";0.001954;0.001002;0.009197;375;320;381;7;7;1.13661099551246;0.00214051;0.001673;0.002294;532;1;1;2;531;1;0.001002;0.009197;320;381;0.002054
"TransformChangeSystem";0.001943;0.0008210001;0.012092;169;548;44;4;9;1.54949497786583;0.002428676;0.001504;0.002556;7917;13;9;18;638;1;2E-05;0.007524;1;43;0.001435
"AsyncUploadManager.AsyncResourceUploadAll";0.001924;0.000931;0.015059;369;5;537;4;8;1.34006499190582;0.002100415;0.001433;0.002535;1276;2;2;2;638;1;0.00011;0.014808;1;537;0.001744
"PhysX.ScScene.processLostContact";0.001894;0.000972;0.011231;524;186;538;7;7;1.11303199559916;0.002096105;0.001483;0.002414;532;1;1;2;531;1;0.000972;0.011231;186;538;0.001793
"PrepareUpdateRendererBoundingVolumes";0.001874;0.000921;0.008837;103;597;50;4;10;1.33440298610367;0.002091541;0.001534;0.002364;3190;5;5;5;638;1;7E-05;0.00527;154;50;0.000921
"ReflectionProbeAnchorPositionUpdate";0.001833;0.000541;0.011291;222;54;163;9;11;1.11749899399001;0.001751566;0.001222;0.002014;1914;3;3;3;638;1;6E-05;0.009548;68;163;0.001453
"EarlyUpdate.ExecuteMainThreadJobs";0.001823;0.000752;0.015369;18;239;331;3;3;1.33836899581365;0.002097757;0.001453;0.002505;638;1;1;1;638;1;0.000752;0.015369;239;331;0.001432
"Initialization.XREarlyUpdate";0.001813;0.000801;0.021321;357;629;567;3;3;1.2739789976622;0.001996832;0.001323;0.002454;638;1;1;1;638;1;0.000801;0.021321;629;567;0.002695
"UnityEngine.InputModule.dll!UnityEngineInternal.Input::NativeInputSystem.NotifyUpdate() [Invoke]";0.001804;0.001092;0.02099;610;564;196;4;4;1.09470199560747;0.002061586;0.001562;0.002225;532;1;1;2;531;1;0.000741;0.02099;1;196;0.001664
"AddDirectionalLights";0.001763;0.000811;0.013956;469;455;4;10;10;1.20651799667394;0.001891094;0.001242;0.001874;638;1;1;1;638;1;0.000811;0.013956;455;4;0.001192
"PhysX.ScScene.processLostContact2";0.001703;0.000761;0.012013;158;203;348;7;7;0.997891996870749;0.001879269;0.001353;0.002064;532;1;1;2;531;1;0.000761;0.012013;203;348;0.001042
"UGUI.Rendering.EmitWorldScreenspaceCameraGeometry";0.001703;0.000691;0.020057;293;197;94;3;4;1.08832299511414;0.001705835;0.001324;0.001903;1276;2;2;2;638;1;9E-05;0.019727;270;94;0.001183
"TerrainManager.CullAllTerrains";0.001693;0.000842;0.008687;17;230;523;8;8;1.03410699672531;0.001620857;0.001162;0.001834;638;1;1;1;638;1;0.000842;0.008687;230;523;0.001062
"UnityEngine.InputForUIModule.dll!UnityEngine.InputForUI::EventProvider.NotifyUpdate() [Invoke]";0.001684;0.000822;0.022623;631;538;19;4;4;1.25485599681269;0.001966859;0.001382;0.002124;638;1;1;1;638;1;0.000822;0.022623;538;19;0.001282
"PhysX.ScScene.afterIntegration";0.001683;0.000761;0.008826;150;540;57;7;7;1.00428199587623;0.001891303;0.001322;0.002164;532;1;1;2;531;1;0.000141;0.008826;1;57;0.00569
"EarlyUpdate.UpdateContentLoading";0.001663;0.000722;0.007083;49;440;329;3;3;1.14907999674324;0.001801066;0.001242;0.002194;638;1;1;1;638;1;0.000722;0.007083;440;329;0.001183
"PhysX.PostBroadPhaseStage2Task";0.001663;0.000671;0.01024;298;517;54;7;7;0.962720996059943;0.001813034;0.001302;0.002134;532;1;1;2;531;1;0.00029;0.01024;1;54;0.001252
"ScheduleShadowSplitMasksComputation";0.001653;0.001072;0.03686;458;553;434;8;8;1.21207599609625;0.001899806;0.001513;0.001983;638;1;1;1;638;1;0.001072;0.03686;553;434;0.001302
"UnityEngine.CoreModule.dll!UnityEngine.Rendering::SupportedRenderingFeatures.IsLightmapBakeTypeSupportedByRef() [Invoke]";0.001643;0.000732;0.02141;611;539;226;9;9;1.31041699869093;0.002053945;0.001322;0.002494;638;1;1;1;638;1;0.000732;0.02141;539;226;0.001443
"Inl_LightCookies";0.001623;0.000781;0.004098;450;577;393;10;10;1.00503699836554;0.001575293;0.001222;0.001794;638;1;1;1;638;1;0.000781;0.004098;577;393;0.001032
"PreUpdate.Physics2DUpdate";0.001613;0.000801;0.011642;433;579;241;3;3;1.42312999506248;0.002230611;0.001342;0.002515;638;1;1;1;638;1;0.000801;0.011642;579;241;0.001172
"PhysX.DirtyShapeUpdatesTask";0.001613;0.000751;0.009618;619;99;21;7;7;0.980634998646565;0.00184677;0.001282;0.002174;532;1;1;2;531;1;7E-05;0.009618;1;21;0.000872
"PhysX.ScScene.preRigidBodyNarrowPhase";0.001603;0.000762;0.006682;57;508;634;7;7;0.962137997383252;0.001811936;0.001342;0.002114;532;1;1;2;531;1;0.00016;0.006682;1;634;0.001122
"FixedUpdate.DirectorFixedUpdate";0.001603;0.000631;0.008456;192;540;7;3;3;0.938464997510891;0.001767354;0.001252;0.002164;532;1;1;2;531;1;0.000111;0.008456;1;7;0.001342
"CoroutinesDelayedCalls";0.001575;0.000642;0.216077;101;32;155;4;4;10.3425860134885;0.01621095;0.001272;0.002113;3084;5;4;6;638;1;3E-05;0.213953;2;155;0.001023
"PrepareSceneNodesSetUp";0.001563;3E-05;0.013545;283;256;184;12;12;0.696190987640875;0.001689784;0.00016;0.002675;1148;2;1;6;412;2;1E-05;0.013545;104;184;6.999999E-05
"PreLateUpdate.ConstraintManagerUpdate";0.001543;0.000791;0.010179;284;227;50;3;3;1.18363499594852;0.001855227;0.001072;0.001974;638;1;1;1;638;1;0.000791;0.010179;227;50;0.000972
"ReflectionProbes.Update";0.001533;0.000882;0.006332;219;267;209;4;4;1.15583399718162;0.001811652;0.001272;0.001953;638;1;1;1;638;1;0.000882;0.006332;267;209;0.001162
"Find dependency chain";0.001444;0.00041;0.017013;198;122;183;7;14;0.991704979649512;0.001554396;0.001182;0.001713;4351;7;2;10;638;1;2E-05;0.015259;529;183;0.0008940001
"NetworkPreLateUpdate";0.001442;0.000731;0.009898;329;538;56;3;3;1.13457599864341;0.001778332;0.001052;0.001893;638;1;1;1;638;1;0.000731;0.009898;538;56;0.001112
"LowLevelPhysics2D.DrawWorld.UpdateLifetimes";0.001432;0.000471;0.00494;210;180;34;4;4;1.01406299675;0.00158944;0.001092;0.001923;638;1;1;1;638;1;0.000471;0.00494;180;34;0.001903
"PhysX.ScScene.broadPhase";0.001432;0.000721;0.007133;417;281;432;7;7;0.859645998687483;0.001618919;0.001162;0.001863;532;1;1;2;531;1;0.000161;0.007133;1;432;0.000932
"UnityEngine.PhysicsModule.dll!UnityEngine::Physics.OnSceneContact() [Invoke]";0.001423;0.000741;0.009988;418;579;83;7;7;0.883077997190412;0.001663047;0.001223;0.001814;532;1;1;2;531;1;0.00027;0.009988;1;83;0.001112
"Inl_Set Motion Vector Global Matrices";0.001403;0.000711;0.008746;87;548;630;8;8;0.86267499794485;0.001352155;0.001012;0.001513;638;1;1;1;638;1;0.000711;0.008746;548;630;0.000962
"PhysX.ScScene.collideStep";0.001403;0.000651;0.006142;263;635;54;7;7;0.857786996348295;0.001615418;0.001143;0.001934;532;1;1;2;531;1;0.000111;0.006142;1;54;0.001062
"Profiler.CollectVideoStats";0.001403;0.000441;0.01061;574;537;421;3;3;1.03545999780181;0.001622978;0.001122;0.001924;638;1;1;1;638;1;0.000441;0.01061;537;421;0.001203
"GeneralConnection.Poll";0.001392;0.00026;0.005571;598;447;467;5;6;0.99442299886141;0.001558657;0.000951;0.002133;1276;2;2;2;638;1;0.00012;0.004509;228;467;0.001272
"NetworkUpdate";0.001373;0.000721;0.006342;570;279;58;3;3;1.01507699716603;0.00159103;0.001152;0.001703;638;1;1;1;638;1;0.000721;0.006342;279;58;0.001663
"SpeedTreeWindManager.UpdateGlobalAndLocalWinds";0.001353;0.000701;0.007103;132;354;49;5;5;1.01528699672781;0.001591359;0.001072;0.001653;638;1;1;1;638;1;0.000701;0.007103;354;49;0.001002
"LOD.ComputeLOD";0.001352;0.00053;0.014277;16;519;121;9;10;0.838731999334414;0.001314627;0.000972;0.001462;1276;2;2;2;638;1;8E-05;0.007594;519;121;0.000991
"NetworkFixedUpdate";0.001312;0.000641;0.004498;220;526;125;3;3;0.780806997150648;0.001470446;0.001072;0.001693;532;1;1;2;531;1;0.000641;0.004498;526;125;0.001052
"PostLateUpdate.PhysicsSkinnedClothBeginUpdate";0.001312;0.000741;0.024156;566;538;429;3;3;1.05461399682099;0.001653;0.001002;0.001753;638;1;1;1;638;1;0.000741;0.024156;538;429;0.001072
"NetworkPostScriptLateUpdate";0.001302;0.000591;0.008987;301;530;293;3;3;0.985806997050531;0.001545152;0.000882;0.001693;638;1;1;1;638;1;0.000591;0.008987;530;293;0.001122
"Inl_DrawScreenSpaceUI";0.001272;0.000622;0.008066;162;512;634;8;8;0.79988099867478;0.001253732;0.0009409999;0.001453;1276;2;2;2;638;1;0.00023;0.007675;3;634;0.000771
"NetworkPostLateUpdate";0.001262;0.000632;0.027883;86;523;450;3;3;0.983728997583967;0.001541895;0.000942;0.001613;638;1;1;1;638;1;0.000632;0.027883;523;450;0.001072
"AddCustomActiveLocalLights";0.001262;0.00049;0.010159;523;577;31;10;10;0.762752998038195;0.001195538;0.000862;0.001382;638;1;1;1;638;1;0.00049;0.010159;577;31;0.000892
"InputUpdate";0.001252;0.000701;0.020659;82;564;196;5;5;0.773684996820521;0.001457034;0.001072;0.001543;532;1;1;2;531;1;0.000551;0.020659;1;196;0.001162
"PreLateUpdate.Physics2DLateUpdate";0.001182;0.000672;0.011161;317;538;395;3;3;0.930494995729532;0.001458456;0.000972;0.001583;638;1;1;1;638;1;0.000672;0.011161;538;395;0.001703
"UnityEngine.AIModule.dll!UnityEngine.AI::NavMesh.Internal_CallOnNavMeshPreUpdate() [Invoke]";0.001153;0.000581;0.007764;485;528;271;4;4;0.848150998877827;0.00132939;0.000872;0.001373;638;1;1;1;638;1;0.000581;0.007764;528;271;0.000852
"PreLateUpdate.EndGraphicsJobsAfterScriptUpdate";0.001152;0.000791;0.023274;370;242;73;3;3;0.87832399859326;0.001376683;0.000992;0.001433;638;1;1;1;638;1;0.000791;0.023274;242;73;0.001102
"Renderers.OncePerFrameUpdate";0.001112;0.000521;0.006532;244;596;159;4;4;0.844589999120217;0.001323809;0.000872;0.001482;638;1;1;1;638;1;0.000521;0.006532;596;159;0.001222
"EndGraphicsJobs";0.001112;0.000752;0.023234;276;243;73;4;4;0.846531995397527;0.001326853;0.000962;0.001363;1276;2;2;2;638;1;3E-05;0.023204;3;73;0.001072
"UpdateScreenManagerAndInput";0.001112;0.000751;0.003186;350;153;152;3;3;0.776356998307165;0.00121686;0.000982;0.001353;638;1;1;1;638;1;0.000751;0.003186;153;152;0.000912
"EarlyUpdate.RendererNotifyInvisible";0.001102;0.000531;0.019747;275;6;379;3;3;0.814424999116454;0.001276528;0.000872;0.001443;638;1;1;1;638;1;0.000531;0.019747;6;379;0.000642
"PhysX.AABBManager::postBroadPhaseStage3";0.001093;0.000421;0.00518;143;83;239;7;7;0.656841997901211;0.001236991;0.000841;0.001473;532;1;1;2;531;1;0.000121;0.00518;1;239;0.000651
"PhysX.ScScene.updateCCDMultiPass";0.001092;0.000602;0.006332;31;524;57;7;7;0.646672998263966;0.00121784;0.000892;0.001283;532;1;1;2;531;1;0.00012;0.006332;1;57;0.002074
"Inl_Setup Additional Shadows";0.001092;0.000491;0.002214;121;563;381;9;9;0.701292999554425;0.001099205;0.000922;0.001242;638;1;1;1;638;1;0.000491;0.002214;563;381;0.000822
"LowLevelPhysics2D.PhysicsWorld.PostSimulate";0.001082;0.000551;0.008436;189;12;49;6;6;0.690042998408899;0.001299516;0.000882;0.001382;532;1;1;2;531;1;0.00021;0.008436;1;49;0.000601
"Physics.Interpolation";0.001081;0.000341;0.008345;300;517;559;4;4;0.733145997131942;0.001149132;0.000801;0.001402;1169;2;1;2;638;1;4E-05;0.008185;1;559;0.000641
"PreLateUpdate.ScriptRunBehaviourLateUpdate";0.001062;0.000451;0.00539;184;515;429;3;3;0.817942998139188;0.001282042;0.000781;0.001433;638;1;1;1;638;1;0.000451;0.00539;515;429;0.000791
"ClothManager.LateUpdate";0.001062;0.000581;0.007213;326;578;552;4;4;0.844574999529868;0.001323785;0.000822;0.001393;638;1;1;1;638;1;0.000581;0.007213;578;552;0.000862
"PhysX.ScScene.postSolver";0.001052;0.000411;0.008506;410;635;57;7;7;0.631959998572711;0.001190132;0.000832;0.001263;532;1;1;2;531;1;0.000181;0.008506;1;57;0.002315
"PreUpdate.PhysicsUpdate";0.001042;0.000501;0.011051;111;538;314;3;3;1.14725399803137;0.001798204;0.000832;0.001824;638;1;1;1;638;1;0.000501;0.011051;538;314;0.000982
"UnityEngine.CoreModule.dll!UnityEngine.Rendering::OnDemandRendering.GetRenderFrameInterval() [Invoke]";0.001042;0.000491;0.020859;156;242;252;3;3;0.743279997084755;0.001165016;0.000781;0.001392;638;1;1;1;638;1;0.000491;0.020859;242;252;0.001142
"Inl_Draw Additional Lights Shadowmap";0.001032;0.000571;0.008226;477;92;452;8;8;0.657498998800293;0.001030563;0.000841;0.001132;638;1;1;1;638;1;0.000571;0.008226;92;452;0.000761
"PreUpdate.IMGUISendQueuedEvents";0.001032;0.000641;0.005741;610;265;264;3;3;0.780050998961087;0.001222651;0.000902;0.001292;638;1;1;1;638;1;0.000641;0.005741;265;264;0.001503
"RenderTexture.GarbageCollectTemporary";0.001022;0.000441;0.004989;132;638;607;3;6;0.713282995653572;0.001117998;0.000801;0.001332;1276;2;2;2;638;1;3E-05;0.004869;464;607;0.000852
"Physics2D.SyncTransformChanges";0.001022;0.000501;0.009638;191;183;486;5;5;0.636046999541577;0.001197829;0.000851;0.001313;532;1;1;2;531;1;0.00027;0.009638;1;486;0.001373
"UnityEngine.Physics2DModule.dll!UnityEngine.LowLevelPhysics2D::PhysicsEvents.InvokePreSimulate() [Invoke]";0.001022;0.000511;0.014327;287;515;611;7;7;0.672028998262249;0.001265591;0.000802;0.001283;532;1;1;2;531;1;0.00021;0.014327;1;611;0.000722
"updateScene.Invoke";0.001012;0.000391;0.020679;540;277;460;3;3;0.805798998888349;0.001263008;0.000761;0.001353;638;1;1;1;638;1;0.000391;0.020679;277;460;0.000672
"Shadows.CullingCallbacks";0.001011;0.000711;0.003186;580;589;203;8;8;0.68136799900094;0.001067975;0.000912;0.001132;638;1;1;1;638;1;0.000711;0.003186;589;203;0.000831
"CullSceneDynamicObjectsCombineJob";0.000992;0.000431;0.010289;251;559;64;10;10;0.277162999147549;0.001242883;0.000691;0.001172;223;1;1;1;223;2;0.000431;0.010289;559;64;0.000531
"PostLateUpdate.RenderAs2DUpdate";0.000972;0.000351;0.009889;7;523;209;3;3;0.769202000024961;0.001205646;0.000752;0.001232;638;1;1;1;638;1;0.000351;0.009889;523;209;0.000721
"CleanUp.TextRenderingGarbageCollect";0.000972;0.00029;0.008796;332;638;342;6;6;0.694603998854291;0.001088721;0.000722;0.001302;638;1;1;1;638;1;0.00029;0.008796;638;342;0.000792
"PostLateUpdate.AccessibilityLateUpdate";0.000972;0.000481;0.006302;633;328;304;3;3;0.772293998859823;0.001210492;0.000811;0.001333;638;1;1;1;638;1;0.000481;0.006302;328;304;0.000782
"PhysX.ScScene.rigidBodySolver";0.000952;0.000451;0.004879;118;196;419;7;7;0.571448999253334;0.001076175;0.000792;0.001192;532;1;1;2;531;1;0.00013;0.004879;1;419;0.000611
"JobDebuggerFrameMaintenance";0.000942;0.000341;0.013806;313;6;331;4;4;0.72065099971951;0.001129547;0.000711;0.001302;638;1;1;1;638;1;0.000341;0.013806;6;331;0.000681
"PhysX.ScScene.processLostSolverPatchesTask";0.000931;0.000301;0.008766;491;55;62;7;7;0.542554998944979;0.001039377;0.000731;0.001113;523;1;1;2;522;1;5.1E-05;0.008766;1;62;0.000812
"Inl_DrawDepthNormalPrepass";0.000922;0.000401;0.009238;176;54;2;8;8;0.552262998593505;0.000865616;0.000581;0.001021;638;1;1;1;638;1;0.000401;0.009238;54;2;0.000501
"Inl_Forward+ Complete";0.000922;0.000602;0.00516;337;276;9;10;10;0.651329998567235;0.001020893;0.000821;0.001042;638;1;1;1;638;1;0.000602;0.00516;276;9;0.000862
"Shadows.SplitAndSortCasters";0.000921;0.0001;0.012393;632;295;142;15;15;0.648368994123302;0.001086045;0.000391;0.001594;1475;2;1;4;597;1;7E-05;0.010861;2;142;0.00017
"PhysX.PxsDynamics.preIntegrate";0.000921;0.000461;0.00531;156;426;62;7;7;0.555016998550855;0.00104523;0.000761;0.001162;532;1;1;2;531;1;8E-05;0.00531;1;62;0.001022
"PreUpdate.UpdateVideo";0.000921;0.00042;0.008747;370;538;615;3;3;0.700401998066809;0.001097809;0.000751;0.001112;638;1;1;1;638;1;0.00042;0.008747;538;615;0.000822
"CullObjectsWithoutUmbra";0.000902;0.000631;0.002885;9;210;84;12;12;0.248073999828193;0.001112439;0.000762;0.001242;223;1;1;1;223;2;0.000631;0.002885;210;84;0.001082
"EarlyUpdate.UpdateAsyncInstantiate";0.000902;0.00035;0.007113;438;510;319;3;3;0.653775999409845;0.001024727;0.000692;0.001193;638;1;1;1;638;1;0.00035;0.007113;510;319;0.000651
"PhysX.ScScene.postBroadPhase";0.000872;0.000381;0.014116;123;183;148;7;7;0.504201999865472;0.0009513245;0.000641;0.001062;531;1;1;2;530;1;0.00012;0.014116;1;148;0.000621
"EarlyUpdate.UnityWebRequestUpdate";0.000872;0.000371;0.006202;274;563;25;3;3;0.630676999338903;0.000988522;0.000681;0.001142;638;1;1;1;638;1;0.000371;0.006202;563;25;0.000741
"PhysX.ThirdPassIslandGenTask";0.000862;0.000361;0.00506;177;474;480;7;7;0.558681998052634;0.001052132;0.000701;0.001093;532;1;1;2;531;1;0.00015;0.00506;1;480;0.001714
"DrawTransparentObjects";0.000852;0.000541;0.004809;295;196;66;9;9;0.581872999318875;0.0009120266;0.000732;0.000992;638;1;1;1;638;1;0.000541;0.004809;196;66;0.000751
"PreUpdate.NewInputUpdate";0.000841;0.00034;0.00525;339;1;223;3;3;0.625885998510057;0.0009810126;0.000691;0.001082;638;1;1;1;638;1;0.00034;0.00525;1;223;0.000671
"Inl_DrawTransparentObjects";0.000831;0.000471;0.006041;399;56;554;8;8;0.534497998829465;0.0008377712;0.000621;0.000982;638;1;1;1;638;1;0.000471;0.006041;56;554;0.000551
"UIEvents.UpdateCanvasRectTransform";0.000822;0.000301;0.009177;215;102;353;4;4;0.591738998220535;0.0009274906;0.000731;0.000962;638;1;1;1;638;1;0.000301;0.009177;102;353;0.000761
"MoonsAndStars.Planets.dll!MoonsAndStars.Assets.Code.Scripts.Planets::LodCalculator.CheckVisiblePlanets() [Coroutine: System.Collections.IEnumerator.get_Current] [Invoke]";0.000802;0.000261;0.003837;37;547;233;5;5;0.0980339996167459;0.001000347;0.000611;0.001163;98;1;1;1;98;5;0.000261;0.003837;547;233;0
"Physics2D.CollectProfileInfo";0.000802;0.000401;0.009738;404;166;395;4;4;0.651556998025626;0.001021249;0.000601;0.001102;638;1;1;1;638;1;0.000401;0.009738;166;395;0.001443
"EarlyUpdate.AnalyticsCoreStatsUpdate";0.000801;0.00035;0.008295;368;24;12;3;3;0.601455998374149;0.000942721;0.000611;0.001122;638;1;1;1;638;1;0.00035;0.008295;24;12;0.000782
"GarbageCollector.CollectIncremental";0.000792;0.00018;0.004519;439;55;467;4;4;0.579344999539899;0.0009080642;0.000561;0.001153;638;1;1;1;638;1;0.00018;0.004519;55;467;0.000471
"UnityEngine.UIModule.dll!UnityEngine::Canvas.SendWillRenderCanvases() [Invoke]";0.000791;0.000321;0.009398;606;548;345;6;6;0.629961998405633;0.0009874012;0.000561;0.001052;638;1;1;1;638;1;0.000321;0.009398;548;345;0.000962
"Physics.UpdateArticulations";0.000782;0.000371;0.007334;44;3;88;6;6;0.487702998652821;0.0009184614;0.000641;0.000961;532;1;1;2;531;1;4E-05;0.007334;1;88;0.000561
"CullResultsToNativeArrays";0.000781;0.00032;0.015238;159;455;609;8;8;0.538445999409305;0.0008439592;0.000651;0.000991;638;1;1;1;638;1;0.00032;0.015238;455;609;0.000721
"Inl_Setup Debug Properties";0.000781;0.00037;0.018575;307;455;203;8;8;0.493371997465147;0.0007733103;0.000601;0.000822;638;1;1;1;638;1;0.00037;0.018575;455;203;0.000612
"TimeManager.Update";0.000772;0.000261;0.00535;212;192;467;4;4;0.557868998963386;0.0008744028;0.000591;0.001042;638;1;1;1;638;1;0.000261;0.00535;192;467;0.000721
"Profiler.CollectEditorStats";0.000772;0.00028;0.003456;508;582;132;1;1;0.571783998806495;0.0008962132;0.000581;0.001092;638;1;1;1;638;1;0.00028;0.003456;582;132;0.001232
"PostLateUpdate.TriggerEndOfFrameCallbacks";0.000771;0.00034;0.004579;61;581;69;3;3;0.609402998670703;0.0009551771;0.000621;0.000972;638;1;1;1;638;1;0.00034;0.004579;581;69;0.000721
"EarlyUpdate.DispatchEventQueueEvents";0.000761;0.00028;0.006352;439;83;493;3;3;0.557517999521224;0.0008738526;0.000631;0.001032;638;1;1;1;638;1;0.00028;0.006352;83;493;0.000471
"MoonsAndStars.Planets.dll!MoonsAndStars.Assets.Code.Scripts.Planets::LodCalculator.CheckLodOnPlanets() [Coroutine: System.Collections.IEnumerator.get_Current] [Invoke]";0.000752;0.000401;0.004198;114;227;332;5;5;0.0989109993679449;0.001009296;0.000581;0.001052;98;1;1;1;98;5;0.000401;0.004198;227;332;0
"Initialization.SynchronizeInputs";0.000752;0.00012;0.018345;280;475;272;3;3;0.579228998351027;0.0009078825;0.000541;0.001082;638;1;1;1;638;1;0.00012;0.018345;475;272;0.000621
"PhysX.ScScene.secondPassNarrowPhase";0.000751;0.000381;0.004098;304;564;191;7;7;0.437983998592244;0.0008248286;0.000591;0.000902;532;1;1;2;531;1;0.00015;0.004098;1;191;0.000441
"Set Motion Vector Global Matrices";0.000741;0.000261;0.007033;234;637;318;9;9;0.487742999423062;0.0007644875;0.000491;0.000851;638;1;1;1;638;1;0.000261;0.007033;637;318;0.00048
"ConstraintManager::Update";0.000732;0.000281;0.007073;484;635;562;4;4;0.589169999613659;0.000923464;0.000491;0.000962;638;1;1;1;638;1;0.000281;0.007073;635;562;0.000491
"UnityEngine.Physics2DModule.dll!UnityEngine.LowLevelPhysics2D::PhysicsEvents.InvokePostSimulate() [Invoke]";0.000712;0.00043;0.006873;609;238;49;7;7;0.467710999510018;0.0008808117;0.000591;0.000892;532;1;1;2;531;1;0.00013;0.006873;1;49;0.000501
"Profiler.FlushFileIOCounters";0.000711;0.00029;0.00536;151;267;292;2;2;0.529010998579906;0.0008291709;0.000481;0.001042;638;1;1;1;638;1;0.00029;0.00536;267;292;0.001052
"PostLateUpdate.UpdateAllSkinnedMeshes";0.000711;0.000361;0.009037;495;204;368;3;3;0.571277998911683;0.0008954201;0.000541;0.000952;638;1;1;1;638;1;0.000361;0.009037;204;368;0.000521
"PhysX.ScScene.preallocateContactManagers";0.000692;0.00031;0.004419;280;556;362;7;7;0.433311999135185;0.0008160301;0.000551;0.000922;532;1;1;2;531;1;8E-05;0.004419;1;362;0.000431
"JobHandle.Complete";0.000691;0.000471;0.004949;426;506;9;11;11;0.506817999499617;0.0007943856;0.000631;0.000792;638;1;1;1;638;1;0.000471;0.004949;506;9;0.000691
"PhysX.BpSAP.postUpdateWork";0.000682;0.00024;0.003957;167;510;234;7;7;0.402110999188153;0.0007587;0.000521;0.000842;531;1;1;2;530;1;0.00019;0.003957;1;234;0.000401
"PostLateUpdate.UpdateRectTransform";0.000681;0.000391;0.0051;301;270;32;3;3;0.544518999668071;0.000853478;0.000531;0.000922;638;1;1;1;638;1;0.000391;0.0051;270;32;0.000691
"Preload Single Step";0.000681;0.000251;0.003196;307;541;467;7;7;0.504182998061879;0.0007902555;0.000561;0.000942;638;1;1;1;638;1;0.000251;0.003196;541;467;0.001342
"PrepareSceneNodesCombineJob";0.000681;0.000421;0.000992;535;237;380;12;12;0.00418700004229322;0.0006978334;0.000591;0.000691;6;1;1;1;6;235;0.000421;0.000992;237;380;0
"PhysX.PxsDynamics.createForceChangeThresholdStream";0.000671;0.00031;0.007213;31;322;441;7;7;0.410870999592589;0.0007737683;0.000511;0.000851;532;1;1;2;531;1;0.000121;0.007213;1;441;0.001413
"EarlyUpdate.ProcessMouseInWindow";0.000671;0.000141;0.003246;49;5;319;3;3;0.482510999441729;0.0007562868;0.0005;0.000892;638;1;1;1;638;1;0.000141;0.003246;5;319;0.000892
"LowLevelPhysics2D.PhysicsWorld.Transform.WriteTweens";0.000671;0.000341;0.003567;510;543;83;4;4;0.508006998337805;0.0007962492;0.000581;0.000851;638;1;1;1;638;1;0.000341;0.003567;543;83;0.000451
"Director.ProcessFrame";0.000641;0.00011;0.006624001;164;181;224;4;4;0.47928399524244;0.0007512288;0.0002;0.001062;4254;7;5;9;638;1;1E-05;0.0057;26;172;0.00025
"PostLateUpdate.VFXUpdate";0.000641;0.00025;0.008015;200;228;320;3;3;0.499866999743972;0.0007834906;0.000501;0.000831;638;1;1;1;638;1;0.00025;0.008015;228;320;0.000391
"PhysX.ScScene.processLostContact3";0.000641;0.000461;0.001683;209;569;288;7;7;0.04442800002289;0.0007052064;0.000561;0.000701;63;1;1;1;63;13;0.000461;0.001683;569;288;0
"Canvas.RenderOverlays";0.000641;0.00016;0.001503;371;537;292;11;11;0.394932999377488;0.0006190172;0.000451;0.000731;638;1;1;1;638;1;0.00016;0.001503;537;292;0.000431
"UnityEngine.CoreModule.dll!UnityEngine.Rendering::SupportedRenderingFeatures.IsUIOverlayRenderedBySRP() [Invoke]";0.000641;0.000361;0.002865;547;329;5;3;3;0.446778999088565;0.0007002805;0.000551;0.000782;638;1;1;1;638;1;0.000361;0.002865;329;5;0.000671
"Physics.CalculateChangedColliderTransforms";0.000631;0.00024;0.002365;216;22;427;6;6;0.383207998907892;0.0007216723;0.000511;0.000842;532;1;1;2;531;1;8E-05;0.002365;1;427;0.000361
"LateBehaviourUpdate";0.000631;0.000341;0.003477;321;538;56;4;4;0.498528998810798;0.0007813934;0.000481;0.000802;638;1;1;1;638;1;0.000341;0.003477;538;56;0.000511
"Initialize Frame";0.000631;0.000321;0.002334;438;160;579;9;9;0.435413999221055;0.0006824671;0.000541;0.000752;638;1;1;1;638;1;0.000321;0.002334;160;579;0.00044
"FixedUpdate.LegacyFixedAnimationUpdate";0.000631;0.00033;0.006061;455;303;149;3;3;0.371937999152578;0.0007004482;0.000511;0.000801;532;1;1;2;531;1;5E-05;0.006061;1;149;0.000731
"PhysX.ScScene.postBroadPhaseCont";0.000622;0.00021;0.02629;105;183;422;7;7;0.395611998159438;0.000745032;0.000471;0.000782;532;1;1;2;531;1;8E-05;0.02629;1;422;0.000521
"Profiler.CollectGIStats";0.000621;0.00016;0.002725;628;514;25;3;3;0.461192999806372;0.000722873;0.000501;0.000872;638;1;1;1;638;1;0.00016;0.002725;514;25;0.000662
"PhysX.ScScene.finalizationPhase";0.000611;0.000161;0.004348;182;475;57;7;7;0.358789999620058;0.0006756874;0.000481;0.000711;532;1;1;2;531;1;9E-05;0.004348;1;57;0.001312
"FillQuadIndexBuffer";0.000611;0.00028;0.002204;451;586;151;8;8;0.0293959998525679;0.0006836279;0.000481;0.000752;43;1;1;1;43;1;0.00028;0.002204;586;151;0
"PostLateUpdate.ProfilerEndFrame";0.000601;0.00038;0.009828;383;277;195;3;3;0.478740999591537;0.0007503777;0.000521;0.000751;638;1;1;1;638;1;0.00038;0.009828;277;195;0.000591
"GlobalEventQueue";0.000592;9.1E-05;0.006312;157;352;493;4;4;0.431016999144049;0.0006755752;0.000461;0.000752;638;1;1;1;638;1;9.1E-05;0.006312;352;493;0.00028
"PostLateUpdate.UpdateVideoTextures";0.000591;0.00027;0.004037;356;538;294;3;3;0.452461999549996;0.0007091881;0.000431;0.000752;638;1;1;1;638;1;0.00027;0.004037;538;294;0.000441
"EarlyUpdate.XRUpdate";0.000581;0.000201;0.003626;176;461;607;3;3;0.41362899991509;0.0006483213;0.000451;0.000761;638;1;1;1;638;1;0.000201;0.003626;461;607;0.000461
"EarlyUpdate.UpdateInputManager";0.000581;0.00016;0.017833;430;63;339;3;3;0.443754999272642;0.0006955407;0.000481;0.000771;638;1;1;1;638;1;0.00016;0.017833;63;339;0.00051
"FindBrightestDirectionalLight";0.000562;0.00024;0.001914;54;320;480;10;11;0.387534999463242;0.0006074216;0.00041;0.0007709999;1276;2;2;2;638;1;6E-05;0.001633;16;364;0.000531
"PhysX.ScScene.postNarrowPhase";0.000561;0.00026;0.019977;79;504;256;7;7;0.34408099958091;0.0006479868;0.000451;0.000681;532;1;1;2;531;1;0.000131;0.019977;1;256;0.000491
"Camera.Render";0.000551;0.00026;0.008576;68;455;101;3;3;0.354896000411827;0.0005562633;0.00045;0.000602;638;1;1;1;638;1;0.00026;0.008576;455;101;0.000451
"EarlyUpdate.ScriptRunDelayedStartupFrame";0.000551;0.000221;0.003476;596;19;326;3;3;0.417078000114998;0.0006537273;0.000411;0.000781;638;1;1;1;638;1;0.000221;0.003476;19;326;0.000561
"LightCookies";0.000541;0.000191;0.002425;105;262;104;10;10;0.359163000190165;0.0005629514;0.00043;0.000641;638;1;1;1;638;1;0.000191;0.002425;262;104;0.0004
"Inl_RG_SetupPostFX";0.000541;0.00025;0.007885;178;527;581;8;8;0.343345999630401;0.0005381599;0.000391;0.000581;638;1;1;1;638;1;0.00025;0.007885;527;581;0.00028
"Inl_ScriptableRenderer.InternalFinishRenderingCommon";0.000531;0.000281;0.002004;52;20;384;7;7;0.347389999369625;0.0005444984;0.00041;0.000611;638;1;1;1;638;1;0.000281;0.002004;20;384;0.00039
"UnityEngine.AccessibilityModule.dll!UnityEngine.Accessibility::AccessibilityManager.Internal_LateUpdate() [Invoke]";0.000511;0.00031;0.005891;559;166;304;4;4;0.413617000187514;0.0006483025;0.000421;0.000691;638;1;1;1;638;1;0.00031;0.005891;166;304;0.000341
"PreLateUpdate.AIUpdatePostScript";0.000501;0.0002;0.003837;97;538;352;3;3;0.417571999001666;0.0006545015;0.000411;0.000651;638;1;1;1;638;1;0.0002;0.003837;538;352;0.00029
"PhysX.ScScene.afterIntegrationTask";0.000481;0.000231;0.002374;226;322;47;7;7;0.297982999371015;0.0005611732;0.00041;0.000611;532;1;1;2;531;1;9E-05;0.002374;1;47;0.001413
"GC.Alloc";0.000472;0.000222;0.002195;195;107;189;6;6;0.0599379995983327;0.0006116122;0.00038;0.000691;294;3;3;3;98;5;2E-05;0.001643;319;436;0
"PhysX.NpScene.completion";0.000471;0.00023;0.002355;637;540;191;7;7;0.287022999749752;0.0005405329;0.000401;0.000541;532;1;1;2;531;1;8E-05;0.002355;1;191;0.000782
"InputSystem.onBeforeUpdate";0.000451;0.00022;0.001964;41;606;130;5;5;0.289425999610103;0.0005450584;0.000341;0.000621;532;1;1;2;531;1;0.000171;0.001964;1;130;0.000541
"MeshRendererPrepareDispatchUpdate";0.000451;0.000221;0.002384;52;22;27;5;5;0.0260559998569079;0.000554383;0.00036;0.000631;47;1;1;1;47;1;0.000221;0.002384;22;27;0
"RenderTarget.SetActive";0.0004500001;0.000393;0.000882;232;404;464;8;11;0.300732044299366;0.0004713668;0.0004400001;0.0004700001;14079;22;22;23;638;1;1E-05;0.000401;1;307;0.0004700001
"PhysX.ScScene.unblockNarrowPhase";0.000441;7E-05;0.015429;21;10;208;7;7;0.275858999702905;0.0005195085;0.000331;0.000571;532;1;1;2;531;1;7E-05;0.015429;1;208;0.000191
"ContentLoadFrontend.IntegrateUpdate";0.000441;0.00023;0.00501;49;578;161;4;4;0.329811999748927;0.0005169467;0.000351;0.000591;638;1;1;1;638;1;0.00023;0.00501;578;161;0.00032
"addCustomLights.Invoke";0.000441;0.000201;0.003978;57;578;3;11;11;0.323669995268574;0.0005073198;0.00037;0.000631;4466;7;7;7;638;1;2E-05;0.003717;1;3;0.00043
"Physics2D.GetRayIntersection";0.000441;0.00016;0.004137;189;166;350;6;6;0.41100999932678;0.0006442163;0.000381;0.000721;638;1;1;1;638;1;0.00016;0.004137;166;350;0.000992
"Physics.SendTriggerEvents";0.00044;0.00023;0.002975;248;12;83;6;6;0.281900999354548;0.000530887;0.000361;0.000571;532;1;1;2;531;1;0.00023;0.002975;12;83;0.000511
"Draw Additional Lights Shadowmap";0.000431;0.00021;0.001443;66;384;494;9;9;0.28643700046814;0.0004489608;0.000321;0.000531;638;1;1;1;638;1;0.00021;0.001443;384;494;0.000351
"Inl_DrawSkybox";0.000431;0.00027;0.001553;139;289;210;8;8;0.279803999117576;0.0004385643;0.00036;0.000491;638;1;1;1;638;1;0.00027;0.001553;289;210;0.000441
"PostLateUpdate.ShaderHandleErrors";0.000431;0.00015;0.003075;155;98;313;3;3;0.359143999157823;0.0005629216;0.000351;0.000591;638;1;1;1;638;1;0.00015;0.003075;98;313;0.00024
"PhysX.PxsDynamics.solverCreateFinalizeConstraints";0.000421;9E-05;0.002345;346;510;298;7;7;0.258782000244537;0.0004873484;0.000331;0.000561;532;1;1;2;531;1;8E-05;0.002345;1;298;0.000321
"Physics2D.SyncRigidbodyTransformChanges";0.000421;0.0002;0.008746;461;87;486;6;6;0.285906999342842;0.0005384313;0.000361;0.000561;532;1;1;2;531;1;0.00011;0.008746;1;486;0.001052
"FixedUpdate.PhysicsClothFixedUpdate";0.000421;0.000291;0.004518;473;412;1;3;3;0.295410999417072;0.0005563296;0.00038;0.000551;532;1;1;2;531;1;6E-05;0.004458;1;1;0.000411
"ClothScene.Update";0.00042;0.00019;0.002996;283;560;25;5;5;0.343636999183218;0.000538616;0.00032;0.000541;638;1;1;1;638;1;0.00019;0.002996;560;25;0.000421
"SoundManager.Update";0.000411;7.1E-05;0.003436;140;579;94;4;4;0.335583999818482;0.0005259937;0.00028;0.000571;638;1;1;1;638;1;7.1E-05;0.003436;579;94;0.000521
"PhysX.ScScene.postBroadPhase3";0.000411;0.00025;0.006792;337;98;38;7;7;0.245557000249391;0.0004624425;0.000361;0.000491;532;1;1;2;531;1;0.0002;0.006792;1;38;0.000331
"PostLateUpdate.SortingGroupsUpdate";0.000411;9E-05;0.003927;414;53;266;3;3;0.320496999607712;0.0005023464;0.000301;0.000531;638;1;1;1;638;1;9E-05;0.003927;53;266;0.0003
"SkinnedMeshOncePerFrameUpdate";0.00041;0.00012;0.002715;43;502;159;5;5;0.324725999511429;0.0005089749;0.00033;0.000581;638;1;1;1;638;1;0.00012;0.002715;502;159;0.00023
"PhysX.ScScene.postIslandGen";0.000401;0.00015;0.002184;343;564;172;7;7;0.237041999658686;0.0004489432;0.0003;0.000481;529;1;1;2;528;1;6E-05;0.002184;1;172;0.000431
"UIEvents.CanvasManagerEmitOffScreenGeometry";0.000401;0.00017;0.003035;567;65;366;3;3;0.328021999550401;0.0005141411;0.000311;0.000551;638;1;1;1;638;1;0.00017;0.003035;65;366;0.000211
"FindDirectionalShadowCastingLights";0.0004;0.00012;0.009348;380;577;6;10;10;0.282508999793208;0.0004428041;0.00028;0.000451;638;1;1;1;638;1;0.00012;0.009348;577;6;0.000261
"EarlyUpdate.ResetFrameStatsAfterPresent";0.000391;0.00011;0.003296;127;1;321;3;3;0.304373998915253;0.0004770752;0.00033;0.000551;638;1;1;1;638;1;0.00011;0.003296;1;321;0.000431
"EarlyUpdate.SpriteAtlasManagerUpdate";0.000391;0.00014;0.007094;237;495;241;3;3;0.286531999838189;0.0004491097;0.000311;0.00051;638;1;1;1;638;1;0.00014;0.007094;495;241;0.00024
"NavMeshManager";0.000391;6E-05;0.003787;304;538;352;4;4;0.339202999239205;0.0005316662;0.000301;0.000551;638;1;1;1;638;1;6E-05;0.003787;538;352;0.00024
"PostLateUpdate.UpdateResolution";0.000391;8E-05;0.01083;611;5;79;3;3;0.306203998850833;0.0004799436;0.000271;0.000511;638;1;1;1;638;1;8E-05;0.01083;5;79;0.000271
"Initialization.UpdateCameraMotionVectors";0.00039;0.00011;0.008937;45;367;554;3;3;0.291965000003984;0.0004576254;0.00031;0.000531;638;1;1;1;638;1;0.00011;0.008937;367;554;0.00027
"Terrain.UpdateSplatProperties";0.00039;0.00023;0.001763;196;230;523;9;9;0.282929000590229;0.0004434624;0.00037;0.000531;638;1;1;1;638;1;0.00023;0.001763;230;523;0.00036
"EarlyUpdate.UpdateTextureStreamingManager";0.000381;0.00016;0.002555;295;6;319;3;3;0.309200998904998;0.0004846411;0.000261;0.000591;638;1;1;1;638;1;0.00016;0.002555;6;319;0.0003
"PostLateUpdate.ParticleSystemEndUpdateAll";0.000381;0.00024;0.002084;320;220;148;3;3;0.303394999937154;0.0004755408;0.00033;0.000521;638;1;1;1;638;1;0.00024;0.002084;220;148;0.000261
"ScheduleCullingGroups";0.000381;0.00022;0.002144;540;1;474;8;8;0.279999998921994;0.0004388715;0.00034;0.000511;638;1;1;1;638;1;0.00022;0.002144;1;474;0.000321
"ParticleSystem.EndUpdateAll";0.00038;0.00023;0.002064;535;412;148;4;5;0.303430000625667;0.0004755956;0.00033;0.000511;1914;3;3;3;638;1;1E-05;0.002024;4;148;0.000261
"FrameEvents.XREndFrame";0.00037;0.0001;0.001883;397;167;540;4;4;0.233910999559157;0.0003666317;0.000251;0.000431;638;1;1;1;638;1;0.0001;0.001883;167;540;0.000321
"PhysX.Completion Task";0.00036;6E-05;0.002043;287;569;57;7;7;0.209025999283767;0.000393646;0.00024;0.000441;532;1;1;2;531;1;5E-05;0.002043;1;57;0.001032
"PhysX.ScScene.ccdBroadPhase";0.000351;0.000171;0.002705;91;583;191;7;7;0.221586999949068;0.0004173013;0.00031;0.000451;532;1;1;2;531;1;0.00014;0.002705;1;191;0.001833
"EarlyUpdate.ClearIntermediateRenderers";0.000351;0.00012;0.002334;198;130;165;3;3;0.291218999191187;0.0004564561;0.00029;0.000531;638;1;1;1;638;1;0.00012;0.002334;130;165;0.00045
"suspendPointHook.Invoke";0.000351;0.00017;0.003406;384;257;497;7;7;0.269125999941025;0.0004218276;0.000261;0.000501;638;1;1;1;638;1;0.00017;0.003406;257;497;0.00018
"Flush DSP connections";0.000351;0.00011;0.002585;584;305;485;7;7;0.275532999025017;0.0004318699;0.000271;0.000501;638;1;1;1;638;1;0.00011;0.002585;305;485;0.000331
"PostLateUpdate.GUIClearEvents";0.000351;0.00015;0.002374;626;495;79;3;3;0.289732998862746;0.0004541269;0.000301;0.000471;638;1;1;1;638;1;0.00015;0.002374;495;79;0.000181
"Update.DirectorUpdate";0.000341;0.00012;0.022352;32;447;48;3;3;0.412989000229572;0.0006473182;0.000221;0.000741;638;1;1;1;638;1;0.00012;0.022352;447;48;0.00023
"Physics2D.SyncColliderTransformChanges";0.000341;0.00016;0.002856;71;6;349;6;6;0.221291999900131;0.0004167458;0.00024;0.00047;532;1;1;2;531;1;9E-05;0.002856;1;349;0.000201
"AsyncUploadManager.ScheduleAsyncCommands";0.000331;0.00016;0.004789;95;5;345;5;9;0.249799998942763;0.000391536;0.000241;0.000471;1276;2;2;2;638;1;2E-05;0.004759;1;345;0.00035
"LowLevelPhysics2D.PhysicsWorld.WriteTransformTweens";0.000331;0.000131;0.002104;402;543;83;5;5;0.249219999561319;0.000390627;0.000271;0.000391;638;1;1;1;638;1;0.000131;0.002104;543;83;0.000231
"PhysX.PxsDynamics.solverConstraintPartition";0.00033;0.00017;0.001724;15;10;438;7;7;0.216216999251628;0.0004071883;0.000271;0.000471;532;1;1;2;531;1;0.00011;0.001724;1;438;0.00019
"SceneNodesInitJob";0.000311;0.00026;0.000872;308;160;547;12;12;0.0255539999634493;0.0003453243;0.00029;0.000361;74;1;1;1;74;2;0.00026;0.000872;160;547;0
"Director.PrepareFrame";0.000301;0.00014;0.001774;246;494;41;4;4;0.24980299975141;0.0003915408;0.00021;0.00046;4254;7;5;9;638;1;2E-05;0.001362;1;75;0.0002
"PhysX.ScScene.constraintProjection";0.000301;6E-05;0.001674;539;262;191;7;7;0.190796999617305;0.0003593164;0.00024;0.000401;532;1;1;2;531;1;6E-05;0.001674;262;191;0.000661
"PostLateUpdate.DirectorRenderImage";0.000291;0.00013;0.001853;162;10;313;3;3;0.217976999818347;0.0003416567;0.000141;0.00043;638;1;1;1;638;1;0.00013;0.001853;10;313;0.000441
"EarlyUpdate.UpdateStreamingManager";0.000291;6E-05;0.00536;571;290;411;3;3;0.244468999422679;0.0003831802;0.000231;0.00042;638;1;1;1;638;1;6E-05;0.00536;290;411;0.00027
"PostLateUpdate.UpdateVideo";0.000281;0.00018;0.008326;514;173;166;3;3;0.23631999862846;0.0003704075;0.00023;0.00037;638;1;1;1;638;1;0.00018;0.008326;173;166;0.0002
"PreLateUpdate.DirectorUpdateAnimationEnd";0.00028;0.00011;0.003066;405;173;132;3;3;0.237985999527154;0.0003730188;0.00013;0.000431;638;1;1;1;638;1;0.00011;0.003066;173;132;0.000201
"FixedUpdate.DirectorFixedUpdatePostPhysics";0.00028;0.00014;0.005179;466;12;233;3;3;0.180827999269241;0.0003405424;0.000181;0.00035;532;1;1;2;531;1;0.00012;0.005179;1;233;0.00016
"PreLateUpdate.LegacyAnimationUpdate";0.00028;9.1E-05;0.008466;484;154;191;3;3;0.258179999465938;0.0004046708;0.000231;0.000461;638;1;1;1;638;1;9.1E-05;0.008466;154;191;0.00018
"UIElements.CollectLayoutNodes";0.00028;0.00015;0.002225;503;506;74;5;5;0.236756999700447;0.0003710925;0.000191;0.000411;638;1;1;1;638;1;0.00015;0.002225;506;74;0.000401
"EarlyUpdate.PerformanceAnalyticsUpdate";0.00027;0.00012;0.006913;502;341;458;3;3;0.218479999181;0.0003424451;0.00022;0.000371;638;1;1;1;638;1;0.00012;0.006913;341;458;0.000361
"PostLateUpdate.InputEndFrame";0.00027;5E-05;0.001783;545;269;219;3;3;0.214955999392259;0.0003369216;0.000211;0.000371;638;1;1;1;638;1;5E-05;0.001783;269;219;0.000371
"PhysX.ScScene.postThirdPassIslandGenTask";0.00027;0.0001;0.002515;635;480;463;7;7;0.172042999045516;0.0003239981;0.000161;0.0004;532;1;1;2;531;1;0.0001;0.002515;480;463;0.00012
"FixedUpdate.ScriptRunDelayedFixedFrameRate";0.000261;0.00015;0.003727;111;323;26;3;3;0.183727999785333;0.0003460038;0.00022;0.00036;532;1;1;2;531;1;0.0001;0.003727;1;26;0.000181
"Profiler.FrameMetadata";0.000261;0.00011;0.046127;569;299;46;5;5;1.00446899462258;0.00161231;0.00022;0.000321;707;1;1;3;623;16;0.000101;0.045436;136;46;0.00022
"CompileRenderGraph";0.00026;8E-05;0.001272;336;475;200;8;8;0.181421999914164;0.0002843605;0.00023;0.00031;638;1;1;1;638;1;8E-05;0.001272;475;200;0.00021
"Update Lights";0.000251;9E-05;0.001973;265;120;448;4;4;0.213907999459479;0.000335279;0.00019;0.000391;638;1;1;1;638;1;9E-05;0.001973;120;448;0.00015
"FixedUpdate.DirectorFixedSampleTime";0.000251;9E-05;0.001924;284;136;438;3;3;0.149543999723392;0.0002816271;0.000131;0.000341;532;1;1;2;531;1;3.1E-05;0.001924;1;438;0.000271
"PreLateUpdate.DirectorUpdateAnimationBegin";0.00025;0.00011;0.001583;95;322;44;3;3;0.182396999771299;0.0002858887;0.000131;0.0003;638;1;1;1;638;1;0.00011;0.001583;322;44;0.00021
"Connections.Process";0.00025;6.999999E-05;0.001693;553;21;619;6;7;0.199035998535692;0.0003119686;0.00017;0.000391;1276;2;2;2;638;1;3E-05;0.001402;17;67;0.000161
"PhysX.ScScene.fetchPatchEventsTask";0.00025;9E-05;0.003858;570;91;447;7;7;0.155425999815634;0.0002927043;0.00019;0.000301;532;1;1;2;531;1;6E-05;0.003858;1;447;0.0002
"PhysX.ScScene.ccdBroadPhaseAABB";0.00025;5E-05;0.004198;623;239;131;7;7;0.159034999192954;0.0002995009;0.00021;0.000311;532;1;1;2;531;1;5E-05;0.004198;239;131;0.001343
"CombineJobResults";0.000241;5E-05;0.001043;209;187;518;10;11;0.14522199971907;0.0002679373;0.00021;0.0003;791;1;1;3;542;2;4E-05;0.000732;54;518;0.000161
"EarlyUpdate.UpdateAsyncReadbackManager";0.00024;0.00013;0.003898;4;1;529;3;3;0.191433999832952;0.0003000533;0.0002;0.00033;638;1;1;1;638;1;0.00013;0.003898;1;529;0.00014
"QueuePrepareIntegrateMainThreadObjects";0.00024;0.00018;0.006141;206;383;345;9;10;0.177285998564912;0.0002778777;0.00022;0.000292;1276;2;2;2;638;1;7E-05;0.006001;55;345;0.000271
"PhysX.ScScene.lostTouchReports";0.00024;6E-05;0.001864;213;180;142;7;7;0.13720299929264;0.0002583861;0.000111;0.000321;532;1;1;2;531;1;6E-05;0.001864;1;142;7E-05
"FixedUpdate.XRFixedUpdate";0.000231;6E-05;0.001312;219;55;81;3;3;0.144315999445098;0.0002717816;0.000181;0.000301;532;1;1;2;531;1;2E-05;0.001312;1;81;0.00014
"PostLateUpdate.DirectorLateUpdate";0.00022;0.00011;0.001372;554;37;633;3;3;0.164182999324112;0.0002573401;0.00013;0.00028;638;1;1;1;638;1;0.00011;0.001372;37;633;0.0002
"PhysX.ScScene.processNpLostTouchTask";0.00021;4E-05;0.002665;52;9;191;7;7;0.115912999775901;0.0002182919;0.000141;0.00024;532;1;1;2;531;1;4E-05;0.002665;9;191;4E-05
"FinalizeUpdateRendererBoundingVolumes";0.00021;8E-05;0.017993;431;229;3;4;5;0.513376999682805;0.0008046661;0.00018;0.00025;685;1;1;2;638;1;8E-05;0.017793;229;3;0.00024
"PostLateUpdate.XRPostLateUpdate";0.0002;6E-05;0.001784;10;26;38;3;3;0.146718999647419;0.0002299671;0.0001;0.000261;638;1;1;1;638;1;6E-05;0.001784;26;38;9E-05
"Inl_RenderPipeline.BeginContextRendering";0.0002;9E-05;0.000611;543;578;513;5;5;0.128747999951884;0.0002017994;0.00016;0.00023;638;1;1;1;638;1;9E-05;0.000611;578;513;0.000131
"PostLateUpdate.XRPreEndFrame";0.000191;0.00012;0.002455;94;9;201;3;3;0.156013999716379;0.0002445361;0.00014;0.00025;638;1;1;1;638;1;0.00012;0.002455;9;201;0.00013
"Physics.CalculateChangedBodyTransforms";0.000191;6E-05;0.002134;109;89;606;6;6;0.112991999565565;0.000212791;8E-05;0.00027;532;1;1;2;531;1;6E-05;0.002134;89;606;7E-05
"ParticleSystem.WaitForPreviousRenderingToFinish";0.000191;3E-05;0.002104;145;620;56;5;5;0.156016999502754;0.0002445407;0.000131;0.00026;638;1;1;1;638;1;3E-05;0.002104;620;56;0.00015
"PhysX.PxsDynamics.solverEnd";0.00019;7E-05;0.001964;602;325;31;7;7;0.128124999740976;0.00024129;9E-05;0.000311;532;1;1;2;531;1;7E-05;0.001964;325;31;0.00042
"EarlyUpdate.TilemapRendererEarlyUpdate";0.000181;5E-05;0.001152;288;350;100;3;3;0.139674999754789;0.0002189263;0.000141;0.000241;638;1;1;1;638;1;5E-05;0.001152;350;100;0.000131
"FindShadowCastingLights";0.00018;6E-05;0.008997;193;1;6;11;11;0.123985999918659;0.0001943354;7E-05;0.00021;638;1;1;1;638;1;6E-05;0.008997;1;6;0.0001
"PreLateUpdate.DirectorDeferredEvaluate";0.00018;9E-05;0.004158;381;3;132;3;3;0.162555999100732;0.00025479;0.00011;0.000261;638;1;1;1;638;1;9E-05;0.004158;3;132;0.00011
"Update.ScriptRunDelayedDynamicFrameRate";0.000171;0.0001;0.214033;616;244;155;3;3;9.41628697698616;0.01475907;0.00013;0.000301;638;1;1;1;638;1;0.0001;0.214033;244;155;0.00011
"UpdateRendererBoundingVolumes";0.00017;6E-05;0.007163;97;504;455;5;8;0.236698998771317;0.0003710016;8E-05;0.00026;710;1;1;3;638;1;6E-05;0.007163;504;455;7E-05
"ConstraintManager::Update::JobSetup";0.000161;2E-05;0.002835;162;478;52;5;5;0.138031999093073;0.0002163511;0.0001;0.00023;638;1;1;1;638;1;2E-05;0.002835;478;52;0.00011
"PhysX.ScScene.updateBodiesAndShapes";0.00016;4E-05;0.001423;427;15;164;7;7;0.0921469995046209;0.0001735348;6E-05;0.000221;532;1;1;2;531;1;4E-05;0.001423;15;164;5.1E-05
"PostLateUpdate.PhysicsSkinnedClothFinishUpdate";0.00014;9E-05;0.001794;588;23;214;3;3;0.116489999527403;0.0001825862;0.0001;0.00021;638;1;1;1;638;1;9E-05;0.001794;23;214;0.000221
"UIR.Free";0.00012;6E-05;0.007645;573;591;348;5;5;0.100826999048877;0.0001580361;0.000111;0.000131;638;1;1;1;638;1;6E-05;0.007645;591;348;0.00011
"PostLateUpdate.ScriptRunDelayedDynamicFrameRate";0.000111;0.0001;0.006362;275;3;303;3;3;0.102033999297419;0.0001599279;0.00011;0.00014;638;1;1;1;638;1;0.0001;0.006362;3;303;0.0001
"Terrain.Trees.OnWillRender";0.0001;6E-05;0.000631;380;30;286;9;11;0.102149998754612;0.0001601097;8E-05;0.00024;1276;2;2;2;638;1;2E-05;0.000511;74;384;0.00022
"RG_SetupPostFX";9E-05;4E-05;0.001082;83;575;132;9;9;0.0716429997446539;0.0001122931;8E-05;0.000101;638;1;1;1;638;1;4E-05;0.001082;575;132;0.0001
"ClothManager.UploadSimulatedSkinData";9E-05;5E-05;0.001734;217;11;214;4;4;0.0811729992819892;0.0001272304;6E-05;0.00015;638;1;1;1;638;1;5E-05;0.001734;11;214;0.000191
"PhysX.PostThirdPassTask";9E-05;6E-05;0.001413;304;210;50;7;7;0.0663949998706812;0.0001363347;8E-05;0.000121;488;1;1;2;487;1;6E-05;0.001413;1;50;8E-05
"PostLateUpdate.EndGraphicsJobsAfterScriptLateUpdate";9E-05;7E-05;0.001082;465;24;417;3;3;0.0896579995169304;0.0001405298;8E-05;0.00017;638;1;1;1;638;1;7E-05;0.001082;24;417;8E-05
"EarlyUpdate.GpuTimestamp";8E-05;5E-05;0.001193;41;16;607;3;3;0.0654119999453542;0.0001025266;7E-05;9E-05;638;1;1;1;638;1;5E-05;0.001193;16;607;9E-05
"EarlyUpdate.UpdateMainGameViewRect";8E-05;5E-05;0.009117;132;291;538;3;3;0.0861679994886799;0.0001350596;7E-05;9.1E-05;638;1;1;1;638;1;5E-05;0.009117;291;538;6E-05
"TextRendering.CollectGarbage";8E-05;4E-05;0.001223;373;36;547;4;4;0.0660539997297747;0.0001035329;7E-05;0.0001;638;1;1;1;638;1;4E-05;0.001223;36;547;6E-05
"Shadows.Sort";6.999999E-05;2E-05;0.010882;268;23;142;16;16;0.0659049986061291;0.0001103936;4E-05;0.00011;1475;2;1;4;597;1;1E-05;0.010741;9;142;3E-05
"PostLateUpdate.BatchModeUpdate";6.1E-05;4E-05;0.001332;243;11;302;3;3;0.060248999405303;9.443417E-05;5E-05;8.1E-05;638;1;1;1;638;1;4E-05;0.001332;11;302;5E-05
"Inl_UniversalRenderPipeline.GetPerObjectLightFlags";6E-05;2E-05;0.000391;44;161;40;8;8;0.0405719993068487;6.359247E-05;5E-05;6E-05;638;1;1;1;638;1;2E-05;0.000391;161;40;5E-05
"EditorConnection.RefreshObservablePlayerList";6E-05;4E-05;0.001423;69;14;284;5;5;0.0473209993178898;7.417084E-05;5E-05;6E-05;638;1;1;1;638;1;4E-05;0.001423;14;284;6E-05
"FixedUpdate.ClearLines";6E-05;4E-05;0.000972;238;10;246;3;3;0.0525379994687682;9.894162E-05;5E-05;9E-05;532;1;1;2;531;1;4E-05;0.000972;10;246;9E-05
"Setup Debug Properties";6E-05;3E-05;0.000651;354;147;350;9;9;0.0576519994210685;9.036363E-05;5E-05;9E-05;638;1;1;1;638;1;3E-05;0.000651;147;350;0.0001
"UIEvents.AlignCanvasRectTransformWithCamera";5E-05;4E-05;0.000742;259;7;567;4;4;0.0354999992960074;5.564263E-05;4E-05;5E-05;638;1;1;1;638;1;4E-05;0.000742;7;567;4E-05
"PreUpdate.CheckTexFieldInput";5E-05;2E-05;0.001092;280;11;232;3;3;0.0391099995613331;6.130094E-05;4E-05;7E-05;638;1;1;1;638;1;2E-05;0.001092;11;232;8E-05
"Connections.Poll";5E-05;3E-05;0.000861;288;27;177;6;7;0.0348769990923756;5.466614E-05;4E-05;5.1E-05;1276;2;2;2;638;1;1E-05;0.000841;26;177;4E-05
"PostLateUpdate.ResetInputAxis";5E-05;3E-05;0.001122;313;423;532;3;3;0.0350399993913015;5.492163E-05;5E-05;5E-05;638;1;1;1;638;1;3E-05;0.001122;423;532;4E-05
"SortingGroupManager.Update";5E-05;3E-05;0.002304;335;18;266;4;4;0.0391329993872205;6.133699E-05;4E-05;6E-05;638;1;1;1;638;1;3E-05;0.002304;18;266;6E-05
"Inl_RenderPipeline.EndContextRendering";5E-05;2E-05;0.00048;428;60;178;5;5;0.0501219994184794;7.856113E-05;4.1E-05;7E-05;638;1;1;1;638;1;2E-05;0.00048;60;178;6E-05
"Inl_RenderPipeline.BeginCameraRendering";5E-05;3E-05;0.000401;551;4;520;6;6;0.0545479994252673;8.549843E-05;5E-05;9E-05;638;1;1;1;638;1;3E-05;0.000401;4;520;7E-05
"PreLateUpdate.PhysicsLateUpdate";4E-05;3E-05;0.001903;325;1;45;3;3;0.0308559993609379;4.836364E-05;3E-05;5E-05;638;1;1;1;638;1;3E-05;0.001903;1;45;3E-05
"TextureStreamingManager.Update";4E-05;2E-05;0.001283;449;3;407;4;4;0.0729339995777991;0.0001143166;3E-05;0.00017;638;1;1;1;638;1;2E-05;0.001283;3;407;2E-05
"Initialization.SynchronizeState";4E-05;3E-05;0.005079;465;2;263;3;3;0.0343949992020498;5.391066E-05;4E-05;5E-05;638;1;1;1;638;1;3E-05;0.005079;2;263;3E-05
"Inl_Sort Render Passes";4E-05;3E-05;0.000451;615;13;524;8;8;0.0460949995249393;7.224922E-05;4E-05;7E-05;638;1;1;1;638;1;3E-05;0.000451;13;524;4E-05
"Physics.WriteColliderPoses";3E-05;2E-05;0.001483;64;10;462;6;6;0.0178619996804628;3.363842E-05;2E-05;3E-05;532;1;1;2;531;1;2E-05;0.001483;1;462;2E-05
"Physics.WriteRigidbodyPoses";3E-05;2E-05;0.000321;110;3;564;6;6;0.0150529996499245;2.83484E-05;2E-05;3E-05;532;1;1;2;531;1;2E-05;0.000321;1;564;2E-05
"Send messages";3E-05;2E-05;0.001343;146;1;12;5;5;0.0207069995158236;3.245611E-05;2E-05;3E-05;638;1;1;1;638;1;2E-05;0.001343;1;12;2E-05
"Physics.SendJointBreakEvents";3E-05;2E-05;0.001012;198;4;226;6;6;0.0389039997135114;7.326554E-05;2E-05;8E-05;532;1;1;2;531;1;2E-05;0.001012;1;226;3E-05
"CullingGroupSendEvents";3E-05;2E-05;0.00011;351;10;590;8;8;0.020372999504616;3.19326E-05;3E-05;3E-05;638;1;1;1;638;1;2E-05;0.00011;10;590;4E-05
"PostLateUpdate.UpdateCaptureScreenshot";2E-05;2E-05;0.000201;528;2;141;3;3;0.0163539996246982;2.563323E-05;2E-05;3E-05;638;1;1;1;638;1;2E-05;0.000201;2;141;2E-05
"GfxResource.Register";0;0;0;61;1;1;6;6;0;0;0;0;33;3;3;6;10;1;0;0;1;1;0
"Object.Register";0;0;0;61;1;1;6;6;0;0;0;0;11;1;1;2;10;1;0;0;1;1;0
"Object.SetName";0;0;0;61;1;1;6;6;0;0;0;0;11;1;1;2;10;1;0;0;1;1;0
"Active Constraints";0;0;0;319;1;1;3;5;0;0;0;0;1169;2;1;2;638;1;0;0;1;1;0
"Active Dynamic Bodies";0;0;0;319;1;1;3;5;0;0;0;0;1169;2;1;2;638;1;0;0;1;1;0
"Active Kinematic Bodies";0;0;0;319;1;1;3;5;0;0;0;0;1169;2;1;2;638;1;0;0;1;1;0
"Added Contacts";0;0;0;319;1;1;3;3;0;0;0;0;638;1;1;1;638;1;0;0;1;1;0
"AnimationClip Count";0;0;0;319;1;1;3;3;0;0;0;0;638;1;1;1;638;1;0;0;1;1;0
"AnimationClip Memory";0;0;0;319;1;1;3;3;0;0;0;0;638;1;1;1;638;1;0;0;1;1;0
"App Committed Memory";0;0;0;319;1;1;3;3;0;0;0;0;638;1;1;1;638;1;0;0;1;1;0
"App Resident Memory";0;0;0;319;1;1;3;3;0;0;0;0;638;1;1;1;638;1;0;0;1;1;0
"Articulation Bodies";0;0;0;319;1;1;3;5;0;0;0;0;1169;2;1;2;638;1;0;0;1;1;0
"Asleep Bodies";0;0;0;319;1;1;3;3;0;0;0;0;638;1;1;1;638;1;0;0;1;1;0
"Asleep Shapes";0;0;0;319;1;1;3;3;0;0;0;0;638;1;1;1;638;1;0;0;1;1;0
"Asset Count";0;0;0;319;1;1;3;3;0;0;0;0;638;1;1;1;638;1;0;0;1;1;0
"Atlases";0;0;0;319;1;1;3;3;0;0;0;0;638;1;1;1;638;1;0;0;1;1;0
"Audio Reads";0;0;0;319;1;1;3;3;0;0;0;0;638;1;1;1;638;1;0;0;1;1;0
"Audio Reserved Memory";0;0;0;319;1;1;3;3;0;0;0;0;638;1;1;1;638;1;0;0;1;1;0
"Audio Used Memory";0;0;0;319;1;1;3;3;0;0;0;0;638;1;1;1;638;1;0;0;1;1;0
"AudioClip Count";0;0;0;319;1;1;3;3;0;0;0;0;638;1;1;1;638;1;0;0;1;1;0
"AudioClip Memory";0;0;0;319;1;1;3;3;0;0;0;0;638;1;1;1;638;1;0;0;1;1;0
"Awake Bodies";0;0;0;319;1;1;3;3;0;0;0;0;638;1;1;1;638;1;0;0;1;1;0
"Awake Shapes";0;0;0;319;1;1;3;3;0;0;0;0;638;1;1;1;638;1;0;0;1;1;0
"Batches Count";0;0;0;319;1;1;4;4;0;0;0;0;638;1;1;1;638;1;0;0;1;1;0
"Broadphase Adds";0;0;0;319;1;1;3;5;0;0;0;0;1169;2;1;2;638;1;0;0;1;1;0
"Broadphase Adds/Removes";0;0;0;319;1;1;3;5;0;0;0;0;1169;2;1;2;638;1;0;0;1;1;0
"Broadphase Pairs";0;0;0;319;1;1;3;3;0;0;0;0;638;1;1;1;638;1;0;0;1;1;0
"Broadphase Removes";0;0;0;319;1;1;3;5;0;0;0;0;1169;2;1;2;638;1;0;0;1;1;0
"Broadphase Updates";0;0;0;319;1;1;3;3;0;0;0;0;638;1;1;1;638;1;0;0;1;1;0
"Colliders Synced";0;0;0;319;1;1;3;5;0;0;0;0;1169;2;1;2;638;1;0;0;1;1;0
"Collision Enter";0;0;0;319;1;1;3;3;0;0;0;0;638;1;1;1;638;1;0;0;1;1;0
"Collision Exit";0;0;0;319;1;1;3;3;0;0;0;0;638;1;1;1;638;1;0;0;1;1;0
"Collision Stay";0;0;0;319;1;1;3;3;0;0;0;0;638;1;1;1;638;1;0;0;1;1;0
"Continuous Bodies";0;0;0;319;1;1;3;3;0;0;0;0;638;1;1;1;638;1;0;0;1;1;0
"Continuous Overlaps";0;0;0;319;1;1;3;5;0;0;0;0;1169;2;1;2;638;1;0;0;1;1;0
"CPU Main Thread Frame Time";0;0;0;319;1;1;3;3;0;0;0;0;638;1;1;1;638;1;0;0;1;1;0
"CPU Render Thread Frame Time";0;0;0;319;1;1;3;3;0;0;0;0;638;1;1;1;638;1;0;0;1;1;0
"CPU Total Frame Time";0;0;0;319;1;1;3;3;0;0;0;0;638;1;1;1;638;1;0;0;1;1;0
"Discreet Overlaps";0;0;0;319;1;1;3;5;0;0;0;0;1169;2;1;2;638;1;0;0;1;1;0
"Discrete Bodies";0;0;0;319;1;1;3;3;0;0;0;0;638;1;1;1;638;1;0;0;1;1;0
"Draw Calls Count";0;0;0;319;1;1;4;4;0;0;0;0;638;1;1;1;638;1;0;0;1;1;0
"Dynamic Batched Draw Calls Count";0;0;0;319;1;1;4;4;0;0;0;0;638;1;1;1;638;1;0;0;1;1;0
"Dynamic Batched Triangles Count";0;0;0;319;1;1;4;4;0;0;0;0;638;1;1;1;638;1;0;0;1;1;0
"Dynamic Batched Vertices Count";0;0;0;319;1;1;4;4;0;0;0;0;638;1;1;1;638;1;0;0;1;1;0
"Dynamic Batches Count";0;0;0;319;1;1;4;4;0;0;0;0;638;1;1;1;638;1;0;0;1;1;0
"Dynamic Batching Time";0;0;0;319;1;1;4;4;0;0;0;0;638;1;1;1;638;1;0;0;1;1;0
"Dynamic Bodies";0;0;0;319;1;1;3;5;0;0;0;0;1807;3;2;3;638;1;0;0;1;1;0
"Dynamic Shapes";0;0;0;319;1;1;3;3;0;0;0;0;638;1;1;1;638;1;0;0;1;1;0
"Entities Reads";0;0;0;319;1;1;3;3;0;0;0;0;638;1;1;1;638;1;0;0;1;1;0
"File Bytes Read";0;0;0;319;1;1;3;3;0;0;0;0;638;1;1;1;638;1;0;0;1;1;0
"File Bytes Written";0;0;0;319;1;1;3;3;0;0;0;0;638;1;1;1;638;1;0;0;1;1;0
"File Handles Open";0;0;0;319;1;1;3;3;0;0;0;0;638;1;1;1;638;1;0;0;1;1;0
"File Reads Finished";0;0;0;319;1;1;3;3;0;0;0;0;638;1;1;1;638;1;0;0;1;1;0
"File Reads Started";0;0;0;319;1;1;3;3;0;0;0;0;638;1;1;1;638;1;0;0;1;1;0
"File Seeks";0;0;0;319;1;1;3;3;0;0;0;0;638;1;1;1;638;1;0;0;1;1;0
"Files Closed";0;0;0;319;1;1;3;3;0;0;0;0;638;1;1;1;638;1;0;0;1;1;0
"Files Opened";0;0;0;319;1;1;3;3;0;0;0;0;638;1;1;1;638;1;0;0;1;1;0
"Game Object Count";0;0;0;319;1;1;3;3;0;0;0;0;638;1;1;1;638;1;0;0;1;1;0
"GC Allocated In Frame";0;0;0;319;1;1;3;3;0;0;0;0;638;1;1;1;638;1;0;0;1;1;0
"GC Allocation In Frame Count";0;0;0;319;1;1;3;3;0;0;0;0;638;1;1;1;638;1;0;0;1;1;0
"GC Reserved Memory";0;0;0;319;1;1;3;3;0;0;0;0;638;1;1;1;638;1;0;0;1;1;0
"GC Used Memory";0;0;0;319;1;1;3;3;0;0;0;0;638;1;1;1;638;1;0;0;1;1;0
"GetContacts Queries";0;0;0;319;1;1;3;3;0;0;0;0;638;1;1;1;638;1;0;0;1;1;0
"Gfx Reserved Memory";0;0;0;319;1;1;3;3;0;0;0;0;638;1;1;1;638;1;0;0;1;1;0
"Gfx Used Memory";0;0;0;319;1;1;3;3;0;0;0;0;638;1;1;1;638;1;0;0;1;1;0
"Global Illumination Support";0;0;0;319;1;1;3;3;0;0;0;0;638;1;1;1;638;1;0;0;1;1;0
"GPU Frame Time";0;0;0;319;1;1;3;3;0;0;0;0;638;1;1;1;638;1;0;0;1;1;0
"Index Buffer Upload In Frame Bytes";0;0;0;319;1;1;4;4;0;0;0;0;638;1;1;1;638;1;0;0;1;1;0
"Index Buffer Upload In Frame Count";0;0;0;319;1;1;4;4;0;0;0;0;638;1;1;1;638;1;0;0;1;1;0
"Indirect Draw Calls Count";0;0;0;319;1;1;4;4;0;0;0;0;638;1;1;1;638;1;0;0;1;1;0
"Instanced Batched Draw Calls Count";0;0;0;319;1;1;4;4;0;0;0;0;638;1;1;1;638;1;0;0;1;1;0
"Instanced Batched Triangles Count";0;0;0;319;1;1;4;4;0;0;0;0;638;1;1;1;638;1;0;0;1;1;0
"Instanced Batched Vertices Count";0;0;0;319;1;1;4;4;0;0;0;0;638;1;1;1;638;1;0;0;1;1;0
"Instanced Batches Count";0;0;0;319;1;1;4;4;0;0;0;0;638;1;1;1;638;1;0;0;1;1;0
"IsTouching Queries";0;0;0;319;1;1;3;3;0;0;0;0;638;1;1;1;638;1;0;0;1;1;0
"KickJobs";0;0;0;319;1;1;5;12;0;0;0;0;10846;17;17;17;638;1;0;0;1;1;0
"Kinematic Bodies";0;0;0;319;1;1;3;3;0;0;0;0;638;1;1;1;638;1;0;0;1;1;0
"Kinematic Shapes";0;0;0;319;1;1;3;3;0;0;0;0;638;1;1;1;638;1;0;0;1;1;0
"Material Count";0;0;0;319;1;1;3;3;0;0;0;0;638;1;1;1;638;1;0;0;1;1;0
"Material Memory";0;0;0;319;1;1;3;3;0;0;0;0;638;1;1;1;638;1;0;0;1;1;0
"Max Cache Demand";0;0;0;319;1;1;3;3;0;0;0;0;638;1;1;1;638;1;0;0;1;1;0
"Max Cache Mip Bias";0;0;0;319;1;1;3;3;0;0;0;0;638;1;1;1;638;1;0;0;1;1;0
"Mesh Count";0;0;0;319;1;1;3;3;0;0;0;0;638;1;1;1;638;1;0;0;1;1;0
"Mesh Memory";0;0;0;319;1;1;3;3;0;0;0;0;638;1;1;1;638;1;0;0;1;1;0
"Mesh Reads";0;0;0;319;1;1;3;3;0;0;0;0;638;1;1;1;638;1;0;0;1;1;0
"Missing Disk Data";0;0;0;319;1;1;3;3;0;0;0;0;638;1;1;1;638;1;0;0;1;1;0
"Missing Streaming Tiles";0;0;0;319;1;1;3;3;0;0;0;0;638;1;1;1;638;1;0;0;1;1;0
"Modified Overlaps";0;0;0;319;1;1;3;5;0;0;0;0;1169;2;1;2;638;1;0;0;1;1;0
"Narrowphase Lost Touches";0;0;0;319;1;1;3;5;0;0;0;0;1169;2;1;2;638;1;0;0;1;1;0
"Narrowphase New Touches";0;0;0;319;1;1;3;5;0;0;0;0;1169;2;1;2;638;1;0;0;1;1;0
"Narrowphase Touches";0;0;0;319;1;1;3;5;0;0;0;0;1169;2;1;2;638;1;0;0;1;1;0
"Object Count";0;0;0;319;1;1;3;3;0;0;0;0;638;1;1;1;638;1;0;0;1;1;0
"Other Reads";0;0;0;319;1;1;3;3;0;0;0;0;638;1;1;1;638;1;0;0;1;1;0
"Overlap Queries";0;0;0;319;1;1;3;3;0;0;0;0;638;1;1;1;638;1;0;0;1;1;0
"Overlaps";0;0;0;319;1;1;3;5;0;0;0;0;1169;2;1;2;638;1;0;0;1;1;0
"Particle Queries";0;0;0;319;1;1;3;3;0;0;0;0;638;1;1;1;638;1;0;0;1;1;0
"Physics Queries";0;0;0;319;1;1;3;5;0;0;0;0;1169;2;1;2;638;1;0;0;1;1;0
"Physics Used Memory";0;0;0;319;1;1;3;5;0;0;0;0;1169;2;1;2;638;1;0;0;1;1;0
"Physics Used Memory (2D)";0;0;0;319;1;1;3;3;0;0;0;0;638;1;1;1;638;1;0;0;1;1;0
"Profiler Reserved Memory";0;0;0;319;1;1;3;3;0;0;0;0;638;1;1;1;638;1;0;0;1;1;0
"Profiler Used Memory";0;0;0;319;1;1;3;3;0;0;0;0;638;1;1;1;638;1;0;0;1;1;0
"Raycast Queries";0;0;0;319;1;1;3;3;0;0;0;0;638;1;1;1;638;1;0;0;1;1;0
"Read From Disk";0;0;0;319;1;1;3;3;0;0;0;0;638;1;1;1;638;1;0;0;1;1;0
"Reads in Flight";0;0;0;319;1;1;3;3;0;0;0;0;638;1;1;1;638;1;0;0;1;1;0
"Removed Contacts";0;0;0;319;1;1;3;3;0;0;0;0;638;1;1;1;638;1;0;0;1;1;0
"Render Textures Bytes";0;0;0;319;1;1;3;3;0;0;0;0;638;1;1;1;638;1;0;0;1;1;0
"Render Textures Changes Count";0;0;0;319;1;1;4;4;0;0;0;0;638;1;1;1;638;1;0;0;1;1;0
"Render Textures Count";0;0;0;319;1;1;3;3;0;0;0;0;638;1;1;1;638;1;0;0;1;1;0
"Required Tiles";0;0;0;319;1;1;3;3;0;0;0;0;638;1;1;1;638;1;0;0;1;1;0
"Rigidbodies Synced";0;0;0;319;1;1;3;5;0;0;0;0;1169;2;1;2;638;1;0;0;1;1;0
"Scene Object Count";0;0;0;319;1;1;3;3;0;0;0;0;638;1;1;1;638;1;0;0;1;1;0
"ScheduleAllocJob";0;0;0;319;1;1;7;12;0;0;0;0;7018;11;11;11;638;1;0;0;1;1;0
"ScheduleJob";0;0;0;319;1;1;6;13;0;0;0;0;23413;38;26;52;638;1;0;0;1;1;0
"Scripting Reads";0;0;0;319;1;1;3;3;0;0;0;0;638;1;1;1;638;1;0;0;1;1;0
"SetPass Calls Count";0;0;0;319;1;1;4;4;0;0;0;0;638;1;1;1;638;1;0;0;1;1;0
"Shadow Casters Count";0;0;0;319;1;1;4;4;0;0;0;0;638;1;1;1;638;1;0;0;1;1;0
"Shapecast Queries";0;0;0;319;1;1;3;3;0;0;0;0;638;1;1;1;638;1;0;0;1;1;0
"Solver Continuous Islands";0;0;0;319;1;1;3;3;0;0;0;0;638;1;1;1;638;1;0;0;1;1;0
"Solver Discrete Islands";0;0;0;319;1;1;3;3;0;0;0;0;638;1;1;1;638;1;0;0;1;1;0
"Solver Simulation Count";0;0;0;319;1;1;3;3;0;0;0;0;638;1;1;1;638;1;0;0;1;1;0
"Solver World Count";0;0;0;319;1;1;3;3;0;0;0;0;638;1;1;1;638;1;0;0;1;1;0
"Static Batched Draw Calls Count";0;0;0;319;1;1;4;4;0;0;0;0;638;1;1;1;638;1;0;0;1;1;0
"Static Batched Triangles Count";0;0;0;319;1;1;4;4;0;0;0;0;638;1;1;1;638;1;0;0;1;1;0
"Static Batched Vertices Count";0;0;0;319;1;1;4;4;0;0;0;0;638;1;1;1;638;1;0;0;1;1;0
"Static Batches Count";0;0;0;319;1;1;4;4;0;0;0;0;638;1;1;1;638;1;0;0;1;1;0
"Static Bodies";0;0;0;319;1;1;3;3;0;0;0;0;638;1;1;1;638;1;0;0;1;1;0
"Static Colliders";0;0;0;319;1;1;3;5;0;0;0;0;1169;2;1;2;638;1;0;0;1;1;0
"Static Shapes";0;0;0;319;1;1;3;3;0;0;0;0;638;1;1;1;638;1;0;0;1;1;0
"System Total Used Memory";0;0;0;319;1;1;3;3;0;0;0;0;638;1;1;1;638;1;0;0;1;1;0
"System Used Memory";0;0;0;319;1;1;3;3;0;0;0;0;638;1;1;1;638;1;0;0;1;1;0
"Texture Count";0;0;0;319;1;1;3;3;0;0;0;0;638;1;1;1;638;1;0;0;1;1;0
"Texture Memory";0;0;0;319;1;1;3;3;0;0;0;0;638;1;1;1;638;1;0;0;1;1;0
"Texture Reads";0;0;0;319;1;1;3;3;0;0;0;0;638;1;1;1;638;1;0;0;1;1;0
"Total Bodies";0;0;0;319;1;1;3;3;0;0;0;0;638;1;1;1;638;1;0;0;1;1;0
"Total Callbacks";0;0;0;319;1;1;3;3;0;0;0;0;638;1;1;1;638;1;0;0;1;1;0
"Total Contacts";0;0;0;319;1;1;3;3;0;0;0;0;638;1;1;1;638;1;0;0;1;1;0
"Total CPU Cache Size";0;0;0;319;1;1;3;3;0;0;0;0;638;1;1;1;638;1;0;0;1;1;0
"Total GPU Cache Size";0;0;0;319;1;1;3;3;0;0;0;0;638;1;1;1;638;1;0;0;1;1;0
"Total Joints";0;0;0;319;1;1;3;3;0;0;0;0;638;1;1;1;638;1;0;0;1;1;0
"Total Queries";0;0;0;319;1;1;3;3;0;0;0;0;638;1;1;1;638;1;0;0;1;1;0
"Total Reserved Memory";0;0;0;319;1;1;3;3;0;0;0;0;638;1;1;1;638;1;0;0;1;1;0
"Total Shapes";0;0;0;319;1;1;3;3;0;0;0;0;638;1;1;1;638;1;0;0;1;1;0
"Total Transform Sync Calls";0;0;0;319;1;1;3;3;0;0;0;0;638;1;1;1;638;1;0;0;1;1;0
"Total Used Memory";0;0;0;319;1;1;3;3;0;0;0;0;638;1;1;1;638;1;0;0;1;1;0
"Transform Parent Sync Bodies";0;0;0;319;1;1;3;3;0;0;0;0;638;1;1;1;638;1;0;0;1;1;0
"Transform Parent Sync Colliders";0;0;0;319;1;1;3;3;0;0;0;0;638;1;1;1;638;1;0;0;1;1;0
"Transform Sync Bodies";0;0;0;319;1;1;3;3;0;0;0;0;638;1;1;1;638;1;0;0;1;1;0
"Transform Sync Colliders";0;0;0;319;1;1;3;3;0;0;0;0;638;1;1;1;638;1;0;0;1;1;0
"Triangles Count";0;0;0;319;1;1;4;4;0;0;0;0;638;1;1;1;638;1;0;0;1;1;0
"Trigger Enter";0;0;0;319;1;1;3;3;0;0;0;0;638;1;1;1;638;1;0;0;1;1;0
"Trigger Exit";0;0;0;319;1;1;3;3;0;0;0;0;638;1;1;1;638;1;0;0;1;1;0
"Trigger Overlaps";0;0;0;319;1;1;3;5;0;0;0;0;1700;3;1;3;638;1;0;0;1;1;0
"Trigger Stay";0;0;0;319;1;1;3;3;0;0;0;0;638;1;1;1;638;1;0;0;1;1;0
"Used Buffers Bytes";0;0;0;319;1;1;4;4;0;0;0;0;638;1;1;1;638;1;0;0;1;1;0
"Used Buffers Count";0;0;0;319;1;1;4;4;0;0;0;0;638;1;1;1;638;1;0;0;1;1;0
"Used Textures Bytes";0;0;0;319;1;1;4;4;0;0;0;0;638;1;1;1;638;1;0;0;1;1;0
"Used Textures Count";0;0;0;319;1;1;4;4;0;0;0;0;638;1;1;1;638;1;0;0;1;1;0
"Vertex Buffer Upload In Frame Bytes";0;0;0;319;1;1;4;4;0;0;0;0;638;1;1;1;638;1;0;0;1;1;0
"Vertex Buffer Upload In Frame Count";0;0;0;319;1;1;4;4;0;0;0;0;638;1;1;1;638;1;0;0;1;1;0
"Vertices Count";0;0;0;319;1;1;4;4;0;0;0;0;638;1;1;1;638;1;0;0;1;1;0
"Video Memory Bytes";0;0;0;319;1;1;4;4;0;0;0;0;638;1;1;1;638;1;0;0;1;1;0
"Video Reserved Memory";0;0;0;319;1;1;3;3;0;0;0;0;638;1;1;1;638;1;0;0;1;1;0
"Video Used Memory";0;0;0;319;1;1;3;3;0;0;0;0;638;1;1;1;638;1;0;0;1;1;0
"Virtual Texture Reads";0;0;0;319;1;1;3;3;0;0;0;0;638;1;1;1;638;1;0;0;1;1;0
"Visible Skinned Meshes Count";0;0;0;319;1;1;4;4;0;0;0;0;638;1;1;1;638;1;0;0;1;1;0
"WaitForCompleted";0;0;0;319;1;1;3;13;0;0;0;0;13481;21;20;26;638;1;0;0;1;1;0
"BeginJob";0;0;0;321;1;1;7;14;0;0;0;0;4512;7;1;15;626;1;0;0;1;1;0
"EndJob";0;0;0;321;1;1;7;14;0;0;0;0;4512;7;1;15;626;1;0;0;1;1;0
