Name; Median Time; Min Time; Max Time; Median Frame Index; Min Frame Index; Max Frame Index; Min Depth; Max Depth; Total Time; Mean Time; Time Lower Quartile; Time Upper Quartile; Count Total; Count Median; Count Min; Count Max; Number of frames containing Marker; First Frame Index; Time Min Individual; Time Max Individual; Min Individual Frame; Max Individual Frame; Time at Median Frame
"EditorLoop";13.92446;2.496884;88.56517;544;478;471;1;1;8290.490929842;14.07554;13.1795;14.7946;2355;4;3;4;589;1;0.086133;73.98877;477;471;13.30135
"PlayerLoop";2.331542;1.233925;3.36502;126;478;76;1;1;1321.34102225304;2.243363;1.783429;2.648189;1767;3;3;3;589;1;0.009619;2.513065;446;76;2.86612
"RenderPlayModeViewCameras";1.694693;0.919853;2.512784;86;477;76;2;2;922.691705644131;1.566539;1.181055;1.839866;589;1;1;1;589;1;0.919853;2.512784;477;76;1.884851
"UnityEngine.CoreModule.dll!UnityEngine.Rendering::RenderPipelineManager.DoRenderLoop_Internal() [Invoke]";1.626774;0.894836;2.0278;435;477;213;3;3;877.232884466648;1.48936;1.123737;1.767149;589;1;1;1;589;1;0.894836;2.0278;477;213;1.820349
"Inl_UniversalRenderTotal";1.607398;0.887422;2.004437;453;477;213;4;4;867.034213602543;1.472044;1.10934;1.744988;589;1;1;1;589;1;0.887422;2.004437;477;213;1.798038
"Inl_RenderCameraStack";1.583744;0.877483;1.974059;435;477;213;5;5;854.730735778809;1.451156;1.094401;1.719991;589;1;1;1;589;1;0.877483;1.974059;477;213;1.772139
"Inl_UniversalRenderPipeline.RenderSingleCameraInternal: Main Camera";0.941914;0.491687;1.098209;242;477;547;6;6;489.460118532181;0.8310019;0.626259;0.983984;589;1;1;1;589;1;0.491687;1.098209;477;547;1.035251
"UpdateScene";0.589351;0.240333;1.194611;440;478;128;2;2;386.251185372472;0.6557745;0.517255;0.819804;589;1;1;1;589;1;0.240333;1.194611;478;128;0.960961
"Inl_ScriptableRenderContext.Submit";0.559154;0.321055;0.805187;367;519;213;6;6;299.937168776989;0.5092312;0.381969;0.605941;589;1;1;1;589;1;0.321055;0.805187;519;213;0.593658
"UniversalRenderPipeline.RenderSingleCameraInternal: Main Camera";0.501204;0.278815;0.698396;289;477;213;7;7;266.139445900917;0.4518496;0.336363;0.539827;589;1;1;1;589;1;0.278815;0.698396;477;213;0.527143
"ExecuteRenderGraph";0.48308;0.266632;0.659663;492;477;213;8;8;256.775717169046;0.435952;0.324532;0.521232;589;1;1;1;589;1;0.266632;0.659663;477;213;0.511043
"Profiler.FlushCounters";0.449517;0.195969;1.139777;320;473;425;1;1;240.577165469527;0.4084502;0.28622;0.506975;589;1;1;1;589;1;0.195969;1.139777;473;425;0.523486
"Profiler.FlushMemoryCounters";0.418117;0.176563;1.110312;494;537;425;2;2;219.714194282889;0.3730292;0.258848;0.464796;589;1;1;1;589;1;0.176563;1.110312;537;425;0.494822
"RenderLoop.ScheduleDraw";0.311114;0.159149;0.4166059;370;477;213;10;11;164.197977796197;0.2787741;0.200318;0.335071;4123;7;7;7;589;1;0.00011;0.142689;302;213;0.311517
"Inl_ExecuteRenderGraph";0.308261;0.152948;0.394944;223;478;164;7;7;158.077914714813;0.2683836;0.184968;0.326706;589;1;1;1;589;1;0.152948;0.394944;478;164;0.31854
"Inl_RecordRenderGraph";0.293583;0.160462;0.374145;102;476;429;7;7;156.082118600607;0.2649951;0.205327;0.309052;589;1;1;1;589;1;0.160462;0.374145;476;429;0.353245
"Inl_On Record Render Graph";0.285938;0.156936;0.366861;348;476;429;8;8;152.342637494206;0.2586462;0.200408;0.301358;589;1;1;1;589;1;0.156936;0.366861;476;429;0.346092
"FixedUpdate.PhysicsFixedUpdate";0.20161;0.115598;0.481307;76;430;227;3;3;100.029711745679;0.2041423;0.158739;0.245282;494;1;1;5;490;1;0.051457;0.481307;472;227;0.241255
"Physics.RunSimulationStage";0.18539;0.105959;0.449937;167;569;227;4;4;92.6358527615666;0.1890528;0.146296;0.227138;494;1;1;5;490;1;0.049123;0.449937;472;227;0.226035
"Physics.Simulate";0.185169;0.105809;0.448414;167;569;227;5;5;92.4990036264062;0.1887735;0.145785;0.226627;494;1;1;5;490;1;0.049073;0.448414;472;227;0.225815
"PxScene.simulate";0.184607;0.105378;0.44615;76;569;227;6;6;92.1875289902091;0.1881378;0.145444;0.226005;494;1;1;5;490;1;0.048973;0.44615;472;227;0.225334
"Profiler.RequestScreenshot";0.177144;0.10616;0.496595;151;331;76;5;5;8.57289299368858;0.2143223;0.14859;0.224383;40;1;1;1;40;1;0.10616;0.496595;331;76;0
"CullScriptable";0.151035;0.058099;0.38745;380;478;547;7;7;84.2151478528976;0.1429799;0.112602;0.166163;589;1;1;1;589;1;0.058099;0.38745;478;547;0.170161
"RenderLoop.DrawSRPBatcher";0.113894;0.057658;0.155674;462;477;138;12;12;60.5054529197514;0.1027257;0.07474101;0.124194;1178;2;2;2;589;1;0.023965;0.098286;477;220;0.113954
"SRPBatcher.Flush";0.105629;0.056065;0.144832;121;519;208;13;14;58.5906567201018;0.0994748;0.076134;0.118213;1767;3;3;3;589;1;0.012163;0.068489;1;220;0.112042
"RenderTarget.GrabPixels";0.104988;0.01039;0.158008;571;1;286;6;6;3.84008596278727;0.09600215;0.071144;0.115779;40;1;1;1;40;1;0.01039;0.158008;1;286;0
"DrawOpaqueObjects";0.100469;0.052319;0.143471;470;59;213;9;9;52.9523278772831;0.08990209;0.061926;0.108494;589;1;1;1;589;1;0.052319;0.143471;59;213;0.101872
"DrawBuffersBatchMode";0.097945;0.051486;0.135284;70;519;208;14;15;54.2092968598008;0.09203616;0.07120501;0.108815;1767;3;3;3;589;1;0.008766;0.067447;59;220;0.103575
"Draw Main Light Shadowmap";0.082184;0.046618;0.13255;132;519;72;9;9;46.2773418389261;0.07856934;0.062558;0.091974;589;1;1;1;589;1;0.046618;0.13255;519;72;0.083267
"MainLightShadow";0.081304;0.045676;0.131207;382;566;72;10;10;45.7325468510389;0.07764439;0.062017;0.091011;589;1;1;1;589;1;0.045676;0.131207;566;72;0.082495
"SceneCulling";0.07988;0.028604;0.162285;483;478;70;8;8;46.1655719019473;0.07837958;0.06374;0.090761;589;1;1;1;589;1;0.028604;0.162285;478;70;0.095039
"Shadows.ExecuteDrawShadows";0.078568;0.04326;0.126148;262;566;72;11;11;43.9786718226969;0.07466668;0.05886;0.08812501;2356;4;4;4;589;1;0.002094;0.101411;569;72;0.07993901
"Shadows.ScheduleRenderJobs";0.068239;0.035838;0.11144;375;566;72;12;12;38.1127999946475;0.06470764;0.049443;0.07743601;2356;4;4;4;589;1;0.000972;0.094979;4;72;0.07261699
"Destroy";0.067638;0.067638;0.067638;475;475;475;5;5;0.0676380023360252;0.067638;0.067638;0.067638;1;1;1;1;1;475;0.067638;0.067638;475;475;0
"Bloom";0.067548;0.039224;0.096812;266;59;127;9;9;36.3363039195538;0.06169152;0.043873;0.073389;589;1;1;1;589;1;0.039224;0.096812;59;127;0.073889
"PlayerConnection.Poll";0.063329;0.017582;0.17525;501;85;156;4;5;39.8552618324757;0.06766598;0.037229;0.09838501;1178;2;2;2;589;1;0.005109;0.110558;85;156;0.125767
"WaitForJobGroupID";0.063278;0.016781;0.252768;281;504;547;6;13;37.3876779321581;0.06347653;0.051708;0.072818;3914;7;2;9;589;1;0.000672;0.226377;159;547;0.055325
"MoonsAndStars.Planets.dll!MoonsAndStars.Assets.Code.Scripts.Planets::LodCalculator.CheckVisiblePlanets() [Coroutine: MoveNext] [Invoke]";0.057498;0.027542;0.146496;363;1;226;5;5;5.27378500066698;0.05795368;0.041418;0.065273;91;1;1;1;91;1;0.027542;0.146496;1;226;0
"Update.ScriptRunBehaviourUpdate";0.056086;0.033123;0.176573;333;442;302;3;3;35.4590228460729;0.06020208;0.045576;0.067517;589;1;1;1;589;1;0.033123;0.176573;442;302;0.131628
"BehaviourUpdate";0.055525;0.032721;0.175371;150;442;302;4;4;35.0340419709682;0.05948055;0.044834;0.066826;589;1;1;1;589;1;0.032721;0.175371;442;302;0.130987
"DrawDepthNormalPrepass";0.054774;0.027301;0.081604;556;477;208;9;9;30.3138488978148;0.05146664;0.039755;0.060764;589;1;1;1;589;1;0.027301;0.081604;477;208;0.056246
"Inl_Setup Forward Lights";0.054082;0.029045;0.109766;99;478;136;8;8;29.6152199339122;0.05028051;0.036589;0.057338;589;1;1;1;589;1;0.029045;0.109766;478;136;0.057108
"Graphics.Blit";0.053361;0.033704;0.07981;421;331;241;6;7;2.18850699812174;0.05471268;0.048602;0.061134;80;2;2;2;40;1;0.016832;0.039925;331;241;0
"Inl_Setup Light Constants";0.052349;0.028334;0.108034;86;478;136;9;9;28.7934579532593;0.04888533;0.035658;0.055594;589;1;1;1;589;1;0.028334;0.108034;478;136;0.055404
"Inl_Bloom";0.048281;0.018765;0.077977;303;508;401;8;8;24.8440899755806;0.04218012;0.025117;0.054222;589;1;1;1;589;1;0.018765;0.077977;508;401;0.053391
"Shadows.DrawSRPBatcher";0.046748;0.022903;0.076043;32;566;72;13;13;26.6566799525172;0.04525752;0.036488;0.053631;589;1;1;1;589;1;0.022903;0.076043;566;72;0.055093
"Inl_Forward+ Setup";0.044964;0.019517;0.080221;265;477;429;9;9;24.9293199591339;0.04232482;0.032471;0.049964;589;1;1;1;589;1;0.019517;0.080221;477;429;0.049083
"CullResults.CreateSharedRendererScene";0.042149;0.018114;0.268125;369;477;547;8;8;24.6596899181604;0.04186705;0.031399;0.048121;589;1;1;1;589;1;0.018114;0.268125;477;547;0.046067
"EarlyUpdate.PollPlayerConnection";0.040556;0.012553;0.11148;386;85;156;3;3;25.589652935043;0.04344593;0.02622;0.061286;589;1;1;1;589;1;0.012553;0.11148;85;156;0.078879
"Inl_UpdateVolumeFramework";0.037691;0.017032;0.072326;147;477;474;6;6;19.4032629542053;0.03294272;0.023204;0.039394;589;1;1;1;589;1;0.017032;0.072326;477;474;0.04226
"RG_BloomDownsample";0.03707;0.021881;0.056706;464;503;383;10;10;20.0655119270086;0.03406708;0.024305;0.040195;589;1;1;1;589;1;0.021881;0.056706;503;383;0.039875
"SSAO";0.034385;0.018285;0.055685;207;519;558;9;9;18.1969299148768;0.03089462;0.022292;0.036639;589;1;1;1;589;1;0.018285;0.055685;519;558;0.038573
"VolumeManager.Update";0.033663;0.01573;0.069832;435;477;474;7;7;17.2846069615334;0.02934568;0.020458;0.035116;589;1;1;1;589;1;0.01573;0.069832;477;474;0.037581
"EndRenderQueueExtraction";0.033042;0.014267;0.23903;148;478;547;8;9;20.3336079232395;0.03452225;0.027432;0.038523;1178;2;2;2;589;1;0.002284;0.232127;478;547;0.035457
"Inl_UniversalRenderPipeline.ComputeShadowCasterCullingInfos";0.032451;0.022422;0.083948;336;478;537;7;7;19.4961859807372;0.03310049;0.029966;0.035186;589;1;1;1;589;1;0.022422;0.083948;478;537;0.039274
"Inl_NRPRGComp_ExecuteInitializeResources";0.03154;0.013726;0.051396;122;478;490;8;8;16.012002854608;0.02718506;0.017412;0.033652;11780;20;20;20;589;1;2E-05;0.025698;1;490;0.033652
"RenderLoop.Draw";0.031339;0.016841;0.066596;74;59;533;12;12;16.6607859656215;0.02828656;0.020038;0.033112;589;1;1;1;589;1;0.016841;0.066596;59;533;0.034796
"FixedUpdate.ScriptRunBehaviourFixedUpdate";0.030247;0.015319;0.076294;79;553;97;3;3;15.7330239424482;0.03210821;0.023414;0.040696;494;1;1;5;490;1;0.001432;0.076294;472;97;0.027913
"CullSendEvents";0.029175;0.005932;0.077576;246;357;70;9;9;17.5947849210352;0.0298723;0.023414;0.035567;589;1;1;1;589;1;0.005932;0.077576;357;70;0.041408
"FixedBehaviourUpdate";0.028975;0.014818;0.074781;167;553;97;4;4;15.0943349786103;0.03080476;0.022312;0.038723;494;1;1;5;490;1;0.001322;0.074781;472;97;0.02666
"Inl_Blit Color LUT";0.028844;0.013225;0.049403;266;478;311;8;8;14.9382789740339;0.0253621;0.016181;0.030978;589;1;1;1;589;1;0.013225;0.049403;478;311;0.029726
"SRPBRender.ApplyShader";0.027993;0.014437;0.044955;225;508;274;13;13;15.001185993664;0.02546891;0.016361;0.031629;1178;2;2;2;589;1;0.002685;0.035237;519;274;0.025226
"Inl_ColorGradingLUT";0.026389;0.012153;0.045957;111;478;345;9;9;13.7259109569713;0.02330375;0.014928;0.028353;589;1;1;1;589;1;0.012153;0.045957;478;345;0.027582
"Inl_NRPRGComp_ExecuteBeginRenderpassCommand";0.026139;0.013795;0.040915;33;572;104;8;8;13.858397975564;0.02352869;0.016012;0.027934;4123;7;7;7;589;1;0.000932;0.020899;442;257;0.02644
"Inl_RG_BloomDownsample";0.024937;0.009208;0.049824;375;508;364;9;9;12.8122729817405;0.02175259;0.012453;0.028293;589;1;1;1;589;1;0.009208;0.049824;508;364;0.029937
"Inl_Forward+ Upload";0.023705;0.012514;0.070523;404;59;136;10;10;13.3520859684795;0.02266908;0.016541;0.025288;589;1;1;1;589;1;0.012514;0.070523;59;136;0.025848
"Physics.OverlapSphere";0.023585;0.011301;0.068328;259;1;226;6;6;2.19438400212675;0.02411411;0.017052;0.02677;91;1;1;1;91;1;0.011301;0.068328;1;226;0
"Assembly-CSharp.dll!MoonsAndStars.Assets.Code.Scripts.Players.Input::ShipController.FixedUpdate() [Invoke]";0.022933;0.011332;0.066305;427;553;97;5;5;11.9333679582924;0.02435381;0.017473;0.030758;494;1;1;5;490;1;0.000992;0.066305;472;97;0.02134
"Shadows.PrepareDrawShadows";0.02169;0.01077;0.045926;100;478;72;7;7;12.6877459548414;0.02154117;0.016671;0.023804;1178;2;2;2;589;1;0.002926;0.034585;478;585;0.022402
"CullAllVisibleLights";0.020629;0.009027;0.0479;105;145;414;9;9;11.3464359780774;0.0192639;0.014688;0.021811;589;1;1;1;589;1;0.009027;0.0479;145;414;0.023725
"Inl_NRPRGComp_ExecuteDestroyResources";0.020077;0.012254;0.040735;436;474;235;8;8;10.9921001456678;0.01866231;0.013987;0.02127;11780;20;20;20;589;1;6E-05;0.024787;1;235;0.02228
"PreUpdate.SendMouseEvents";0.020048;0.012113;0.060494;195;405;243;3;3;12.5553969610482;0.02131646;0.016911;0.023094;589;1;1;1;589;1;0.012113;0.060494;405;243;0.022462
"RG_BloomUpsample";0.020037;0.011652;0.034264;133;59;436;10;10;10.805130969733;0.01834487;0.013084;0.021491;589;1;1;1;589;1;0.011652;0.034264;59;436;0.021851
"Monobehaviour.OnMouse_";0.019828;0.011983;0.060063;235;405;243;4;4;12.4241619687527;0.02109365;0.016761;0.022874;589;1;1;1;589;1;0.011983;0.060063;405;243;0.022252
"SRPBShadow.ApplyShader";0.019307;0.008656;0.035727;435;508;67;14;14;11.0727239884436;0.01879919;0.013014;0.023475;589;1;1;1;589;1;0.008656;0.035727;508;67;0.026871
"UnityEngine.InputLegacyModule.dll!UnityEngine::SendMouseEvents.DoSendMouseEvents() [Invoke]";0.018946;0.011411;0.058821;339;405;243;5;5;11.8379209786654;0.02009834;0.016;0.021811;589;1;1;1;589;1;0.011411;0.058821;405;243;0.02126
"Application.FlushRenderStats";0.018435;0.009357;0.054723;116;446;286;2;2;11.986137974076;0.02034998;0.014448;0.025559;589;1;1;1;589;1;0.009357;0.054723;446;286;0.019056
"Blit Color LUT";0.018425;0.008876;0.035577;457;59;326;9;9;9.80331795848906;0.016644;0.011412;0.019647;589;1;1;1;589;1;0.008876;0.035577;59;326;0.017633
"Inl_RG_BloomUpsample";0.018224;0.007434;0.039514;470;59;401;9;9;9.51552798319608;0.0161554;0.009979;0.020348;589;1;1;1;589;1;0.007434;0.039514;59;401;0.018104
"ColorGradingLUT";0.017553;0.008616;0.034846;227;478;326;10;10;9.37619597278535;0.01591884;0.010921;0.018796;589;1;1;1;589;1;0.008616;0.034846;478;326;0.016621
"CopyColor";0.017553;0.009438;0.039415;470;1;333;9;10;9.3695789789781;0.0159076;0.010781;0.019186;1178;2;2;2;589;1;0.004558;0.019958;1;333;0.018375
"DrawSkybox";0.017432;0.009468;0.040106;486;503;343;9;9;9.39013397693634;0.0159425;0.011231;0.018635;589;1;1;1;589;1;0.009468;0.040106;503;343;0.018635
"UnityEngine.CoreModule.dll!::UpdateFunction.Invoke() [Invoke]";0.017362;0.009026;0.040386;565;1;337;4;4;9.94767497386783;0.01688909;0.012282;0.020257;5206;9;8;13;589;1;0.00027;0.022222;472;161;0.024317
"Profiler.CollectLegacyStats";0.016381;0.008315;0.052719;259;516;526;2;2;10.5650229686871;0.01793722;0.013536;0.021991;589;1;1;1;589;1;0.008315;0.052719;516;526;0.014267
"BatchRenderer.Flush";0.016271;0.007875;0.054994;191;534;533;13;13;8.63251397013664;0.01465622;0.010099;0.017673;589;1;1;1;589;1;0.007875;0.054994;534;533;0.018334
"Inl_UniversalRenderPipeline.CreateRenderingData";0.016131;0.006823;0.043462;531;478;576;7;7;9.41829597065225;0.01599032;0.012143;0.019076;589;1;1;1;589;1;0.006823;0.043462;478;576;0.017223
"Physics.FetchPhysXResults";0.01599;0.008226;0.059582;265;1;296;7;7;8.28832097537816;0.01691494;0.013054;0.019456;494;1;1;5;490;1;0.000991;0.059582;472;296;0.019347
"Camera.RenderSkybox";0.015289;0.008285;0.030056;571;503;288;10;10;8.15293097123504;0.01384199;0.009648;0.016321;589;1;1;1;589;1;0.008285;0.030056;503;288;0.01601
"Graphics.DrawProcedural";0.015099;0.009408001;0.028375;344;477;119;10;11;8.38545596506447;0.01423677;0.01092;0.016461;13547;23;23;23;589;1;0.00021;0.011322;414;119;0.015689
"Inl_ComputeHashRenderGraph";0.015028;0.008696;0.036599;334;503;132;7;7;8.25671396590769;0.01401819;0.009819;0.015629;589;1;1;1;589;1;0.008696;0.036599;503;132;0.022532
"DrawScreenSpaceUI";0.014777;0.008075;0.035256;245;477;202;9;9;8.22324496135116;0.01396137;0.01057;0.01573;1178;2;2;2;589;1;0.003777;0.027762;477;202;0.035256
"Inl_RenderPipeline.EndCameraRendering";0.013746;0.007334;0.030197;198;478;71;6;6;7.45568198431283;0.0126582;0.009087;0.014658;589;1;1;1;589;1;0.007334;0.030197;478;71;0.017994
"PostLateUpdate.UpdateAudio";0.013615;0.005681;0.076544;63;442;68;3;3;9.22398898331448;0.01566042;0.011181;0.017132;589;1;1;1;589;1;0.005681;0.076544;442;68;0.028885
"Inl_Setup Camera Properties";0.013295;0.007324;0.031009;128;20;234;8;8;7.00785497343168;0.01189789;0.007975;0.014026;1178;2;2;2;589;1;0.001623;0.024036;10;413;0.014267
"FixedUpdate.Physics2DFixedUpdate";0.013275;0.007374;0.051026;58;535;84;3;3;6.92499399650842;0.01413264;0.01071;0.015569;494;1;1;5;490;1;0.001563;0.051026;472;84;0.016632
"Physics.SwapPhysXBuffersJob";0.012714;0.006702;0.046758;93;1;296;8;8;6.62769898958504;0.01352592;0.01066;0.01558;494;1;1;5;490;1;0.000721;0.046758;472;296;0.01591
"UnityEngine.IMGUIModule.dll!UnityEngine::GUIUtility.SetSkin() [Invoke]";0.012624;0.009147;0.047881;321;547;267;3;3;7.97665897943079;0.01354271;0.011231;0.014477;589;1;1;1;589;1;0.009147;0.047881;547;267;0.015409
"Inl_SSAO";0.012464;0.00538;0.028894;363;59;222;8;8;6.57245199382305;0.01115866;0.007194;0.013665;589;1;1;1;589;1;0.00538;0.028894;59;222;0.013155
"Setup Camera Properties";0.012373;0.006833;0.034193;266;478;111;9;9;7.25308198621497;0.01231423;0.010229;0.013766;1178;2;2;2;589;1;0.001423;0.03227;328;111;0.012694
"AudioManager.Update";0.012223;0.005069;0.070372;53;442;68;4;4;8.39735097903758;0.01425696;0.010089;0.015549;589;1;1;1;589;1;0.005069;0.070372;442;68;0.0267
"EarlyUpdate.PhysicsResetInterpolatedTransformPosition";0.012153;3E-05;0.032011;245;5;183;3;3;6.8769969820969;0.01167572;0.008947;0.016611;589;1;1;1;589;1;3E-05;0.032011;5;183;0.012534
"Render.Mesh";0.012081;0.005722;0.05203;160;508;533;14;14;6.41948597878218;0.01089896;0.007534;0.013125;3534;6;6;6;589;1;0.000531;0.044304;516;533;0.013556
"Setup Forward Lights";0.011912;0.006092;0.027532;431;145;213;9;9;6.65885497583076;0.01130536;0.008185;0.013726;589;1;1;1;589;1;0.006092;0.027532;145;213;0.013295
"Inl_UniversalRenderPipeline.CreateCameraData";0.011903;0.005451;0.034264;314;477;227;6;6;6.54972397908568;0.01112007;0.008486;0.012784;589;1;1;1;589;1;0.005451;0.034264;477;227;0.015089
"BeginRenderQueueExtraction";0.011873;0.006202;0.034896;467;478;585;8;9;6.83620198117569;0.01160645;0.008026;0.013105;1178;2;2;2;589;1;0.002344;0.027211;476;585;0.012333
"Shadows.ExtractShaderPassContext";0.011631;0.004018;0.030057;386;477;296;13;13;6.0553059768863;0.01028066;0.00602;0.013516;2356;4;4;4;589;1;0.000681;0.022072;427;296;0.007424001
"Unity.RenderPipelines.Core.Runtime.dll!UnityEngine.Rendering::DebugUpdater.Update() [Invoke]";0.011562;0.006452;0.041899;528;508;525;5;5;7.24536299658939;0.01230113;0.009037;0.013405;589;1;1;1;589;1;0.006452;0.041899;508;525;0.032702
"Inl_Draw Main Light Shadowmap";0.011471;0.006022;0.026981;179;478;133;8;8;6.08257398335263;0.01032695;0.007154;0.012053;589;1;1;1;589;1;0.006022;0.026981;478;133;0.012714
"Profiler.CollectPhysicsStats";0.011381;0.00539;0.028664;358;146;183;4;4;5.72195297805592;0.01167746;0.008546;0.014347;490;1;1;1;490;1;0.00539;0.028664;146;183;0.010599
"Profiler.FlushCountersWithFlushOnEndOfFrame";0.011051;0.005951;0.062358;429;11;219;2;2;9.35411696089432;0.01588135;0.008576;0.018174;589;1;1;1;589;1;0.005951;0.062358;11;219;0.011632
"Inl_CompileRenderGraph";0.010831;0.0054;0.024827;328;478;114;7;7;5.79406298790127;0.009837119;0.006813;0.011402;589;1;1;1;589;1;0.0054;0.024827;478;114;0.015329
"EditorConnection.CheckForIncomingConnections";0.01061;0.004989;0.056647;343;402;581;5;5;6.52139797853306;0.01107198;0.008526;0.012915;589;1;1;1;589;1;0.004989;0.056647;402;581;0.017373
"RG_UberPost";0.010569;0.00529;0.029626;244;1;284;9;9;5.54963198211044;0.009422125;0.006091;0.011511;589;1;1;1;589;1;0.00529;0.029626;1;284;0.012163
"PostLateUpdate.PlayerUpdateCanvases";0.010029;0.005912;0.040827;99;430;205;3;3;6.47877997765318;0.01099963;0.007865;0.011773;589;1;1;1;589;1;0.005912;0.040827;430;205;0.014678
"Inl_UniversalRenderPipeline.InitializeAdditionalCameraData";0.009999;0.004739;0.028494;160;145;301;6;6;5.40724600013345;0.009180384;0.006412;0.0106;589;1;1;1;589;1;0.004739;0.028494;145;301;0.011512
"RG_BloomPrefilter";0.009678;0.00514;0.025498;449;582;385;10;10;5.20882898522541;0.008843512;0.005881;0.01056;589;1;1;1;589;1;0.00514;0.025498;582;385;0.011612
"Inl_MainLightShadow";0.009167;0.004639;0.02105;89;59;404;9;9;4.81532998895273;0.008175433;0.00558;0.009628;589;1;1;1;589;1;0.004639;0.02105;59;404;0.009749
"Inl_ScriptableRenderer.SetPerCameraShaderVariables";0.008967;0.00519;0.025077;70;445;234;9;9;4.85051598772407;0.008235171;0.005661;0.009458;1178;2;2;2;589;1;0.001142;0.020328;247;413;0.009839
"PrepareSceneNodes";0.008887;0.003055;0.029385;434;473;360;9;9;4.60823898483068;0.007823835;0.004258;0.009648;589;1;1;1;589;1;0.003055;0.029385;473;360;0.011311
"Inl_RG_BloomSetup";0.008436;0.004098;0.017463;143;59;185;9;9;4.78380998503417;0.008121919;0.006722;0.009107;589;1;1;1;589;1;0.004098;0.017463;59;185;0.012563
"UnityEngine.UI.dll!UnityEngine.EventSystems::EventSystem.Update() [Invoke]";0.008286;0.004749;0.036528;241;449;213;5;5;5.18823598930612;0.00880855;0.006743;0.009528;589;1;1;1;589;1;0.004749;0.036528;449;213;0.015539
"UpdateReflectionProbeAtlas";0.008246;0.004518;0.022092;70;476;213;10;10;4.71885699173436;0.008011642;0.005931;0.009438;589;1;1;1;589;1;0.004518;0.022092;476;213;0.009568
"Image.AllocateImageData";0.008225;0.003646;0.037752;91;1;136;6;6;0.114093997748569;0.0114094;0.007614;0.008375;10;1;1;1;10;1;0.003646;0.037752;1;136;0
"EarlyUpdate.InsightsUpdate";0.008065;0.002846;0.056156;486;426;266;3;3;5.04766398807988;0.008569888;0.005541;0.010941;589;1;1;1;589;1;0.002846;0.056156;426;266;0.011982
"PlayerEndOfFrame";0.008046;0.002355;0.675373;100;4;76;3;3;18.5993599477224;0.03157786;0.005942;0.008917;589;1;1;1;589;1;0.002355;0.675373;4;76;0.009077
"Inl_RG_UberPostSetupBloomPass";0.008026;0.003637;0.024978;449;145;100;9;9;4.54671099013649;0.007719373;0.006112;0.008566;589;1;1;1;589;1;0.003637;0.024978;145;100;0.007905
"Audio.FMODSystemUpdate";0.008015;0.002876;0.051807;506;442;68;5;5;5.43213298893534;0.009222637;0.006472;0.010259;589;1;1;1;589;1;0.002876;0.051807;442;68;0.019217
"Physics.PublishResultsStage";0.007945;0.004028;0.039304;320;553;128;4;4;4.20999199571088;0.00859182;0.006422;0.009829;494;1;1;5;490;1;0.001312;0.039304;472;128;0.009898
"VolumeManager.ReplaceData";0.007925;0.003456;0.022353;454;582;474;8;8;4.09651297633536;0.00695503;0.004639;0.008396;589;1;1;1;589;1;0.003456;0.022353;582;474;0.008646
"Inl_UniversalRenderPipeline.SetupPerCameraShaderConstants";0.007894;0.003396;0.020458;86;477;553;7;7;4.18445798801258;0.007104343;0.004939;0.008426;589;1;1;1;589;1;0.003396;0.020458;477;553;0.008706
"UIEvents.WillRenderCanvases";0.007875;0.004629;0.035467;411;430;205;4;4;5.22264698054641;0.008866973;0.006301;0.009378;589;1;1;1;589;1;0.004629;0.035467;430;205;0.012033
"MoonsAndStars.Planets.dll!MoonsAndStars.Assets.Code.Scripts.Planets::PlanetColorizer.Update() [Invoke]";0.007634;0.003677;0.042329;428;1;302;5;5;4.94774098275229;0.008400239;0.006111;0.009147;589;1;1;1;589;1;0.003677;0.042329;1;302;0.023354
"UGUI.Rendering.UpdateBatches";0.007554;0.004399;0.033804;145;430;205;5;5;5.03903300315142;0.008555234;0.005991;0.009108;589;1;1;1;589;1;0.004399;0.033804;430;205;0.011732
"EditorResources.Load";0.007545;0.005621;0.030267;144;547;267;4;4;4.83676098333672;0.008211819;0.006863;0.008496;589;1;1;1;589;1;0.005621;0.030267;547;267;0.009448
"Profiler.CollectAudioStats";0.007254;0.002996;0.029144;284;476;237;3;3;4.76010000426322;0.008081663;0.005811;0.009738;1178;2;2;2;589;1;0.001212;0.023985;546;237;0.005851
"EngineJob";0.007091001;0.000141;0.065223;498;328;70;7;14;5.0820340240316;0.008931519;0.004589;0.009459;3366;6;1;13;569;1;6E-05;0.030919;12;70;0.023263
"Inl_UniversalRenderPipeline.CreateShadowData";0.007063;0.002585;0.031509;356;478;576;8;8;4.27882698969916;0.007264562;0.00547;0.008837;589;1;1;1;589;1;0.002585;0.031509;478;576;0.007485
"FixedUpdate.NewInputFixedUpdate";0.006963;0.003626;0.021731;513;1;472;3;3;3.79637399432249;0.007747702;0.006072;0.008556;494;1;1;5;490;1;0.002113;0.02109;472;518;0.00514
"MoonsAndStars.Planets.dll!MoonsAndStars.Assets.Code.Scripts.Planets::LodCalculator.CheckLodOnPlanets() [Coroutine: MoveNext] [Invoke]";0.006953;0.003617;0.024767;213;553;123;5;5;0.68489299970679;0.007526297;0.00529;0.008537;91;1;1;1;91;1;0.003617;0.024767;553;123;0
"PrepareSceneCullingParameters";0.006914;0.002866;0.027692;310;476;217;8;8;3.71461399341933;0.006306645;0.004458;0.007414;589;1;1;1;589;1;0.002866;0.027692;476;217;0.008236
"Shadows.CullDirectionalShadowCasters";0.006692;0.003276;0.024326;191;145;291;10;10;3.8180109935347;0.006482192;0.004789;0.007284;589;1;1;1;589;1;0.003276;0.024326;145;291;0.008145
"LowLevelPhysics2D.PhysicsWorld.SimulateBatch";0.006492;3E-05;0.03154;347;29;532;4;4;3.81366203766447;0.006474808;0.00511;0.008086001;1083;2;1;6;589;1;2E-05;0.03151;8;532;0.007884
"Inl_Initialize Frame";0.006472;0.003266;0.019086;244;59;278;8;8;3.48937398847193;0.005924234;0.004158;0.006833;589;1;1;1;589;1;0.003266;0.019086;59;278;0.006563
"EarlyUpdate.ProcessRemoteInput";0.006392;0.002905;0.019868;7;146;75;3;3;3.90677598887123;0.006632897;0.00489;0.007925;589;1;1;1;589;1;0.002905;0.019868;146;75;0.005249
"Inl_RG_UberPost";0.006271;0.003797;0.017503;360;59;384;8;8;3.63117298833095;0.00616498;0.004519;0.006823;589;1;1;1;589;1;0.003797;0.017503;59;384;0.007144
"ProcessRemoteInput";0.006212;0.002835;0.019447;107;2;75;4;4;3.82165999524295;0.006488387;0.004769;0.007775;589;1;1;1;589;1;0.002835;0.019447;2;75;0.005199
"Material.SetPassFast";0.006131;0.002905;0.020409;281;1;109;11;11;3.25370799074881;0.005524122;0.003587;0.006833;589;1;1;1;589;1;0.002905;0.020409;1;109;0.006763
"LowLevelPhysics2D.PhysicsWorld.Simulate";0.006122;0.003336;0.028915;329;196;532;5;5;3.33276099478826;0.006801553;0.005109;0.007354;494;1;1;5;490;1;0.000761;0.028915;472;532;0.007103
"Profiler.SessionMetadata";0.006111;0.006111;0.013595;2;2;1;1;1;0.0197060005739331;0.009853;0.006111;0.006111;28;14;14;14;2;1;7E-05;0.002033;2;1;0
"PreLateUpdate.ParticleSystemBeginUpdateAll";0.006082;0.003657;0.028604;560;80;204;3;3;4.0265579924453;0.006836262;0.00518;0.007163;589;1;1;1;589;1;0.003657;0.028604;80;204;0.008686
"FrameEvents.NewInputBeforeRenderUpdate";0.006022;0.001122;0.023915;322;478;324;3;3;3.11879199347459;0.005295063;0.003617;0.006502;589;1;1;1;589;1;0.001122;0.023915;478;324;0.006903
"StdRender.ApplyShader";0.005841;0.003065;0.015248;530;145;413;13;13;3.08091899612918;0.005230763;0.003507;0.006372;589;1;1;1;589;1;0.003065;0.015248;145;413;0.006813
"ParticleSystem.Update";0.005831;0.003527;0.028133;352;80;204;4;4;3.83938198536634;0.006518475;0.004889;0.006893;589;1;1;1;589;1;0.003527;0.028133;80;204;0.008436
"afterCullingOutputReady.Invoke";0.005641;0.002694;0.019056;306;478;209;8;10;3.88660999014974;0.006598659;0.004829;0.007334;1178;2;2;2;589;1;0.000802;0.018044;575;209;0.007434
"UnityEngine.InputModule.dll!UnityEngineInternal.Input::NativeInputSystem.ShouldRunUpdate() [Invoke]";0.005521;0.001292;0.022882;154;478;324;4;4;3.09955999767408;0.005262411;0.003907;0.006222;1672;3;2;7;589;1;0.000221;0.02168;285;324;0.00583
"Inl_CopyColor";0.00551;0.002505;0.022623;144;566;117;8;9;3.1171869894024;0.005292338;0.003377;0.006402;1178;2;2;2;589;1;0.000912;0.016251;534;190;0.006292
"TimeUpdate.WaitForLastPresentationAndUpdateTime";0.00545;0.002394;0.027091;263;583;93;3;3;3.49352699844167;0.005931285;0.004027;0.007293;589;1;1;1;589;1;0.002394;0.027091;583;93;0.007625
"MeshRendererFinalizeUpdate";0.0054;0.002985;0.017152;16;18;37;5;5;0.292791000334546;0.00585582;0.00501;0.005971;50;1;1;1;50;1;0.002985;0.017152;18;37;0
"FixedUpdate.AudioFixedUpdate";0.00538;0.002766;0.014427;541;531;126;3;3;2.82054999726824;0.005756225;0.004308;0.006963;494;1;1;5;490;1;0.00042;0.014427;472;126;0.004889
"EditorConnection.PollAllCustomMessages";0.00526;0.001383;0.025108;137;29;557;5;5;3.27615599962883;0.005562234;0.002875;0.007715;589;1;1;1;589;1;0.001383;0.025108;29;557;0.010169
"Inl_UpdateReflectionProbeAtlas";0.005129;0.002555;0.014357;239;59;219;10;10;2.72450699238107;0.004625649;0.003146;0.00538;589;1;1;1;589;1;0.002555;0.014357;59;219;0.00519
"InputSystemPlayerLoopRunnerInitializationSystem";0.00501;0.002485;0.022793;364;425;267;3;3;3.11706299567595;0.005292127;0.003787;0.006392;589;1;1;1;589;1;0.002485;0.022793;425;267;0.007655
"Inl_Setup Main Shadowmap";0.004989;0.001993;0.017974;123;503;187;9;9;2.76065799500793;0.004687026;0.002906;0.005491;589;1;1;1;589;1;0.001993;0.017974;503;187;0.007635
"PhysX.ScScene.postBroadPhase2";0.004809;0.003025;0.022583;534;572;472;7;7;2.51608199276961;0.005134861;0.004028;0.005741;494;1;1;5;490;1;0.003016;0.013996;472;341;0.004469
"AudioManager.FixedUpdate";0.004738;0.002355;0.013555;225;531;126;4;4;2.46909299539402;0.005038965;0.003757;0.006141;494;1;1;5;490;1;0.00034;0.013555;472;126;0.004288
"AssetDatabase.GetGUIDFromAssetPathV2";0.004619;0.003285;0.019226;397;463;267;5;5;2.98419999610633;0.005066554;0.004198;0.00529;1178;2;2;2;589;1;0.000681;0.015509;581;267;0.006321
"PhysX.FinalizeUpdateTask";0.004538;0.002455;0.013866;144;553;461;7;7;2.46181299863383;0.005024108;0.003687;0.005831;494;1;1;5;490;1;0.001112;0.013866;472;461;0.008707
"Physics.Raycast";0.004499;0.002465;0.018885;256;250;243;6;6;3.09042098838836;0.005246895;0.003657;0.005571;589;1;1;1;589;1;0.002465;0.018885;250;243;0.00534
"Profiler.FlushRenderCounters";0.004499;0.002565;0.024536;299;446;231;3;3;3.2978939965833;0.005599141;0.003526;0.005841;589;1;1;1;589;1;0.002565;0.024536;446;231;0.00547
"GUI.Repaint";0.004498;0.002625;0.013145;345;549;279;10;10;2.65737499343231;0.004511673;0.003567;0.005019;589;1;1;1;589;1;0.002625;0.013145;549;279;0.005591
"Physics.PrepareSimulationStage";0.004458;0.002345;0.01578;309;34;104;4;4;2.36492399219424;0.004826375;0.003446;0.005661;494;1;1;5;490;1;0.000651;0.01578;472;104;0.003807
"Update.ScriptRunDelayedTasks";0.004378;0.001994;0.018354;121;478;279;3;3;2.80809399602003;0.004767562;0.003527;0.00516;589;1;1;1;589;1;0.001994;0.018354;478;279;0.01078
"LowLevelPhysics2D.PhysicsWorld.RenderWorlds";0.004348;0.001883;0.012284;467;473;288;7;7;2.32958999869879;0.003955161;0.002876;0.004618;589;1;1;1;589;1;0.001883;0.012284;473;288;0.006241
"PhysX.NpScene.execution";0.004318;0.002464;0.024265;284;1;392;7;7;2.46313998918049;0.005026816;0.003396;0.006281;494;1;1;5;490;1;0.000141;0.024265;472;392;0.004498
"NetworkInitialization";0.004298;0.001993;0.012924;169;6;267;3;3;2.67505499208346;0.004541689;0.003016;0.005811;589;1;1;1;589;1;0.001993;0.012924;6;267;0.007665
"PreLateUpdate.UIElementsUpdatePanels";0.004228;0.002545;0.020028;134;553;279;3;3;2.77842999785207;0.004717199;0.003507;0.00512;589;1;1;1;589;1;0.002545;0.020028;553;279;0.00565
"Profiler.ScreenshotUpdate";0.004178;0.00031;0.670874;126;14;76;4;4;16.5188308569195;0.02804555;0.003457;0.004698;589;1;1;1;589;1;0.00031;0.670874;14;76;0.004037
"Inl_UniversalRenderPipeline.CreateLightData";0.004148;0.001894;0.026721;371;478;278;8;8;2.53619299223647;0.00430593;0.003166;0.00507;589;1;1;1;589;1;0.001894;0.026721;478;278;0.004589
"Inl_UniversalRenderPipeline.InitializeStackedCameraData";0.004128;0.002144;0.014838;476;477;394;7;7;2.33180899405852;0.003958929;0.002996;0.004469;589;1;1;1;589;1;0.002144;0.014838;477;394;0.005511
"EarlyUpdate.UpdatePreloading";0.004077;0.001874;0.012914;105;503;164;3;3;2.49528799799737;0.004236482;0.003066;0.00517;589;1;1;1;589;1;0.001874;0.012914;503;164;0.00514
"Audibility computation";0.004017;0.000701;0.031429;9;442;68;6;6;2.73366199835436;0.004641192;0.003096;0.00547;589;1;1;1;589;1;0.000701;0.031429;442;68;0.008947
"RenderingCommandBuffer.PrepareKeywords";0.003938001;0.002103999;0.014086;243;507;196;10;11;2.16277410741895;0.003671943;0.002545;0.004475;13547;23;23;23;589;1;3E-05;0.009147;2;196;0.004558
"Assembly-CSharp.dll!MoonsAndStars.Assets.Code.Scripts.Players.Input::ShipController.Update() [Invoke]";0.003917;0.002114;0.032331;65;1;170;5;5;2.51141599193215;0.004263864;0.003056;0.004589;589;1;1;1;589;1;0.002114;0.032331;1;170;0.007794
"Loading.UpdatePreloading";0.003877;0.001763;0.012072;587;89;164;4;4;2.37698599731084;0.00403563;0.002945;0.004989;589;1;1;1;589;1;0.001763;0.012072;89;164;0.0051
"ReflectionProbeAnchorManagerUpdate";0.003828;0.001322;0.016802;106;582;361;8;10;2.17082198907156;0.003685606;0.002446;0.004237;1767;3;3;3;589;1;0.00011;0.013355;314;361;0.004819
"Physics.SendEvents";0.003787;0.001994;0.0262;177;553;128;5;5;2.11624999204651;0.004318878;0.003226;0.004759;494;1;1;5;490;1;0.000791;0.0262;472;128;0.003807
"Unity.RenderPipelines.Core.Runtime.dll!UnityEngine.Rendering::Volume.Update() [Invoke]";0.003767;0.002094;0.015469;238;478;275;5;5;2.41643999493681;0.004102615;0.003076;0.004469;589;1;1;1;589;1;0.002094;0.015469;478;275;0.011441
"UnityEngine.CoreModule.dll!UnityEngine::UnitySynchronizationContext.ExecuteTasks() [Invoke]";0.003747;0.001713;0.014798;480;478;357;4;4;2.39482098969165;0.00406591;0.003006;0.004399;589;1;1;1;589;1;0.001713;0.014798;478;357;0.008556
"ScheduleUpdateRendererBoundingVolumes";0.003717;0.002975;0.021661;48;26;6;4;4;0.217413999373093;0.00434828;0.003366;0.004298;50;1;1;1;50;1;0.002975;0.021661;26;6;0
"Initialization.DirectorSampleTime";0.003687;0.001473;0.016411;126;477;261;3;3;2.27035099605564;0.003854586;0.002574;0.004749;589;1;1;1;589;1;0.001473;0.016411;477;261;0.004719
"DestroyCullResults";0.003657;0.002144;0.012564;496;522;367;3;3;2.15935499360785;0.003666138;0.002746;0.004108;589;1;1;1;589;1;0.002144;0.012564;522;367;0.004008
"PhysX.UpdateContinuationTask";0.003597;0.002104;0.012223;8;553;243;7;7;1.92586199636571;0.003930331;0.002916;0.004579;494;1;1;5;490;1;0.000801;0.012223;472;243;0.00567
"Physics.SyncTransforms";0.003527;0.001843;0.013526;37;34;104;5;5;1.86851299542468;0.003813292;0.002775;0.004479;494;1;1;5;490;1;0.000591;0.013526;472;104;0.003156
"PhysX.ScScene.updateDynamics";0.003497;0.001623;0.016941;205;3;213;7;7;1.91350299306214;0.003905108;0.002565;0.004699;494;1;1;5;490;1;0.000271;0.016941;472;213;0.004248
"Physics.ReadTransforms";0.003477;0.001744;0.014407;438;466;84;5;5;1.86243999470025;0.003800898;0.002685;0.004268;494;1;1;5;490;1;0.000441;0.014407;472;84;0.005621
"PhysX.ScScene.islandInsertion";0.003416;0.001242;0.018224;394;553;209;7;7;1.90421999397222;0.003886163;0.002545;0.004759;494;1;1;5;490;1;0.00013;0.018224;472;209;0.003156
"PostLateUpdate.MemoryFrameMaintenance";0.003407;0.001664;0.014277;111;478;128;3;3;2.25755199592095;0.003832856;0.002756;0.004097;589;1;1;1;589;1;0.001664;0.014277;478;128;0.007324
"UnityEngine.UIElementsModule.dll!UnityEngine.UIElements::UIElementsRuntimeUtilityNative.UpdatePanels() [Invoke]";0.003377;0.001733;0.015068;229;1;279;4;4;2.21342299354728;0.003757934;0.002705;0.004087;589;1;1;1;589;1;0.001733;0.015068;1;279;0.003787
"EarlyUpdate.PlayerCleanupCachedData";0.003367;0.001432;0.012343;409;583;164;3;3;2.12627199140843;0.00360997;0.002434;0.004458;589;1;1;1;589;1;0.001432;0.012343;583;164;0.005581
"UnityEngine.InputModule.dll!UnityEngineInternal.Input::NativeInputSystem.NotifyBeforeUpdate() [Invoke]";0.003286;0.001593;0.013365;97;1;518;4;4;1.80872999469284;0.003691286;0.002755;0.004067;494;1;1;5;490;1;0.001012;0.013365;472;518;0.002414
"Cleanup Unused Cached Data";0.003276;0.001362;0.011752;116;583;164;4;4;2.03775299387053;0.003459682;0.002324;0.004278;589;1;1;1;589;1;0.001362;0.011752;583;164;0.00546
"Inl_ScriptableRenderer.SetupCullingParameters";0.003246;0.001413;0.014217;226;503;95;7;7;1.77834299136885;0.003019258;0.002104;0.003537;589;1;1;1;589;1;0.001413;0.014217;503;95;0.003587
"Director.SampleTime";0.003236;0.001302;0.013806;170;477;267;4;4;1.96145999373402;0.003330153;0.002184;0.004118;589;1;1;1;589;1;0.001302;0.013806;477;267;0.004308
"EarlyUpdate.Physics2DEarlyUpdate";0.003206;0.001503;0.011392;369;451;164;3;3;1.99597899825312;0.003388759;0.002505;0.004028;589;1;1;1;589;1;0.001503;0.011392;451;164;0.002265
"PlayerCleanupCachedData";0.003146;0.001252;0.011171;532;583;164;5;5;1.96736199420411;0.003340173;0.002244;0.004138;589;1;1;1;589;1;0.001252;0.011171;583;164;0.00542
"PreUpdate.AIUpdate";0.003126;0.001814;0.013074;495;406;243;3;3;1.98883399367332;0.003376628;0.002595;0.003837;589;1;1;1;589;1;0.001814;0.013074;406;243;0.003918
"UnityEngine.CoreModule.dll!UnityEngine.Experimental.Rendering::ScriptableRuntimeReflectionSystemWrapper.Internal_ScriptableRuntimeReflectionSystemWrapper_TickRealtimeProbes() [Invoke]";0.003116;0.001693;0.012404;348;30;202;3;3;2.05415799585171;0.003487535;0.002505;0.003807;589;1;1;1;589;1;0.001693;0.012404;30;202;0.012404
"PostLateUpdate.UpdateAllRenderers";0.003076;0.001583;0.032982;114;478;37;3;3;2.50721199437976;0.004256727;0.002414;0.003998;589;1;1;1;589;1;0.001583;0.032982;478;37;0.004619
"PhysX.ScScene.advanceStep";0.003075;0.001293;0.012002;285;552;268;7;7;1.59206299681682;0.003249108;0.002054;0.004238;494;1;1;5;490;1;0.000281;0.012002;472;268;0.003987
"PreUpdate.WindUpdate";0.003016;0.001693;0.01072;497;477;213;3;3;1.87884799274616;0.003189895;0.002375;0.003586;589;1;1;1;589;1;0.001693;0.01072;477;213;0.003306
"PhysX.ScScene.destroyManagers";0.002985;0.001122;0.015999;283;400;472;7;7;1.56949399819132;0.003203049;0.002405;0.003637;494;1;1;5;490;1;0.001122;0.011712;400;494;0.003517
"Inl_UniversalRenderPipeline.SetupPerFrameShaderConstants";0.002945;0.001412;0.01048;488;503;189;5;5;1.66163999657147;0.00282112;0.002074;0.003276;589;1;1;1;589;1;0.001412;0.01048;503;189;0.003356
"UpdatePreloading";0.002916;0.001422;0.009638;84;186;412;5;5;1.81132999400143;0.003075263;0.002184;0.003677;589;1;1;1;589;1;0.001422;0.009638;186;412;0.004058
"RenderLoop.CleanupNodeQueue";0.002885;0.001994;0.011892;430;399;367;4;10;1.72382798884064;0.002926703;0.002403;0.003246;4123;7;7;7;589;1;6E-05;0.009218;44;367;0.003436
"Inl_UniversalRenderPipeline.GetMainLightIndex";0.002806;0.001092;0.024777;196;478;278;9;9;1.74698499229271;0.002966019;0.002184;0.003456;589;1;1;1;589;1;0.001092;0.024777;478;278;0.003086
"PostLateUpdate.UpdateCustomRenderTextures";0.002785;0.001683;0.010329;381;466;568;3;3;1.87460599548649;0.003182693;0.002404;0.003437;589;1;1;1;589;1;0.001683;0.010329;466;568;0.003577
"Initialization.AsyncUploadTimeSlicedUpdate";0.002776;0.001142;0.011291;233;479;439;3;3;1.70440199621953;0.002893721;0.001894;0.003627;589;1;1;1;589;1;0.001142;0.011291;479;439;0.004228
"PhysX.PxsDynamics.solverSetupSolve";0.002766;0.001343;0.016681;494;553;506;7;7;1.55160999530926;0.003166551;0.002214;0.003687;494;1;1;5;490;1;0.00019;0.016681;472;506;0.004067
"PhysX.ScScene.rigidBodyNarrowPhase";0.002765;0.001282;0.014718;196;1;578;7;7;1.55173199716955;0.0031668;0.002054;0.003997;494;1;1;5;490;1;0.00034;0.014718;472;578;0.003055
"Inl_ScriptableRenderer.AddRenderPasses";0.002755;0.001393;0.008126;569;145;201;7;7;1.55834099359345;0.00264574;0.001923;0.002985;589;1;1;1;589;1;0.001393;0.008126;145;201;0.003066
"PreLateUpdate.AccessibilityUpdate";0.002735;0.001432;0.011212;588;196;280;3;3;1.81926199316513;0.00308873;0.002254;0.003247;589;1;1;1;589;1;0.001432;0.011212;196;280;0.004118
"ApplyPass.PrepareKeywords";0.002724;0.001234;0.00525;337;475;127;12;15;1.5526099979179;0.00263601;0.001783;0.003266;2945;5;5;5;589;1;0.0001;0.003396;187;154;0.003786
"WaitForRenderJobs";0.002654;0.001594;0.022953;295;478;527;3;6;1.6038379984675;0.002722985;0.002194;0.002975;1771;3;3;5;589;1;9E-05;0.02131;482;527;0.002396
"CullShadowCastersScriptable";0.002605;0.001643;0.13262;174;96;563;7;7;1.78045800281689;0.003022849;0.002354;0.003016;589;1;1;1;589;1;0.001643;0.13262;96;563;0.002695
"SpeedTreeWindManager.Update";0.002605;0.001373;0.009418;361;477;243;4;4;1.6174199944362;0.002746044;0.002044;0.003015;589;1;1;1;589;1;0.001373;0.009418;477;243;0.002946
"FrameEvents.OnBeforeRenderCallback";0.002605;0.000892;0.013997;454;472;380;3;3;1.45786299445899;0.002475149;0.001794;0.002916;589;1;1;1;589;1;0.000892;0.013997;472;380;0.002946
"MoonsAndStars.GamePlay.dll!MoonsAndStars.Assets.Code.Scripts.GamePlay.Player::FrustumCuller.Update() [Invoke]";0.002605;0.001162;0.014908;542;250;245;5;5;1.94104599708226;0.003295494;0.002004;0.004217;589;1;1;1;589;1;0.001162;0.014908;250;245;0.008035
"LowLevelPhysics2D.DrawWorld.CompileDrawResults";0.002575;0.001172;0.008106;204;452;88;8;8;1.4127529951511;0.002398562;0.001773;0.002805;589;1;1;1;589;1;0.001172;0.008106;452;88;0.003867
"Physics.SendContactEvents";0.002554;0.001333;0.024566;341;3;128;6;6;1.48052899597678;0.003021488;0.002184;0.003247;494;1;1;5;490;1;0.000501;0.024566;472;128;0.002625
"NetworkEarlyUpdate";0.002554;0.001102;0.022702;402;1;161;3;3;1.66789899009746;0.002831747;0.001934;0.003276;589;1;1;1;589;1;0.001102;0.022702;1;161;0.002314
"Profiler.SerializeStats";0.002364;0.001232;0.013064;162;125;526;3;3;1.68268099299166;0.002856844;0.001974;0.003486;589;1;1;1;589;1;0.001232;0.013064;125;526;0.002304
"PreUpdate.InputForUIUpdate";0.002355;0.001373;0.008115;374;457;245;3;3;1.53201199322939;0.002601039;0.001984;0.002976;589;1;1;1;589;1;0.001373;0.008115;457;245;0.003136
"Physics2D.Simulate";0.002334;0.001253;0.009458;362;43;84;4;4;1.27924999431707;0.002610714;0.001913;0.002955;494;1;1;5;490;1;0.000341;0.009458;472;84;0.003977
"Inl_ScriptableRenderer.ClearRenderingState";0.002325;0.001212;0.013695;119;327;278;9;9;1.26234799507074;0.002143205;0.001493;0.002495;589;1;1;1;589;1;0.001212;0.013695;327;278;0.002144
"UnityEngine.CoreModule.dll!UnityEngine.Rendering::RenderPipelineManager.HandleRenderPipelineChange() [Invoke]";0.002315;0.001033;0.008205;284;477;70;3;3;1.41781099874061;0.002407149;0.001824;0.002706;1178;2;2;2;589;1;0.000421;0.006963;477;70;0.00508
"EarlyUpdate.UpdateCanvasRectTransform";0.002315;0.001072;0.012003;315;229;164;3;3;1.60834599263035;0.002730638;0.001824;0.003136;589;1;1;1;589;1;0.001072;0.012003;229;164;0.001453
"Physics.UpdateRigidbodies";0.002275;0.001072;0.01056;187;553;84;6;6;1.23977899888996;0.002530161;0.001793;0.002865;494;1;1;5;490;1;0.000321;0.01056;472;84;0.003878
"LowLevelPhysics2D.PhysicsWorld.PreSimulate";0.002274;0.001042;0.009808;305;196;84;6;6;1.26463899936061;0.002580896;0.001874;0.002916;494;1;1;5;490;1;0.00026;0.009808;472;84;0.003296
"UnityEngine.UIModule.dll!UnityEngine::Canvas.SendPreWillRenderCanvases() [Invoke]";0.002255;0.001263;0.021881;411;572;296;6;6;1.49594099295791;0.002539798;0.001714;0.002675;589;1;1;1;589;1;0.001263;0.021881;572;296;0.003326
"CustomRenderTextures.Update";0.002234;0.001322;0.009408;249;466;417;4;4;1.50460599141661;0.002554509;0.001864;0.002725;589;1;1;1;589;1;0.001322;0.009408;466;417;0.002706
"PhysX.PxsDynamics.solverStart";0.002234;0.001122;0.008806;259;327;135;7;7;1.22820699645672;0.002506545;0.001794;0.002875;494;1;1;5;490;1;0.0002;0.008806;472;135;0.003126
"NetworkPreUpdate";0.002174;0.000862;0.007625;19;535;84;3;3;1.37511999963317;0.002334669;0.001713;0.002645;589;1;1;1;589;1;0.000862;0.007625;535;84;0.002184
"UnityEngine.IMGUIModule.dll!UnityEngine::Event.Internal_MakeMasterEventCurrent() [Invoke]";0.002154;0.001002;0.009117;5;549;467;11;11;1.29685599473305;0.002201793;0.001683;0.002595;589;1;1;1;589;1;0.001002;0.009117;549;467;0.002805
"FindActiveLights";0.002114;0.000591;0.008867;147;477;414;10;10;1.12874800048303;0.00191638;0.001382;0.002305;589;1;1;1;589;1;0.000591;0.008867;477;414;0.002484
"Application.Integrate Assets in Background";0.002114;0.001011;0.007193;574;36;164;6;6;1.31630099681206;0.002234807;0.001563;0.002665;589;1;1;1;589;1;0.001011;0.007193;36;164;0.003076
"FrameEvents.XRBeginFrame";0.002094;0.000611;0.004268;440;478;475;3;3;1.12346899986733;0.001907418;0.001433;0.002264;589;1;1;1;589;1;0.000611;0.004268;478;475;0.002434
"UI.RenderOverlays";0.002074;0.000942;0.01095;373;477;197;10;10;1.1982640006463;0.002034404;0.001533;0.002274;589;1;1;1;589;1;0.000942;0.01095;477;197;0.002926
"PrepareSceneNodesSetUp";0.002064;4E-05;0.031519;128;363;70;12;12;0.980570985553641;0.002249016;0.000191;0.002945;1169;2;1;6;436;2;1E-05;0.030848;94;70;0
"ExecuteRenderQueueJob";0.002034;0.001542;0.031359;509;159;70;11;12;2.21481599006802;0.004793974;0.001773;0.002465;508;1;1;2;462;2;0.001433;0.029486;577;305;0.02118
"EarlyUpdate.ClearLines";0.002003;0.000692;0.009248;54;535;526;3;3;1.25471999688307;0.002130255;0.001352;0.002705;589;1;1;1;589;1;0.000692;0.009248;535;526;0.002806
"AudioProfiler.CaptureFrame";0.001984;0.000621;0.020198;318;476;237;4;4;1.4076239959104;0.002389854;0.001383;0.002865;589;1;1;1;589;1;0.000621;0.020198;476;237;0.000932
"PhysX.PostBroadPhaseStage2Task";0.001923;0.000892;0.011732;474;553;433;7;7;1.04299999447539;0.002128572;0.001352;0.002695;494;1;1;5;490;1;0.0002;0.011732;472;433;0.002134
"TransformChangeSystem";0.001914;0.000781;0.023253;342;426;6;4;9;1.36293398443377;0.00231398;0.001472;0.002483;7327;13;9;29;589;1;2E-05;0.021511;3;6;0.003095
"PhysX.ScScene.islandGen";0.001914;0.000942;0.016291;367;272;582;7;7;1.07370899472153;0.002191243;0.001613;0.002305;494;1;1;5;490;1;0.000942;0.016291;272;582;0.002024
"Inl_RG_BloomPrefilter";0.001913;0.000672;0.012343;433;508;180;9;9;1.13798899558606;0.00193207;0.001212;0.002394;589;1;1;1;589;1;0.000672;0.012343;508;180;0.002504
"UnityEngine.CoreModule.dll!UnityEngine::Application.InvokeOnBeforeRender() [Invoke]";0.001903;0.00051;0.005109;70;476;459;4;4;1.05271999648539;0.0017873;0.001302;0.002174;589;1;1;1;589;1;0.00051;0.005109;476;459;0.002174
"PrepareUpdateRendererBoundingVolumes";0.001854;0.000931;0.012744;372;87;164;4;10;1.20228098687949;0.002041224;0.001513;0.002274;2945;5;5;5;589;1;7E-05;0.010069;139;164;0.002374
"PhysX.ScScene.processLostContact";0.001833;0.000722;0.010199;447;535;472;7;7;0.993827996542677;0.00202822;0.001353;0.002364;494;1;1;5;490;1;0.000722;0.010139;535;63;0.003096
"UnityEngine.InputModule.dll!UnityEngineInternal.Input::NativeInputSystem.NotifyUpdate() [Invoke]";0.001823;0.001082;0.008085;3;570;394;4;4;1.0326659969287;0.002107482;0.001533;0.002335;494;1;1;5;490;1;0.00048;0.008085;472;394;0.001512
"AsyncUploadManager.AsyncResourceUploadAll";0.001823;0.000771;0.006943;526;479;439;4;8;1.16074799146736;0.00197071;0.001363;0.002434;1178;2;2;2;589;1;0.00011;0.006723;1;439;0.002846
"ReflectionProbeAnchorPositionUpdate";0.001814;0.000681;0.014207;285;1;372;9;11;1.10201799974311;0.001870998;0.001244;0.002104;1767;3;3;3;589;1;5E-05;0.011993;433;372;0.002365
"EarlyUpdate.ExecuteMainThreadJobs";0.001803;0.000612;0.010199;53;477;241;3;3;1.20112299802713;0.002039258;0.001362;0.002474;589;1;1;1;589;1;0.000612;0.010199;477;241;0.002735
"Inl_LightCookies";0.001774;0.000982;0.009808;349;478;271;10;10;1.0329509973526;0.001753737;0.001343;0.001934;589;1;1;1;589;1;0.000982;0.009808;478;271;0.001834
"PhysX.ScScene.processLostContact2";0.001773;0.000741;0.025117;123;334;522;7;7;0.999376998981461;0.002039545;0.001322;0.002365;494;1;1;5;490;1;0.000741;0.025117;334;522;0.002204
"Initialization.XREarlyUpdate";0.001763;0.000751;0.007854;416;403;267;3;3;1.10479799727909;0.001875718;0.001252;0.002344;589;1;1;1;589;1;0.000751;0.007854;403;267;0.002254
"CullSceneDynamicObjects";0.001753;0.001102;0.003387;165;477;212;11;11;0.518327997764573;0.001978351;0.001603;0.002425;262;1;1;1;262;2;0.001102;0.003387;477;212;0
"PhysX.DirtyShapeUpdatesTask";0.001733;0.000801;0.008627;226;553;104;7;7;0.955340998945758;0.001949675;0.001302;0.002344;494;1;1;5;490;1;5E-05;0.008627;472;104;0.001844
"UGUI.Rendering.EmitWorldScreenspaceCameraGeometry";0.001732;0.000541;0.004258;354;478;147;3;4;0.996617995842826;0.001692051;0.001303;0.001944;1178;2;2;2;589;1;9E-05;0.003596;136;147;0.001913
"AddDirectionalLights";0.001724;0.000571;0.009729;370;476;414;10;10;0.97911099542398;0.001662328;0.001122;0.001953;589;1;1;1;589;1;0.000571;0.009729;476;414;0.001854
"Inl_DrawOpaqueObjects";0.001713;0.001062;0.006552;411;508;364;8;8;1.03718499699607;0.001760925;0.001312;0.001943;589;1;1;1;589;1;0.001062;0.006552;508;364;0.002064
"Idle";0.001703;0.000772;0.19656;351;205;547;11;11;0.864820996532217;0.01029549;0.001212;0.012985;85;1;1;2;84;77;0.000772;0.19656;205;547;0
"EarlyUpdate.UpdateContentLoading";0.001703;0.000671;0.014928;360;499;545;3;3;1.09596699668327;0.001860725;0.001193;0.002284;589;1;1;1;589;1;0.000671;0.014928;499;545;0.002465
"TerrainManager.CullAllTerrains";0.001643;0.000801;0.006983;157;145;232;8;8;0.910603998112492;0.001546017;0.001082;0.001814;589;1;1;1;589;1;0.000801;0.006983;145;232;0.001813
"UnityEngine.AccessibilityModule.dll!UnityEngine.Accessibility::AccessibilityManager.Internal_Update() [Invoke]";0.001633;0.000841;0.008206;345;508;347;4;4;1.10645399679197;0.00187853;0.001302;0.002014;589;1;1;1;589;1;0.000841;0.008206;508;347;0.002124
"ScheduleShadowSplitMasksComputation";0.001623;0.001042;0.131407;373;333;563;8;8;1.19521199015435;0.002029222;0.001452;0.001924;589;1;1;1;589;1;0.001042;0.131407;333;563;0.001553
"PhysX.ScScene.afterIntegration";0.001603;0.000822;0.008957;319;553;267;7;7;0.894836996914819;0.001826198;0.001293;0.002114;494;1;1;5;490;1;0.000151;0.008957;472;267;0.004138
"PhysX.ScScene.preRigidBodyNarrowPhase";0.001573;0.000772;0.007444;64;474;227;7;7;0.9020539985504;0.001840926;0.001243;0.002294;494;1;1;5;490;1;0.00011;0.007444;472;227;0.001623
"ReflectionProbes.Update";0.001543;0.000902;0.008236;32;30;510;4;4;1.04475399543298;0.001773776;0.001303;0.001924;589;1;1;1;589;1;0.000902;0.008236;30;510;0.006172
"PreUpdate.Physics2DUpdate";0.001532;0.000851;0.022352;253;477;212;3;3;1.25828499667114;0.002136307;0.001232;0.002234;589;1;1;1;589;1;0.000851;0.022352;477;212;0.001462
"FixedUpdate.DirectorFixedUpdate";0.001523;0.000631;0.005681;74;466;227;3;3;0.837949997629039;0.001710102;0.001132;0.002074;494;1;1;5;490;1;0.00011;0.005681;472;227;0.001373
"PreLateUpdate.ConstraintManagerUpdate";0.001513;0.000762;0.006933;262;477;189;3;3;0.999239999044221;0.001696503;0.001142;0.001833;589;1;1;1;589;1;0.000762;0.006933;477;189;0.002765
"NetworkFixedUpdate";0.001502;0.000551;0.004828;188;554;472;3;3;0.767023997148499;0.001565355;0.001072;0.001884;494;1;1;5;490;1;0.00047;0.004068;472;289;0.001302
"UnityEngine.CoreModule.dll!UnityEngine.Rendering::SupportedRenderingFeatures.IsLightmapBakeTypeSupportedByRef() [Invoke]";0.001483;0.000631;0.004809;544;551;538;9;9;1.01801099657314;0.001728372;0.001112;0.002204;589;1;1;1;589;1;0.000631;0.004809;551;538;0.002454
"UnityEngine.InputForUIModule.dll!UnityEngine.InputForUI::EventProvider.NotifyUpdate() [Invoke]";0.001482;0.000801;0.005671;352;549;101;4;4;0.965392995683942;0.001639037;0.001202;0.001894;589;1;1;1;589;1;0.000801;0.005671;549;101;0.002284
"Find dependency chain";0.001461;0.000522;0.009686;433;504;11;7;14;0.877591977419797;0.001489969;0.001163;0.001684;3914;7;2;9;589;1;2E-05;0.008636;107;11;0.001824
"CoroutinesDelayedCalls";0.001444;0.000651;0.170561;361;457;226;4;4;7.66402698453749;0.01301193;0.001133;0.001934;2850;5;4;9;589;1;3E-05;0.168989;2;226;0.002304
"PhysX.ScScene.collideStep";0.001403;0.000701;0.009578;334;206;422;7;7;0.792504995770287;0.001617357;0.001082;0.001904;494;1;1;5;490;1;0.0001;0.009578;472;422;0.001342
"NetworkPostLateUpdate";0.001382;0.000741;0.009829;294;272;319;3;3;0.926198998757172;0.001572494;0.001072;0.001733;589;1;1;1;589;1;0.000741;0.009829;272;319;0.003838
"Profiler.CollectVideoStats";0.001362;0.000521;0.007113;179;582;307;3;3;0.922450997401029;0.001566131;0.001042;0.001963;589;1;1;1;589;1;0.000521;0.007113;582;307;0.001453
"NetworkPreLateUpdate";0.001353;0.000601;0.021261;23;474;337;3;3;0.920274996955413;0.001562436;0.001022;0.001743;589;1;1;1;589;1;0.000601;0.021261;474;337;0.001773
"NetworkUpdate";0.001353;0.000651;0.005701;142;1;302;3;3;0.877732997294515;0.001490209;0.001072;0.001713;589;1;1;1;589;1;0.000651;0.005701;1;302;0.002184
"PhysX.ScScene.broadPhase";0.001353;0.000751;0.007935;376;3;268;7;7;0.753605998062994;0.001537971;0.001062;0.001844;494;1;1;5;490;1;0.00011;0.007935;472;268;0.001342
"SpeedTreeWindManager.UpdateGlobalAndLocalWinds";0.001322;0.000702;0.00492;200;477;213;5;5;0.846010999986902;0.001436351;0.001042;0.001573;589;1;1;1;589;1;0.000702;0.00492;477;213;0.001583
"Inl_Draw Additional Lights Shadowmap";0.001313;0.000741;0.010399;206;59;409;8;8;0.763568997033872;0.001296382;0.000932;0.001503;589;1;1;1;589;1;0.000741;0.010399;59;409;0.001533
"GeneralConnection.Poll";0.001311;0.00027;0.004469;541;98;267;5;6;0.891896996385185;0.001514256;0.000951;0.002134;1178;2;2;2;589;1;0.00012;0.003417;43;267;0.002034
"LOD.ComputeLOD";0.001302;0.00054;0.007675;463;478;92;9;10;0.712634996743873;0.001209907;0.000871;0.001432;1178;2;2;2;589;1;8E-05;0.007434;478;92;0.001592
"PostLateUpdate.PhysicsSkinnedClothBeginUpdate";0.001293;0.000521;0.012283;206;478;529;3;3;0.862455997732468;0.001464272;0.001002;0.001533;589;1;1;1;589;1;0.000521;0.012283;478;529;0.001783
"UnityEngine.PhysicsModule.dll!UnityEngine::Physics.OnSceneContact() [Invoke]";0.001293;0.000641;0.022342;320;3;128;7;7;0.786602998559829;0.001605312;0.001082;0.001663;494;1;1;5;490;1;0.00026;0.022342;472;128;0.001353
"InputUpdate";0.001272;0.000712;0.006943;175;503;395;5;5;0.710082997917198;0.001449149;0.001052;0.001603;494;1;1;5;490;1;0.0003;0.006943;472;395;0.001012
"Inl_DrawScreenSpaceUI";0.001263;0.00063;0.003236;186;423;213;8;8;0.713524001010228;0.001211416;0.000822;0.001463;1178;2;2;2;589;1;0.00023;0.001833;569;258;0.001393
"AddCustomActiveLocalLights";0.001262;0.000571;0.011061;128;181;36;10;10;0.827680997550488;0.001405231;0.000762;0.001393;589;1;1;1;589;1;0.000571;0.011061;181;36;0.001473
"NetworkPostScriptLateUpdate";0.001242;0.000571;0.008195;309;535;441;3;3;0.811948997259606;0.001378521;0.000911;0.001553;589;1;1;1;589;1;0.000571;0.008195;535;441;0.001824
"LowLevelPhysics2D.DrawWorld.UpdateLifetimes";0.001223;0.000441;0.009067;48;440;390;4;4;0.82421099752537;0.00139934;0.000902;0.001683;589;1;1;1;589;1;0.000441;0.009067;440;390;0.000832
"UnityEngine.CoreModule.dll!UnityEngine.Rendering::SupportedRenderingFeatures.IsUIOverlayRenderedBySRP() [Invoke]";0.001202;0.000511;0.007895;133;475;411;3;3;0.659803999005817;0.001120211;0.000721;0.001393;589;1;1;1;589;1;0.000511;0.007895;475;411;0.001553
"Inl_Setup Additional Shadows";0.001192;0.000361;0.002795;461;478;266;9;9;0.728138998121722;0.001236229;0.000992;0.001443;589;1;1;1;589;1;0.000361;0.002795;478;266;0.001694
"UnityEngine.UIModule.dll!UnityEngine::Canvas.SendWillRenderCanvases() [Invoke]";0.001172;0.000601;0.008165;344;430;68;6;6;0.813584997085854;0.001381299;0.000952;0.001503;589;1;1;1;589;1;0.000601;0.008165;430;68;0.001663
"EarlyUpdate.RendererNotifyInvisible";0.001172;0.000531;0.006723;356;321;75;3;3;0.798260996700265;0.001355282;0.000881;0.001583;589;1;1;1;589;1;0.000531;0.006723;321;75;0.002074
"UpdateScreenManagerAndInput";0.001172;0.000821;0.008486;367;583;267;3;3;0.796714998723473;0.001352657;0.001042;0.001453;589;1;1;1;589;1;0.000821;0.008486;583;267;0.001282
"UnityEngine.AIModule.dll!UnityEngine.AI::NavMesh.Internal_CallOnNavMeshPreUpdate() [Invoke]";0.001172;0.000651;0.004588;428;406;243;4;4;0.767132998153102;0.001302433;0.000982;0.001412;589;1;1;1;589;1;0.000651;0.004588;406;243;0.001323
"UnityEngine.CoreModule.dll!UnityEngine.Rendering::OnDemandRendering.GetRenderFrameInterval() [Invoke]";0.001162;0.000511;0.004869;165;425;164;3;3;0.745197995915078;0.001265192;0.000831;0.001563;589;1;1;1;589;1;0.000511;0.004869;425;164;0.001693
"PreLateUpdate.Physics2DLateUpdate";0.001122;0.000661;0.021831;92;467;268;3;3;0.78414199949475;0.001331311;0.000932;0.001403;589;1;1;1;589;1;0.000661;0.021831;467;268;0.001653
"RenderTexture.GarbageCollectTemporary";0.001112;0.000301;0.065954;167;60;482;3;6;0.777950996911386;0.0013208;0.000861;0.001474;1178;2;2;2;589;1;4E-05;0.064221;282;482;0.001923
"PostLateUpdate.AccessibilityLateUpdate";0.001112;0.000601;0.006162;309;98;135;3;3;0.766266998427454;0.001300963;0.000881;0.001403;589;1;1;1;589;1;0.000601;0.006162;98;135;0.001282
"Renderers.OncePerFrameUpdate";0.001102;0.00051;0.006101;371;196;286;4;4;0.74812199868029;0.001270156;0.000892;0.001403;589;1;1;1;589;1;0.00051;0.006101;196;286;0.001453
"Physics.Interpolation";0.001092;0.00041;0.012954;34;451;150;4;4;0.710335998068331;0.001206003;0.000772;0.001473;1079;2;1;2;589;1;4E-05;0.012764;24;150;0.001083
"PreLateUpdate.EndGraphicsJobsAfterScriptUpdate";0.001092;0.0004;0.021521;567;475;527;3;3;0.776293998904293;0.001317986;0.000961;0.001393;589;1;1;1;589;1;0.0004;0.021521;475;527;0.001032
"EndGraphicsJobs";0.001072;0.0004;0.02144;7;475;527;4;4;0.754318994790083;0.001280677;0.000932;0.001352;1178;2;2;2;589;1;3E-05;0.02141;1;527;0.001002
"UnityEngine.Physics2DModule.dll!UnityEngine.LowLevelPhysics2D::PhysicsEvents.InvokePreSimulate() [Invoke]";0.001052;0.000411;0.004989;30;196;266;7;7;0.608904998138314;0.001242663;0.000852;0.001392;494;1;1;5;490;1;0.00018;0.004989;472;266;0.001953
"PhysX.ScScene.postSolver";0.001042;0.000461;0.007835;78;146;214;7;7;0.567169999209;0.00115749;0.000781;0.001303;494;1;1;5;490;1;0.00017;0.007835;472;214;0.002575
"ClothManager.LateUpdate";0.001042;0.000461;0.011442;415;478;529;4;4;0.703447999519994;0.001194309;0.000821;0.001233;589;1;1;1;589;1;0.000461;0.011442;478;529;0.001292
"LowLevelPhysics2D.PhysicsWorld.PostSimulate";0.001032;0.000491;0.013666;130;474;38;6;6;0.606577999016736;0.001237914;0.000832;0.001333;494;1;1;5;490;1;0.0002;0.013666;472;38;0.000972
"CullSceneDynamicObjectsCombineJob";0.001032;0.00036;0.007054;316;97;482;10;10;0.294488999934401;0.001124004;0.000841;0.001302;262;1;1;1;262;2;0.00036;0.007054;97;482;0
"Physics2D.SyncTransformChanges";0.001032;0.00048;0.004599;337;403;84;5;5;0.571053999185096;0.001165416;0.000822;0.001302;494;1;1;5;490;1;0.00027;0.004599;472;84;0.002375
"CleanUp.TextRenderingGarbageCollect";0.001022;0.000361;0.008035;20;479;358;6;6;0.655929998727515;0.001113633;0.000722;0.001362;589;1;1;1;589;1;0.000361;0.008035;479;358;0.001773
"PreUpdate.IMGUISendQueuedEvents";0.001022;0.000611;0.00522;148;508;406;3;3;0.671507998660672;0.001140081;0.000852;0.001223;589;1;1;1;589;1;0.000611;0.00522;508;406;0.000962
"MoonsAndStars.Planets.dll!MoonsAndStars.Assets.Code.Scripts.Planets::PlanetMeshGenerator.Update() [Invoke]";0.001022;0.000411;0.017714;226;452;245;5;5;1.65253199342988;0.002805657;0.000731;0.005099;589;1;1;1;589;1;0.000411;0.017714;452;245;0.002545
"Shadows.CullingCallbacks";0.001012;0.000691;0.008586;224;577;559;8;8;0.637595999636687;0.001082506;0.000882;0.001172;589;1;1;1;589;1;0.000691;0.008586;577;559;0.001082
"PreUpdate.PhysicsUpdate";0.001002;0.000481;0.010068;417;535;294;3;3;1.03099299885798;0.001750413;0.000821;0.001653;589;1;1;1;589;1;0.000481;0.010068;535;294;0.001122
"PhysX.ScScene.updateCCDMultiPass";0.000992;0.000521;0.003647;255;553;525;7;7;0.511762999289203;0.001044414;0.000772;0.001143;494;1;1;5;490;1;0.0001;0.003647;472;525;0.001893
"PhysX.AABBManager::postBroadPhaseStage3";0.000992;0.000401;0.005801;275;510;227;7;7;0.546432999544777;0.001115169;0.000691;0.001352;494;1;1;5;490;1;0.00012;0.005801;472;227;0.000932
"updateScene.Invoke";0.000981;0.00051;0.009909;501;23;216;3;3;0.681023000041023;0.001156236;0.000762;0.001262;589;1;1;1;589;1;0.00051;0.009909;23;216;0.003767
"Inl_Forward+ Complete";0.000981;0.000571;0.003887;552;507;286;10;10;0.633853999490384;0.001076153;0.000841;0.001153;589;1;1;1;589;1;0.000571;0.003887;507;286;0.001032
"PostLateUpdate.RenderAs2DUpdate";0.000971;0.000401;0.005931;482;478;128;3;3;0.648128998320317;0.001100389;0.000781;0.001182;589;1;1;1;589;1;0.000401;0.005931;478;128;0.001313
"Inl_Set Motion Vector Global Matrices";0.000962;0.000461;0.01051;285;543;363;8;8;0.537528000510065;0.0009126112;0.000561;0.001092;589;1;1;1;589;1;0.000461;0.01051;543;363;0.001202
"EarlyUpdate.UpdateAsyncInstantiate";0.000942;0.00037;0.003707;50;547;516;3;3;0.59744600020349;0.00101434;0.000681;0.001242;589;1;1;1;589;1;0.00037;0.003707;547;516;0.001783
"PhysX.ScScene.rigidBodySolver";0.000912;0.000441;0.010971;33;1;124;7;7;0.512103000219213;0.001049391;0.000711;0.001222;492;1;1;5;488;1;9E-05;0.010971;472;124;0.000982
"PhysX.PxsDynamics.preIntegrate";0.000902;0.000431;0.004909;175;553;84;7;7;0.508003999624634;0.001036743;0.000721;0.001212;494;1;1;5;490;1;7E-05;0.004909;472;84;0.001633
"PreLateUpdate.ScriptRunBehaviourLateUpdate";0.000902;0.000391;0.004268;579;61;349;3;3;0.615602998936083;0.001045166;0.000671;0.001182;589;1;1;1;589;1;0.000391;0.004268;61;349;0.001382
"PreUpdate.NewInputUpdate";0.000882;0.000381;0.007885;317;285;94;3;3;0.61233399854973;0.001039616;0.000731;0.001122;589;1;1;1;589;1;0.000381;0.007885;285;94;0.000501
"PreUpdate.UpdateVideo";0.000881;0.000411;0.007294;22;581;460;3;3;0.5775269997539;0.0009805212;0.000702;0.001022;589;1;1;1;589;1;0.000411;0.007294;581;460;0.000802
"JobDebuggerFrameMaintenance";0.000862;0.0002;0.008205;362;477;281;4;4;0.621649999011424;0.001055433;0.000641;0.001233;589;1;1;1;589;1;0.0002;0.008205;477;281;0.000681
"PhysX.ScScene.postBroadPhase";0.000861;0.000391;0.004909;335;553;268;7;7;0.45607699957327;0.0009307694;0.000601;0.001142;494;1;1;5;490;1;0.00014;0.004909;472;268;0.001002
"EarlyUpdate.UnityWebRequestUpdate";0.000852;0.000371;0.02111;571;146;181;3;3;0.584601998445578;0.0009925331;0.000631;0.001133;589;1;1;1;589;1;0.000371;0.02111;146;181;0.001774
"Inl_DrawDepthNormalPrepass";0.000832;0.000461;0.006242;73;569;2;8;8;0.487145999417407;0.000827073;0.000581;0.000982;589;1;1;1;589;1;0.000461;0.006242;569;2;0.000981
"DrawTransparentObjects";0.000832;0.000551;0.01086;464;86;576;9;9;0.536861998552922;0.0009114805;0.000711;0.000972;589;1;1;1;589;1;0.000551;0.01086;86;576;0.000712
"EarlyUpdate.AnalyticsCoreStatsUpdate";0.000821;0.0003;0.01621;362;1;97;3;3;0.542925998801365;0.0009217759;0.000611;0.001092;589;1;1;1;589;1;0.0003;0.01621;1;97;0.001523
"MoonsAndStars.Planets.dll!MoonsAndStars.Assets.Code.Scripts.Planets::LodCalculator.CheckVisiblePlanets() [Coroutine: System.Collections.IEnumerator.get_Current] [Invoke]";0.000812;0.000411;0.006663;363;546;265;5;5;0.0894709997519385;0.0009831978;0.000601;0.000972;91;1;1;1;91;1;0.000411;0.006663;546;265;0
"UIEvents.UpdateCanvasRectTransform";0.000802;0.00024;0.004609;124;210;420;4;4;0.532218999171164;0.0009035976;0.000712;0.000942;589;1;1;1;589;1;0.00024;0.004609;210;420;0.000932
"GarbageCollector.CollectIncremental";0.000791;0.0002;0.012684;580;215;93;4;4;0.536725999685586;0.0009112495;0.000591;0.001093;589;1;1;1;589;1;0.0002;0.012684;215;93;0.000591
"EarlyUpdate.DispatchEventQueueEvents";0.000782;0.000241;0.003126;52;478;490;3;3;0.510976999328705;0.0008675331;0.000601;0.001042;589;1;1;1;589;1;0.000241;0.003126;478;490;0.000641
"PhysX.ThirdPassIslandGenTask";0.000782;0.00042;0.004438;255;589;31;7;7;0.451696999574779;0.0009218306;0.000631;0.000982;494;1;1;5;490;1;0.00018;0.004438;472;31;0.001052
"PhysX.ScScene.processLostSolverPatchesTask";0.000781;0.00046;0.003717;372;3;169;7;7;0.414469999232097;0.000852819;0.000601;0.000972;490;1;1;5;486;1;4E-05;0.003717;472;169;0.000741
"Profiler.CollectEditorStats";0.000772;0.00029;0.002675;370;84;294;1;1;0.510486999060959;0.0008667012;0.000561;0.001042;589;1;1;1;589;1;0.00029;0.002675;84;294;0.000441
"CullResultsToNativeArrays";0.000762;0.00023;0.002495;71;507;65;8;8;0.476614998682635;0.0008091935;0.000601;0.000971;589;1;1;1;589;1;0.00023;0.002495;507;65;0.001203
"Inl_Setup Debug Properties";0.000762;0.000161;0.001763;99;434;363;8;8;0.404995998585946;0.0006875993;0.000461;0.000832;589;1;1;1;589;1;0.000161;0.001763;434;363;0.000751
"Physics.UpdateArticulations";0.000761;0.00037;0.008356;123;154;525;6;6;0.416646998754004;0.0008503;0.000591;0.000952;494;1;1;5;490;1;4E-05;0.008356;472;525;0.001332
"Inl_DrawTransparentObjects";0.000761;0.00045;0.009017;395;488;177;8;8;0.460249998839572;0.0007814092;0.000561;0.000882;589;1;1;1;589;1;0.00045;0.009017;488;177;0.001012
"PostLateUpdate.TriggerEndOfFrameCallbacks";0.000751;0.000351;0.020699;171;196;249;3;3;0.547862999606878;0.0009301579;0.000611;0.000942;589;1;1;1;589;1;0.000351;0.020699;196;249;0.001092
"JobHandle.Complete";0.000741;0.0004;0.003357;274;159;358;11;11;0.491150999296224;0.0008338726;0.000641;0.000901;589;1;1;1;589;1;0.0004;0.003357;159;358;0.000781
"ConstraintManager::Update";0.000732;0.000131;0.004439;318;477;189;4;4;0.493681999898399;0.0008381698;0.00051;0.000922;589;1;1;1;589;1;0.000131;0.004439;477;189;0.001462
"PhysX.ScScene.secondPassNarrowPhase";0.000731;0.00037;0.003086;433;584;227;7;7;0.403410999948392;0.0008232878;0.000571;0.000932;494;1;1;5;490;1;7E-05;0.003086;472;227;0.000972
"Physics2D.CollectProfileInfo";0.000722;0.000361;0.02148;166;467;268;4;4;0.52330299874302;0.0008884601;0.000581;0.000892;589;1;1;1;589;1;0.000361;0.02148;467;268;0.001322
"Initialization.SynchronizeInputs";0.000721;0.000201;0.004168;150;334;267;3;3;0.487482999276835;0.0008276452;0.000501;0.001062;589;1;1;1;589;1;0.000201;0.004168;334;267;0.001233
"Shadows.SplitAndSortCasters";0.000701;0.00011;0.008296;442;485;108;15;15;0.501708996911475;0.0009308145;0.00035;0.001372;1238;2;1;4;539;1;7E-05;0.007945;8;108;0.001292
"TimeManager.Update";0.000701;0.00032;0.008787;579;323;289;4;4;0.475718000059715;0.0008076706;0.000551;0.000912;589;1;1;1;589;1;0.00032;0.008787;323;289;0.000411
"Inl_RG_SetupPostFX";0.000692;0.000331;0.001994;187;288;164;8;8;0.393301999138203;0.0006677453;0.000481;0.000762;589;1;1;1;589;1;0.000331;0.001994;288;164;0.000752
"Preload Single Step";0.000692;0.00023;0.003516;313;203;164;7;7;0.463674998551141;0.0007872241;0.000551;0.000942;589;1;1;1;589;1;0.00023;0.003516;203;164;0.000742
"PhysX.ScScene.preallocateContactManagers";0.000691;0.000261;0.007154;472;433;78;7;7;0.387347998883342;0.0007905061;0.000511;0.000932;494;1;1;5;490;1;5E-05;0.007154;472;78;0.000672
"UnityEngine.Physics2DModule.dll!UnityEngine.LowLevelPhysics2D::PhysicsEvents.InvokePostSimulate() [Invoke]";0.000682;0.000371;0.003407;424;474;243;7;7;0.394016999925952;0.0008041163;0.000591;0.000871;494;1;1;5;490;1;0.000121;0.003407;472;243;0.000711
"PhysX.ScScene.processLostContact3";0.000671;0.000461;0.002184;4;400;529;7;7;0.0478779999539256;0.0007599682;0.000551;0.000821;63;1;1;1;63;4;0.000461;0.002184;400;529;0
"Canvas.RenderOverlays";0.000671;0.00017;0.009358;348;477;197;11;11;0.392795999490772;0.0006668862;0.000461;0.000741;589;1;1;1;589;1;0.00017;0.009358;477;197;0.000902
"PrepareSceneNodesCombineJob";0.000662;0.00033;0.001052;550;330;234;12;12;0.011113999877125;0.0006537647;0.000501;0.000802;17;1;1;1;17;20;0.00033;0.001052;330;234;0
"PhysX.ScScene.postBroadPhaseCont";0.000661;0.00023;0.002916;76;563;537;7;7;0.356770000071265;0.0007281021;0.000461;0.000882;494;1;1;5;490;1;7E-05;0.002916;472;537;0.000621
"UnityEngine.AccessibilityModule.dll!UnityEngine.Accessibility::AccessibilityManager.Internal_LateUpdate() [Invoke]";0.000661;0.000331;0.004879;379;146;135;4;4;0.461258000344969;0.0007831205;0.000521;0.000832;589;1;1;1;589;1;0.000331;0.004879;146;135;0.000801
"PostLateUpdate.UpdateAllSkinnedMeshes";0.000661;0.00029;0.004067;558;477;212;3;3;0.469593999790959;0.0007972734;0.000511;0.000842;589;1;1;1;589;1;0.00029;0.004067;477;212;0.001182
"Set Motion Vector Global Matrices";0.000651;0.0003;0.002635;79;582;560;9;9;0.405375998932868;0.0006882445;0.00048;0.000801;589;1;1;1;589;1;0.0003;0.002635;582;560;0.000912
"PhysX.PxsDynamics.createForceChangeThresholdStream";0.000642;0.000321;0.005991;58;577;382;7;7;0.360403999307891;0.0007355183;0.000471;0.000822;494;1;1;5;490;1;0.0001;0.005991;472;382;0.000782
"Physics.CalculateChangedColliderTransforms";0.000641;0.00024;0.003576;6;51;518;6;6;0.361113999068039;0.0007369674;0.000461;0.000892;494;1;1;5;490;1;8E-05;0.003576;472;518;0.000541
"PhysX.BpSAP.postUpdateWork";0.000641;0.00026;0.007585;412;196;227;7;7;0.347045999369584;0.0007082571;0.000471;0.000832;494;1;1;5;490;1;0.00016;0.007585;472;227;0.000681
"MoonsAndStars.Planets.dll!MoonsAndStars.Assets.Code.Scripts.Planets::LodCalculator.CheckLodOnPlanets() [Coroutine: System.Collections.IEnumerator.get_Current] [Invoke]";0.000631;0.000321;0.002765;27;472;123;5;5;0.0676809995784424;0.0007437472;0.000511;0.000761;91;1;1;1;91;1;0.000321;0.002765;472;123;0
"Inl_DrawSkybox";0.000631;0.00027;0.010149;109;145;407;8;8;0.382064000586979;0.0006486655;0.00039;0.000781;589;1;1;1;589;1;0.00027;0.010149;145;407;0.000741
"Initialize Frame";0.000622;0.00035;0.002275;558;16;239;9;9;0.384853000432486;0.0006534007;0.000521;0.000721;589;1;1;1;589;1;0.00035;0.002275;16;239;0.000691
"FixedUpdate.LegacyFixedAnimationUpdate";0.000621;0.00025;0.002314;126;1;97;3;3;0.344969999452587;0.0007040204;0.000461;0.000842;494;1;1;5;490;1;5E-05;0.002314;472;97;0.000581
"PostLateUpdate.UpdateRectTransform";0.000621;0.000321;0.00545;530;478;306;3;3;0.438658000319265;0.0007447504;0.000481;0.000782;589;1;1;1;589;1;0.000321;0.00545;478;306;0.002214
"PostLateUpdate.VFXUpdate";0.000612;0.000161;0.004669;252;60;200;3;3;0.426508998658392;0.000724124;0.000491;0.000772;589;1;1;1;589;1;0.000161;0.004669;60;200;0.000881
"EarlyUpdate.UpdateInputManager";0.000611;0.00019;0.002445;294;122;426;3;3;0.406386998933158;0.000689961;0.000481;0.000822;589;1;1;1;589;1;0.00019;0.002445;122;426;0.000581
"Profiler.FlushFileIOCounters";0.000611;0.000271;0.007144;578;428;552;2;2;0.433554998686304;0.0007360866;0.000451;0.000902;589;1;1;1;589;1;0.000271;0.007144;428;552;0.001853
"GlobalEventQueue";0.000601;9E-05;0.002905;505;225;490;4;4;0.403660999480053;0.0006853328;0.000481;0.000812;589;1;1;1;589;1;9E-05;0.002905;225;490;0.000461
"LowLevelPhysics2D.PhysicsWorld.Transform.WriteTweens";0.000601;0.0004;0.004779;556;308;313;4;4;0.429270999040455;0.0007288132;0.000521;0.000782;589;1;1;1;589;1;0.0004;0.004779;308;313;0.000581
"PhysX.ScScene.finalizationPhase";0.000591;0.00018;0.00563;163;447;111;7;7;0.325117999775102;0.0006635061;0.000471;0.000702;494;1;1;5;490;1;0.0001;0.00563;472;111;0.000741
"EarlyUpdate.ProcessMouseInWindow";0.000591;0.00015;0.002445;177;122;25;3;3;0.400900999433361;0.0006806469;0.000451;0.000811;589;1;1;1;589;1;0.00015;0.002445;122;25;0.001904
"CullObjectsWithoutUmbra";0.000591;0.00038;0.001303;587;477;212;12;12;0.17437899945071;0.0006655687;0.000511;0.000801;262;1;1;1;262;2;0.00038;0.001303;477;212;0
"PostLateUpdate.UpdateVideoTextures";0.000581;0.00019;0.004258;453;60;128;3;3;0.391912999504711;0.0006653871;0.000441;0.000681;589;1;1;1;589;1;0.00019;0.004258;60;128;0.000671
"Profiler.CollectGIStats";0.000581;0.00016;0.003787;571;167;391;3;3;0.400889000142342;0.0006806265;0.000421;0.000842;589;1;1;1;589;1;0.00016;0.003787;167;391;0.000731
"PostLateUpdate.ProfilerEndFrame";0.000562;0.000341;0.003075;394;185;68;3;3;0.39271999898483;0.0006667572;0.000481;0.000712;589;1;1;1;589;1;0.000341;0.003075;185;68;0.000581
"Inl_ScriptableRenderer.InternalFinishRenderingCommon";0.000531;0.00027;0.001764;203;47;70;7;7;0.299792000383604;0.0005089847;0.000341;0.000601;589;1;1;1;589;1;0.00027;0.001764;47;70;0.000602
"EarlyUpdate.XRUpdate";0.000531;0.00014;0.007534;358;431;407;3;3;0.363264998726663;0.0006167487;0.0004;0.000721;589;1;1;1;589;1;0.00014;0.007534;431;407;0.000661
"PhysX.ScScene.postNarrowPhase";0.000531;0.00026;0.003046;367;1;322;7;7;0.295181999914348;0.0006024123;0.00041;0.000681;494;1;1;5;490;1;0.000101;0.003046;472;322;0.000641
"Camera.Render";0.000531;0.000191;0.001583;369;478;540;3;3;0.301725000230363;0.0005122665;0.00039;0.000591;589;1;1;1;589;1;0.000191;0.001583;478;540;0.000741
"LightCookies";0.000521;0.00021;0.001984;267;46;124;10;10;0.312245000008261;0.0005301273;0.00039;0.000601;589;1;1;1;589;1;0.00021;0.001984;46;124;0.000581
"Director.ProcessFrame";0.0005199999;0.00012;0.003336;225;420;189;4;4;0.377119995566318;0.0006402716;0.00018;0.0009409999;3933;7;5;15;589;1;1E-05;0.002395;61;227;0.0009409999
"PreLateUpdate.AIUpdatePostScript";0.000511;0.00019;0.002395;59;430;379;3;3;0.349718998972094;0.0005937504;0.000411;0.000641;589;1;1;1;589;1;0.00019;0.002395;430;379;0.001353
"LateBehaviourUpdate";0.000511;0.00026;0.003196;233;547;349;4;4;0.370709999115206;0.0006293888;0.00042;0.000691;589;1;1;1;589;1;0.00026;0.003196;547;349;0.001112
"PhysX.PxsDynamics.solverCreateFinalizeConstraints";0.000511;0.00018;0.012844;244;146;256;7;7;0.280847999994876;0.0005731592;0.000361;0.000631;494;1;1;5;490;1;5E-05;0.012844;472;256;0.000651
"FindBrightestDirectionalLight";0.000502;0.000231;0.006172;102;548;295;10;11;0.340812999464106;0.0005786299;0.00038;0.000691;1178;2;2;2;589;1;6E-05;0.006052;14;295;0.000661
"UIEvents.CanvasManagerEmitOffScreenGeometry";0.000501;0.00022;0.003347;312;337;167;3;3;0.35585500021989;0.0006041681;0.000411;0.000612;589;1;1;1;589;1;0.00022;0.003347;337;167;0.000471
"FillQuadIndexBuffer";0.000491;0.000321;0.001614;361;526;271;8;8;0.0230489999521524;0.000576225;0.000401;0.000611;40;1;1;1;40;1;0.000321;0.001614;526;271;0
"PhysX.NpScene.completion";0.000481;0.00024;0.001834;391;553;170;7;7;0.262038999557262;0.0005347735;0.000391;0.000571;494;1;1;5;490;1;5E-05;0.001834;472;170;0.000631
"InputSystem.onBeforeUpdate";0.00048;0.00022;0.004168;56;372;169;5;5;0.297742999668117;0.0006076388;0.000351;0.000661;494;1;1;5;490;1;6E-05;0.004168;472;169;0.000351
"addCustomLights.Invoke";0.000461;0.000211;0.008655;241;582;24;11;11;0.44370399278705;0.0007533175;0.00037;0.000731;4123;7;7;7;589;1;2E-05;0.008235;1;24;0.00053
"PhysX.ScScene.afterIntegrationTask";0.000461;0.00025;0.009007;547;1;238;7;7;0.270180999796139;0.0005513898;0.000391;0.000591;494;1;1;5;490;1;0.00012;0.009007;472;238;0.000732
"ContentLoadFrontend.IntegrateUpdate";0.000451;0.00023;0.014126;246;547;545;4;4;0.331106999816257;0.0005621511;0.000341;0.000622;589;1;1;1;589;1;0.00023;0.014126;547;545;0.000821
"EarlyUpdate.ScriptRunDelayedStartupFrame";0.000451;0.00022;0.002665;584;10;164;3;3;0.331745998890256;0.000563236;0.000311;0.000691;589;1;1;1;589;1;0.00022;0.002665;10;164;0.000641
"RenderTarget.SetActive";0.0004420001;0.0004;0.002254999;583;255;11;8;11;0.27485003953916;0.0004666384;0.0004320001;0.0004610001;12998;22;22;23;589;1;1E-05;0.001834;1;11;0.0004630001
"GC.Alloc";0.000431;0.000261;0.001612;142;376;284;6;6;0.0477079994161613;0.0005242637;0.000371;0.00056;273;3;3;3;91;1;3E-05;0.001512;1;284;0
"PhysX.PxsDynamics.solverConstraintPartition";0.000431;0.00017;0.006813;223;552;224;7;7;0.256370998977218;0.0005232061;0.000301;0.000591;494;1;1;5;490;1;5E-05;0.006813;472;224;0.001012
"Physics2D.SyncRigidbodyTransformChanges";0.000431;0.00021;0.003116;397;418;303;6;6;0.261394999703043;0.0005334592;0.00037;0.000551;494;1;1;5;490;1;0.00011;0.003116;472;303;0.001603
"FixedUpdate.PhysicsClothFixedUpdate";0.000421;0.000261;0.006402;116;1;99;3;3;0.265858999366174;0.0005425694;0.000361;0.000561;494;1;1;5;490;1;7E-05;0.006402;472;99;0.00045
"Draw Additional Lights Shadowmap";0.000421;0.00013;0.001092;126;159;533;9;9;0.245897999513545;0.0004174839;0.000301;0.000491;589;1;1;1;589;1;0.00013;0.001092;159;533;0.000401
"PhysX.ScScene.unblockNarrowPhase";0.000421;7E-05;0.006462;145;86;332;7;7;0.2434439990393;0.0004968245;0.00029;0.000591;494;1;1;5;490;1;5E-05;0.006462;472;332;0.000601
"Physics.SendTriggerEvents";0.000421;0.00022;0.002465;323;28;84;6;6;0.237878999527311;0.0004854673;0.00034;0.000531;494;1;1;5;490;1;6E-05;0.002465;472;84;0.00038
"PostLateUpdate.ShaderHandleErrors";0.000421;0.000161;0.002955;405;268;189;3;3;0.317627999538672;0.0005392666;0.000361;0.000551;589;1;1;1;589;1;0.000161;0.002955;268;189;0.002354
"SoundManager.Update";0.000411;7E-05;0.012524;151;10;397;4;4;0.301546999413404;0.0005119643;0.000281;0.000561;589;1;1;1;589;1;7E-05;0.012524;10;397;0.000882
"Physics2D.GetRayIntersection";0.00041;0.00016;0.005651;532;482;519;6;6;0.348943998294999;0.0005924346;0.000291;0.000571;589;1;1;1;589;1;0.00016;0.005651;482;519;0.00041
"Flush DSP connections";0.000401;9E-05;0.006331;257;318;302;7;7;0.27188799920259;0.0004616095;0.000301;0.00049;589;1;1;1;589;1;9E-05;0.006331;318;302;0.000982
"PhysX.ScScene.postBroadPhase3";0.000401;0.00025;0.019226;289;271;545;7;7;0.241224999917904;0.0004922959;0.000351;0.000491;494;1;1;5;490;1;0.00016;0.019226;472;545;0.00045
"PostLateUpdate.SortingGroupsUpdate";0.000401;0.0001;0.002334;425;261;230;3;3;0.276209999668936;0.0004689474;0.00029;0.000511;589;1;1;1;589;1;0.0001;0.002334;261;230;0.001042
"ClothScene.Update";0.000401;0.00015;0.002144;435;478;197;5;5;0.277640999745927;0.0004713769;0.000311;0.000511;589;1;1;1;589;1;0.00015;0.002144;478;197;0.000511
"NavMeshManager";0.000391;0.00014;0.002304;398;430;201;4;4;0.283538000367116;0.0004813888;0.00032;0.000541;589;1;1;1;589;1;0.00014;0.002304;430;201;0.001293
"EarlyUpdate.ResetFrameStatsAfterPresent";0.000391;0.00012;0.001894;437;1;122;3;3;0.273527000099421;0.0004643922;0.00029;0.000561;589;1;1;1;589;1;0.00012;0.001894;1;122;0.000551
"EarlyUpdate.UpdateTextureStreamingManager";0.000391;0.00016;0.002735;549;272;18;3;3;0.288829999204609;0.0004903735;0.00027;0.000592;589;1;1;1;589;1;0.00016;0.002735;272;18;0.000241
"FindDirectionalShadowCastingLights";0.00039;0.00011;0.001463;353;478;414;10;10;0.22211499952391;0.0003771053;0.000251;0.000441;589;1;1;1;589;1;0.00011;0.001463;478;414;0.000441
"EarlyUpdate.SpriteAtlasManagerUpdate";0.00039;0.00014;0.001603;581;8;387;3;3;0.260313999504433;0.0004419592;0.000281;0.000531;589;1;1;1;589;1;0.00014;0.001603;8;387;0.000501
"SkinnedMeshOncePerFrameUpdate";0.000381;0.00013;0.002605;295;60;245;5;5;0.277813999462523;0.0004716706;0.000301;0.000531;589;1;1;1;589;1;0.00013;0.002605;60;245;0.000601
"Terrain.UpdateSplatProperties";0.000381;8E-05;0.002204;447;195;232;9;9;0.252616999976453;0.0004288913;0.000351;0.000511;589;1;1;1;589;1;8E-05;0.002204;195;232;0.000431
"FrameEvents.XREndFrame";0.00038;0.00015;0.000981;430;26;382;4;4;0.226530999760143;0.0003846027;0.000241;0.00047;589;1;1;1;589;1;0.00015;0.000981;26;382;0.000361
"PostLateUpdate.ParticleSystemEndUpdateAll";0.00038;0.00024;0.002665;502;32;205;3;3;0.268429999967339;0.0004557385;0.00033;0.000501;589;1;1;1;589;1;0.00024;0.002665;32;205;0.000361
"suspendPointHook.Invoke";0.000371;0.00017;0.005741;102;45;550;7;7;0.265029999573017;0.0004499661;0.00028;0.000521;589;1;1;1;589;1;0.00017;0.005741;45;550;0.000291
"PhysX.ScScene.postIslandGen";0.000371;0.00012;0.005109;170;184;236;7;7;0.213254999529454;0.0004433576;0.00027;0.000511;485;1;1;5;481;1;6E-05;0.005109;472;236;0.000451
"Initialization.UpdateCameraMotionVectors";0.000371;0.0001;0.002975;187;335;389;3;3;0.249997999715561;0.0004244448;0.00028;0.000501;589;1;1;1;589;1;0.0001;0.002975;335;389;0.000451
"ScheduleCullingGroups";0.000371;0.00015;0.002345;357;476;414;8;8;0.253185999943526;0.0004298574;0.00031;0.000511;589;1;1;1;589;1;0.00015;0.002345;476;414;0.000581
"ParticleSystem.EndUpdateAll";0.000371;0.00024;0.002675;435;32;205;4;5;0.265221000299789;0.0004502903;0.000321;0.000491;1767;3;3;3;589;1;1E-05;0.002625;7;205;0.000361
"UIElements.CollectLayoutNodes";0.000371;0.00011;0.006983;493;269;297;5;5;0.283351999562001;0.000481073;0.00028;0.000531;589;1;1;1;589;1;0.00011;0.006983;269;297;0.00021
"PrepareSceneNodesJob";0.00037;0.00037;0.000652;330;330;550;12;12;0.00102200001128949;0.000511;0.00037;0.00037;2;1;1;1;2;330;0.00037;0.000652;330;550;0
"PostLateUpdate.UpdateResolution";0.000361;0.00013;0.006662;528;60;327;3;3;0.24771199960378;0.0004205637;0.000251;0.000451;589;1;1;1;589;1;0.00013;0.006662;60;327;0.000481
"PhysX.ScScene.ccdBroadPhase";0.00036;0.00014;0.002054;103;122;302;7;7;0.198219999874709;0.0004045306;0.000301;0.000451;494;1;1;5;490;1;0.00011;0.002054;472;302;0.00034
"UnityEditor.CoreModule.dll!UnityEditor::Selection.Internal_NonSelectedObjectWasDestroyed() [Invoke]";0.00036;0.00036;0.001503;475;475;482;4;6;0.00186300004133955;0.0009315;0.00036;0.00036;2;1;1;1;2;475;0.00036;0.001503;475;482;0
"PhysX.Completion Task";0.000351;5.1E-05;0.007665;212;196;130;7;7;0.18147299942575;0.0003703531;0.00023;0.000411;494;1;1;5;490;1;3E-05;0.007665;472;130;0.000341
"Physics2D.SyncColliderTransformChanges";0.00035;0.00016;0.002544;52;10;220;6;6;0.200127999632969;0.0004084245;0.000231;0.000481;494;1;1;5;490;1;9E-05;0.002544;472;220;0.000401
"EarlyUpdate.ClearIntermediateRenderers";0.00035;0.00012;0.006803;465;12;258;3;3;0.268333999432798;0.0004555756;0.00027;0.000521;589;1;1;1;589;1;0.00012;0.006803;12;258;0.000351
"webRequestStop.Invoke";0.000341;0.000341;0.000341;278;278;278;4;4;0.000341000006301329;0.000341;0.000341;0.000341;1;1;1;1;1;278;0.000341;0.000341;278;278;0
"PostLateUpdate.GUIClearEvents";0.00034;0.00017;0.001984;573;469;128;3;3;0.247576999332523;0.0004203345;0.000301;0.000451;589;1;1;1;589;1;0.00017;0.001984;469;128;0.000481
"Update.DirectorUpdate";0.000331;0.00013;0.004028;221;498;264;3;3;0.338455999124562;0.0005746282;0.00021;0.000551;589;1;1;1;589;1;0.00013;0.004028;498;264;0.000602
"Director.PrepareFrame";0.00032;0.00014;0.002584;569;53;347;4;4;0.220855998733896;0.0003749677;0.000221;0.000451;3933;7;5;15;589;1;2E-05;0.002194;1;347;0.0007229999
"MeshRendererPrepareDispatchUpdate";0.000311;0.0002;0.001222;2;28;6;5;5;0.018547000043327;0.00037094;0.000241;0.000401;50;1;1;1;50;1;0.0002;0.001222;28;6;0
"AsyncUploadManager.ScheduleAsyncCommands";0.00031;0.00016;0.002404;325;8;267;5;9;0.22164899915515;0.0003763141;0.00023;0.00046;1178;2;2;2;589;1;2E-05;0.002325;1;439;0.000631
"EarlyUpdate.UpdateStreamingManager";0.000301;8.1E-05;0.003036;324;380;283;3;3;0.222430999390781;0.0003776418;0.000231;0.000421;589;1;1;1;589;1;8.1E-05;0.003036;380;283;0.000281
"PhysX.ScScene.constraintProjection";0.0003;0.00014;0.001513;7;49;227;7;7;0.170680999726756;0.0003483286;0.00024;0.000391;494;1;1;5;490;1;5E-05;0.001513;472;227;0.0003
"SceneNodesInitJob";0.0003;0.000181;0.000642;554;477;11;12;12;0.0408099997293903;0.0003291129;0.00028;0.00038;124;1;1;1;124;2;0.000181;0.000642;477;11;0
"LowLevelPhysics2D.PhysicsWorld.WriteTransformTweens";0.000291;0.00018;0.001442;376;18;192;5;5;0.194013999585877;0.0003293956;0.00024;0.000341;589;1;1;1;589;1;0.00018;0.001442;18;192;0.0003
"PostLateUpdate.UpdateVideo";0.000281;9E-05;0.002114;54;122;135;3;3;0.198270999986562;0.0003366231;0.000231;0.000351;589;1;1;1;589;1;9E-05;0.002114;122;135;0.0003
"PostLateUpdate.DirectorRenderImage";0.000281;0.00013;0.002294;132;7;203;3;3;0.18800599972019;0.0003191952;0.000141;0.00041;589;1;1;1;589;1;0.00013;0.002294;7;203;0.000381
"PhysX.ScScene.postThirdPassIslandGenTask";0.000281;8E-05;0.001473;287;400;202;7;7;0.151946999554639;0.0003100959;0.00017;0.000391;494;1;1;5;490;1;8E-05;0.001473;400;202;0.001473
"FixedUpdate.DirectorFixedSampleTime";0.000281;9E-05;0.002304;492;537;301;3;3;0.162820999794349;0.0003322877;0.000201;0.000401;494;1;1;5;490;1;2E-05;0.002304;472;301;0.000271
"PreLateUpdate.DirectorUpdateAnimationEnd";0.000271;0.0001;0.002394;252;533;436;3;3;0.182302999128297;0.0003095127;0.000131;0.000411;589;1;1;1;589;1;0.0001;0.002394;533;436;0.000391
"FixedUpdate.DirectorFixedUpdatePostPhysics";0.00027;0.00013;0.001763;370;424;291;3;3;0.14875999938522;0.0003035918;0.00017;0.000321;494;1;1;5;490;1;0.00013;0.001763;424;291;0.000431
"EarlyUpdate.PerformanceAnalyticsUpdate";0.00027;4.1E-05;0.001933;457;479;239;3;3;0.193978999312094;0.0003293362;0.00022;0.000381;589;1;1;1;589;1;4.1E-05;0.001933;479;239;0.000251
"Update Lights";0.000261;9E-05;0.001934;188;224;68;4;4;0.199038999780896;0.000337927;0.0002;0.00039;589;1;1;1;589;1;9E-05;0.001934;224;68;0.000521
"PostLateUpdate.InputEndFrame";0.00026;5E-05;0.002585;6;225;128;3;3;0.177956999759772;0.0003021341;0.0002;0.00034;589;1;1;1;589;1;5E-05;0.002585;225;128;0.000431
"CompileRenderGraph";0.00026;9E-05;0.001032;195;128;138;8;8;0.160534999820811;0.0002725552;0.00022;0.000291;589;1;1;1;589;1;9E-05;0.001032;128;138;0.000281
"PreLateUpdate.LegacyAnimationUpdate";0.00026;8E-05;0.002615;365;122;491;3;3;0.207477999872935;0.0003522547;0.000211;0.000381;589;1;1;1;589;1;8E-05;0.002615;122;491;0.000331
"FixedUpdate.ScriptRunDelayedFixedFrameRate";0.00026;0.00015;0.069341;529;3;475;3;3;0.239256996515905;0.0004882796;0.00022;0.000351;494;1;1;5;490;1;0.00015;0.069341;3;475;0.000251
"PhysX.ScScene.ccdBroadPhaseAABB";0.00025;6E-05;0.001533;175;12;238;7;7;0.143038999689452;0.0002919163;0.0002;0.00031;494;1;1;5;490;1;6E-05;0.001533;12;238;0.000591
"PhysX.ScScene.fetchPatchEventsTask";0.00025;8E-05;0.002324;217;273;54;7;7;0.139948999480112;0.0002856102;0.000191;0.0003;494;1;1;5;490;1;6E-05;0.002324;472;54;0.000241
"Connections.Process";0.000241;6.999999E-05;0.001904;307;9;434;6;7;0.181811999100319;0.0003086791;0.000161;0.000401;1178;2;2;2;589;1;3E-05;0.001864;9;434;0.000451
"QueuePrepareIntegrateMainThreadObjects";0.00024;0.00018;0.000681;48;112;506;9;10;0.155605999287218;0.0002641868;0.00022;0.000281;1178;2;2;2;589;1;8E-05;0.000571;6;190;0.00026
"PostLateUpdate.XRPostLateUpdate";0.00024;8E-05;0.001663;121;94;68;3;3;0.163458999617433;0.0002775195;0.000191;0.000281;589;1;1;1;589;1;8E-05;0.001663;94;68;0.000591
"PhysX.ScScene.lostTouchReports";0.00024;7E-05;0.001313;177;9;111;7;7;0.120630999495916;0.0002461857;0.00011;0.000311;494;1;1;5;490;1;6E-05;0.001313;472;111;0.001162
"EarlyUpdate.UpdateAsyncReadbackManager";0.000231;0.00013;0.002495;116;36;268;3;3;0.168343999044737;0.0002858132;0.000161;0.000321;589;1;1;1;589;1;0.00013;0.002495;36;268;0.000401
"Profiler.FrameMetadata";0.000231;0.00011;0.031289;142;62;331;5;5;0.841003999958048;0.001465164;0.0002;0.00028;652;1;1;3;574;16;0.00011;0.028393;62;391;0.000411
"PreLateUpdate.DirectorUpdateAnimationBegin";0.000231;0.00011;0.001793;486;82;4;3;3;0.154654999358172;0.0002625722;0.000131;0.00028;589;1;1;1;589;1;0.00011;0.001793;82;4;0.001022
"FixedUpdate.XRFixedUpdate";0.00023;7E-05;0.001533;349;489;350;3;3;0.133584999632149;0.0002726224;0.000171;0.000301;494;1;1;5;490;1;4E-05;0.001533;472;350;0.00024
"PostLateUpdate.DirectorLateUpdate";0.00022;0.00011;0.011842;510;147;581;3;3;0.160748000227613;0.0002729168;0.00013;0.000271;589;1;1;1;589;1;0.00011;0.011842;147;581;0.00013
"CombineJobResults";0.00021;2E-05;0.000892;166;88;324;10;11;0.0980719990366197;0.000198929;0.00017;0.00024;770;2;1;3;493;2;2E-05;0.000862;88;324;0.0003
"FinalizeUpdateRendererBoundingVolumes";0.00021;9E-05;0.017883;563;59;37;4;5;0.436508999366197;0.0007411019;0.000181;0.00025;639;1;1;2;589;1;8E-05;0.017543;26;37;0.00021
"PreLateUpdate.DirectorDeferredEvaluate";0.000201;9E-05;0.001593;57;26;224;3;3;0.149468999596138;0.0002537674;0.00012;0.000291;589;1;1;1;589;1;9E-05;0.001593;26;224;0.00011
"PhysX.ScScene.processNpLostTouchTask";0.000201;4E-05;0.001333;188;92;156;7;7;0.100670000021637;0.000205449;7.1E-05;0.00024;494;1;1;5;490;1;4E-05;0.001333;92;156;0.00022
"PhysX.PxsDynamics.solverEnd";0.0002;8E-05;0.001593;19;36;227;7;7;0.1215319999028;0.0002480245;9E-05;0.000321;494;1;1;5;490;1;5E-05;0.001593;472;227;0.000281
"Physics.CalculateChangedBodyTransforms";0.000191;6E-05;0.002315;573;12;104;6;6;0.109780999875511;0.0002240429;7.1E-05;0.00029;494;1;1;5;490;1;6E-05;0.002315;12;104;0.000271
"ParticleSystem.WaitForPreviousRenderingToFinish";0.00019;3E-05;0.001783;127;113;169;5;5;0.122972999859485;0.0002087827;0.00013;0.00022;589;1;1;1;589;1;3E-05;0.001783;113;169;0.000241
"PostLateUpdate.XRPreEndFrame";0.00019;0.00012;0.001573;144;34;174;3;3;0.130609999403532;0.0002217487;0.00014;0.000221;589;1;1;1;589;1;0.00012;0.001573;34;174;0.00019
"Inl_RenderPipeline.BeginContextRendering";0.00019;8E-05;0.000691;394;477;474;5;5;0.109369999612682;0.0001856876;0.000121;0.000211;589;1;1;1;589;1;8E-05;0.000691;477;474;0.000211
"EarlyUpdate.TilemapRendererEarlyUpdate";0.000181;4E-05;0.024977;131;225;396;3;3;0.157142000181921;0.0002667946;0.00013;0.000251;589;1;1;1;589;1;4E-05;0.024977;225;396;0.000181
"UpdateRendererBoundingVolumes";0.00018;7E-05;0.003947;61;3;37;5;8;0.217679999332177;0.0003695755;8.1E-05;0.00026;681;1;1;3;589;1;7E-05;0.003477;3;37;0.000291
"PhysX.ScScene.updateBodiesAndShapes";0.00018;4E-05;0.001172;559;43;100;7;7;0.0989559994595766;0.000201951;6.1E-05;0.000241;494;1;1;5;490;1;3E-05;0.001172;472;100;5E-05
"Update.ScriptRunDelayedDynamicFrameRate";0.00018;9E-05;0.169079;563;317;226;3;3;6.83806198608363;0.01160961;0.00012;0.00031;589;1;1;1;589;1;9E-05;0.169079;317;226;0.001212
"ConstraintManager::Update::JobSetup";0.00017;2E-05;0.001433;411;68;113;5;5;0.117441999642324;0.0001993922;0.0001;0.000231;589;1;1;1;589;1;2E-05;0.001433;68;113;0.000141
"PostLateUpdate.PhysicsSkinnedClothFinishUpdate";0.000161;9E-05;0.001292;570;53;113;3;3;0.116499999414373;0.0001977929;0.000101;0.000231;589;1;1;1;589;1;9E-05;0.001292;53;113;0.000992
"FindShadowCastingLights";0.00016;6E-05;0.000571;391;2;219;11;11;0.088476000011724;0.0001502139;7E-05;0.0002;589;1;1;1;589;1;6E-05;0.000571;2;219;0.000221
"UIR.Free";0.000131;0.0001;0.002014;534;319;222;5;5;0.102906999411061;0.0001747148;0.00013;0.000151;589;1;1;1;589;1;0.0001;0.002014;319;222;0.00014
"PostLateUpdate.ScriptRunDelayedDynamicFrameRate";0.000111;0.0001;0.001242;353;3;209;3;3;0.0909459992690245;0.0001544075;0.000101;0.00015;589;1;1;1;589;1;0.0001;0.001242;3;209;0.00011
"ClothManager.UploadSimulatedSkinData";0.00011;4E-05;0.001202;232;133;489;4;4;0.0828129994260962;0.0001405993;6E-05;0.000171;589;1;1;1;589;1;4E-05;0.001202;133;489;0.000942
"Terrain.Trees.OnWillRender";0.0001;6E-05;0.013004;373;12;491;9;11;0.120011999089911;0.0002037555;8E-05;0.000221;1178;2;2;2;589;1;2E-05;0.012974;575;491;0.000291
"PostLateUpdate.EndGraphicsJobsAfterScriptLateUpdate";9.1E-05;7E-05;0.001172;194;4;269;3;3;0.0889359994544066;0.0001509949;8E-05;0.00018;589;1;1;1;589;1;7E-05;0.001172;4;269;0.00016
"RG_SetupPostFX";9E-05;4E-05;0.000611;52;517;87;9;9;0.0610459997733415;0.0001036435;8E-05;0.0001;589;1;1;1;589;1;4E-05;0.000611;517;87;9E-05
"PhysX.PostThirdPassTask";9E-05;5E-05;0.000902;431;147;526;7;7;0.0633289998550026;0.0001407311;7.1E-05;0.00018;454;1;1;5;450;1;4.1E-05;0.000902;472;526;8E-05
"EarlyUpdate.UpdateMainGameViewRect";8E-05;5E-05;0.001152;190;54;44;3;3;0.0618419998863828;0.0001049949;7E-05;0.0001;589;1;1;1;589;1;5E-05;0.001152;54;44;0.00033
"EarlyUpdate.GpuTimestamp";8E-05;5E-05;0.002615;277;56;202;3;3;0.0660699997606571;0.0001121732;7E-05;9E-05;589;1;1;1;589;1;5E-05;0.002615;56;202;0.002615
"TextRendering.CollectGarbage";7.1E-05;4E-05;0.001182;398;107;294;4;4;0.064199999847915;0.0001089983;6.1E-05;9.1E-05;589;1;1;1;589;1;4E-05;0.001182;107;294;6E-05
"FixedUpdate.ClearLines";7E-05;3E-05;0.000992;34;90;435;3;3;0.055423999488994;0.0001131102;5E-05;0.0001;494;1;1;5;490;1;3E-05;0.000992;90;435;0.000181
"TextureStreamingManager.Update";7E-05;2E-05;0.001633;99;5;135;4;4;0.0737109995316132;0.000125146;3E-05;0.000181;589;1;1;1;589;1;2E-05;0.001633;5;135;4E-05
"PostLateUpdate.BatchModeUpdate";7E-05;4E-05;0.001002;404;173;174;3;3;0.0477929993721773;8.114261E-05;5E-05;8.1E-05;589;1;1;1;589;1;4E-05;0.001002;173;174;6E-05
"EditorConnection.RefreshObservablePlayerList";6E-05;4E-05;0.001362;70;9;203;5;5;0.0434329993731808;7.374024E-05;5E-05;6E-05;589;1;1;1;589;1;4E-05;0.001362;9;203;6E-05
"Setup Debug Properties";6E-05;3E-05;0.000401;221;299;524;9;9;0.0477389994775876;8.105093E-05;5E-05;7E-05;589;1;1;1;589;1;3E-05;0.000401;299;524;0.00025
"Inl_UniversalRenderPipeline.GetPerObjectLightFlags";6E-05;5E-05;0.001082;330;13;224;8;8;0.041525999258738;7.050254E-05;6E-05;6.1E-05;589;1;1;1;589;1;5E-05;0.001082;13;224;0.0001
"Shadows.Sort";6E-05;2E-05;0.000571;473;13;236;16;16;0.0503019992502232;9.332468E-05;4E-05;0.00011;1238;2;1;4;539;1;1E-05;0.000521;8;127;0.0001
"Inl_RenderPipeline.EndContextRendering";5.1E-05;2E-05;0.005701;405;163;225;5;5;0.0603969993062492;0.0001025416;5E-05;0.00012;589;1;1;1;589;1;2E-05;0.005701;163;225;5E-05
"SortingGroupManager.Update";5E-05;3E-05;0.001482;226;3;214;4;4;0.0360329994073254;6.117657E-05;4E-05;6E-05;589;1;1;1;589;1;3E-05;0.001482;3;214;5E-05
"Connections.Poll";5E-05;3E-05;0.001172;299;125;268;6;7;0.0323689992510481;5.495586E-05;4E-05;6E-05;1178;2;2;2;589;1;1E-05;0.001152;8;268;5E-05
"UIEvents.AlignCanvasRectTransformWithCamera";5E-05;4E-05;0.000862;312;75;214;4;4;0.0355679993335798;6.038709E-05;4E-05;5.1E-05;589;1;1;1;589;1;4E-05;0.000862;75;214;4E-05
"PreUpdate.CheckTexFieldInput";5E-05;2E-05;0.001102;330;5;108;3;3;0.0385539995659201;6.54567E-05;4E-05;8E-05;589;1;1;1;589;1;2E-05;0.001102;5;108;6E-05
"PostLateUpdate.ResetInputAxis";5E-05;4E-05;0.000701;401;42;553;3;3;0.0345319993139128;5.862818E-05;5E-05;5.1E-05;589;1;1;1;589;1;4E-05;0.000701;42;553;5E-05
"Inl_RenderPipeline.BeginCameraRendering";5E-05;4E-05;0.000451;499;8;409;6;6;0.0490779993924662;8.332427E-05;5E-05;0.00011;589;1;1;1;589;1;4E-05;0.000451;8;409;8E-05
"PreLateUpdate.PhysicsLateUpdate";4E-05;3E-05;0.001012;317;1;262;3;3;0.0275419994868571;4.676061E-05;3E-05;5E-05;589;1;1;1;589;1;3E-05;0.001012;1;262;4E-05
"Initialization.SynchronizeState";4E-05;3E-05;0.00026;373;3;239;3;3;0.0255999994369631;4.34635E-05;4E-05;5E-05;589;1;1;1;589;1;3E-05;0.00026;3;239;4E-05
"Inl_Sort Render Passes";4E-05;3E-05;0.001062;446;1;512;8;8;0.0400959994803998;6.80747E-05;4E-05;6E-05;589;1;1;1;589;1;3E-05;0.001062;1;512;4E-05
"Physics.WriteColliderPoses";3E-05;1E-05;0.00029;6;55;15;6;6;0.0139799996941292;2.853061E-05;2E-05;3E-05;494;1;1;5;490;1;1E-05;0.00029;55;15;3E-05
"Physics.WriteRigidbodyPoses";3E-05;2E-05;0.000751;46;2;464;6;6;0.0138329997062101;2.823061E-05;2E-05;3E-05;494;1;1;5;490;1;2E-05;0.000751;2;464;2E-05
"Send messages";3E-05;2E-05;0.001082;120;1;562;5;5;0.0172239995808923;2.924278E-05;2E-05;3E-05;589;1;1;1;589;1;2E-05;0.001082;1;562;2E-05
"Physics.SendJointBreakEvents";3E-05;2E-05;0.001032;281;1;323;6;6;0.0388779996392259;7.934286E-05;2E-05;0.00012;494;1;1;5;490;1;2E-05;0.001032;1;323;2E-05
"CullingGroupSendEvents";3E-05;2E-05;0.00019;337;52;432;8;8;0.0194109995318286;3.295586E-05;3E-05;3E-05;589;1;1;1;589;1;2E-05;0.00019;52;432;5E-05
"PostLateUpdate.UpdateCaptureScreenshot";2E-05;2E-05;0.000802;484;1;585;3;3;0.0172459996138059;2.928014E-05;2E-05;3E-05;589;1;1;1;589;1;2E-05;0.000802;1;585;2E-05
"GfxResource.Register";0;0;0;61;1;1;6;6;0;0;0;0;33;3;3;6;10;1;0;0;1;1;0
"Object.Register";0;0;0;61;1;1;6;6;0;0;0;0;11;1;1;2;10;1;0;0;1;1;0
"Object.SetName";0;0;0;61;1;1;6;6;0;0;0;0;11;1;1;2;10;1;0;0;1;1;0
"BeginJob";0;0;0;292;1;1;7;14;0;0;0;0;4402;8;1;16;573;1;0;0;1;1;0
"EndJob";0;0;0;292;1;1;7;14;0;0;0;0;4402;8;1;16;573;1;0;0;1;1;0
"Active Constraints";0;0;0;295;1;1;3;5;0;0;0;0;1079;2;1;2;589;1;0;0;1;1;0
"Active Dynamic Bodies";0;0;0;295;1;1;3;5;0;0;0;0;1079;2;1;2;589;1;0;0;1;1;0
"Active Kinematic Bodies";0;0;0;295;1;1;3;5;0;0;0;0;1079;2;1;2;589;1;0;0;1;1;0
"Added Contacts";0;0;0;295;1;1;3;3;0;0;0;0;589;1;1;1;589;1;0;0;1;1;0
"AnimationClip Count";0;0;0;295;1;1;3;3;0;0;0;0;589;1;1;1;589;1;0;0;1;1;0
"AnimationClip Memory";0;0;0;295;1;1;3;3;0;0;0;0;589;1;1;1;589;1;0;0;1;1;0
"App Committed Memory";0;0;0;295;1;1;3;3;0;0;0;0;589;1;1;1;589;1;0;0;1;1;0
"App Resident Memory";0;0;0;295;1;1;3;3;0;0;0;0;589;1;1;1;589;1;0;0;1;1;0
"Articulation Bodies";0;0;0;295;1;1;3;5;0;0;0;0;1079;2;1;2;589;1;0;0;1;1;0
"Asleep Bodies";0;0;0;295;1;1;3;3;0;0;0;0;589;1;1;1;589;1;0;0;1;1;0
"Asleep Shapes";0;0;0;295;1;1;3;3;0;0;0;0;589;1;1;1;589;1;0;0;1;1;0
"Asset Count";0;0;0;295;1;1;3;3;0;0;0;0;589;1;1;1;589;1;0;0;1;1;0
"Atlases";0;0;0;295;1;1;3;3;0;0;0;0;589;1;1;1;589;1;0;0;1;1;0
"Audio Reads";0;0;0;295;1;1;3;3;0;0;0;0;589;1;1;1;589;1;0;0;1;1;0
"Audio Reserved Memory";0;0;0;295;1;1;3;3;0;0;0;0;589;1;1;1;589;1;0;0;1;1;0
"Audio Used Memory";0;0;0;295;1;1;3;3;0;0;0;0;589;1;1;1;589;1;0;0;1;1;0
"AudioClip Count";0;0;0;295;1;1;3;3;0;0;0;0;589;1;1;1;589;1;0;0;1;1;0
"AudioClip Memory";0;0;0;295;1;1;3;3;0;0;0;0;589;1;1;1;589;1;0;0;1;1;0
"Awake Bodies";0;0;0;295;1;1;3;3;0;0;0;0;589;1;1;1;589;1;0;0;1;1;0
"Awake Shapes";0;0;0;295;1;1;3;3;0;0;0;0;589;1;1;1;589;1;0;0;1;1;0
"Batches Count";0;0;0;295;1;1;4;4;0;0;0;0;589;1;1;1;589;1;0;0;1;1;0
"Broadphase Adds";0;0;0;295;1;1;3;5;0;0;0;0;1079;2;1;2;589;1;0;0;1;1;0
"Broadphase Adds/Removes";0;0;0;295;1;1;3;5;0;0;0;0;1079;2;1;2;589;1;0;0;1;1;0
"Broadphase Pairs";0;0;0;295;1;1;3;3;0;0;0;0;589;1;1;1;589;1;0;0;1;1;0
"Broadphase Removes";0;0;0;295;1;1;3;5;0;0;0;0;1079;2;1;2;589;1;0;0;1;1;0
"Broadphase Updates";0;0;0;295;1;1;3;3;0;0;0;0;589;1;1;1;589;1;0;0;1;1;0
"Colliders Synced";0;0;0;295;1;1;3;5;0;0;0;0;1079;2;1;2;589;1;0;0;1;1;0
"Collision Enter";0;0;0;295;1;1;3;3;0;0;0;0;589;1;1;1;589;1;0;0;1;1;0
"Collision Exit";0;0;0;295;1;1;3;3;0;0;0;0;589;1;1;1;589;1;0;0;1;1;0
"Collision Stay";0;0;0;295;1;1;3;3;0;0;0;0;589;1;1;1;589;1;0;0;1;1;0
"Continuous Bodies";0;0;0;295;1;1;3;3;0;0;0;0;589;1;1;1;589;1;0;0;1;1;0
"Continuous Overlaps";0;0;0;295;1;1;3;5;0;0;0;0;1079;2;1;2;589;1;0;0;1;1;0
"CPU Main Thread Frame Time";0;0;0;295;1;1;3;3;0;0;0;0;589;1;1;1;589;1;0;0;1;1;0
"CPU Render Thread Frame Time";0;0;0;295;1;1;3;3;0;0;0;0;589;1;1;1;589;1;0;0;1;1;0
"CPU Total Frame Time";0;0;0;295;1;1;3;3;0;0;0;0;589;1;1;1;589;1;0;0;1;1;0
"Discreet Overlaps";0;0;0;295;1;1;3;5;0;0;0;0;1079;2;1;2;589;1;0;0;1;1;0
"Discrete Bodies";0;0;0;295;1;1;3;3;0;0;0;0;589;1;1;1;589;1;0;0;1;1;0
"Draw Calls Count";0;0;0;295;1;1;4;4;0;0;0;0;589;1;1;1;589;1;0;0;1;1;0
"Dynamic Batched Draw Calls Count";0;0;0;295;1;1;4;4;0;0;0;0;589;1;1;1;589;1;0;0;1;1;0
"Dynamic Batched Triangles Count";0;0;0;295;1;1;4;4;0;0;0;0;589;1;1;1;589;1;0;0;1;1;0
"Dynamic Batched Vertices Count";0;0;0;295;1;1;4;4;0;0;0;0;589;1;1;1;589;1;0;0;1;1;0
"Dynamic Batches Count";0;0;0;295;1;1;4;4;0;0;0;0;589;1;1;1;589;1;0;0;1;1;0
"Dynamic Batching Time";0;0;0;295;1;1;4;4;0;0;0;0;589;1;1;1;589;1;0;0;1;1;0
"Dynamic Bodies";0;0;0;295;1;1;3;5;0;0;0;0;1668;3;2;3;589;1;0;0;1;1;0
"Dynamic Shapes";0;0;0;295;1;1;3;3;0;0;0;0;589;1;1;1;589;1;0;0;1;1;0
"Entities Reads";0;0;0;295;1;1;3;3;0;0;0;0;589;1;1;1;589;1;0;0;1;1;0
"File Bytes Read";0;0;0;295;1;1;3;3;0;0;0;0;589;1;1;1;589;1;0;0;1;1;0
"File Bytes Written";0;0;0;295;1;1;3;3;0;0;0;0;589;1;1;1;589;1;0;0;1;1;0
"File Handles Open";0;0;0;295;1;1;3;3;0;0;0;0;589;1;1;1;589;1;0;0;1;1;0
"File Reads Finished";0;0;0;295;1;1;3;3;0;0;0;0;589;1;1;1;589;1;0;0;1;1;0
"File Reads Started";0;0;0;295;1;1;3;3;0;0;0;0;589;1;1;1;589;1;0;0;1;1;0
"File Seeks";0;0;0;295;1;1;3;3;0;0;0;0;589;1;1;1;589;1;0;0;1;1;0
"Files Closed";0;0;0;295;1;1;3;3;0;0;0;0;589;1;1;1;589;1;0;0;1;1;0
"Files Opened";0;0;0;295;1;1;3;3;0;0;0;0;589;1;1;1;589;1;0;0;1;1;0
"Game Object Count";0;0;0;295;1;1;3;3;0;0;0;0;589;1;1;1;589;1;0;0;1;1;0
"GC Allocated In Frame";0;0;0;295;1;1;3;3;0;0;0;0;589;1;1;1;589;1;0;0;1;1;0
"GC Allocation In Frame Count";0;0;0;295;1;1;3;3;0;0;0;0;589;1;1;1;589;1;0;0;1;1;0
"GC Reserved Memory";0;0;0;295;1;1;3;3;0;0;0;0;589;1;1;1;589;1;0;0;1;1;0
"GC Used Memory";0;0;0;295;1;1;3;3;0;0;0;0;589;1;1;1;589;1;0;0;1;1;0
"GetContacts Queries";0;0;0;295;1;1;3;3;0;0;0;0;589;1;1;1;589;1;0;0;1;1;0
"Gfx Reserved Memory";0;0;0;295;1;1;3;3;0;0;0;0;589;1;1;1;589;1;0;0;1;1;0
"Gfx Used Memory";0;0;0;295;1;1;3;3;0;0;0;0;589;1;1;1;589;1;0;0;1;1;0
"Global Illumination Support";0;0;0;295;1;1;3;3;0;0;0;0;589;1;1;1;589;1;0;0;1;1;0
"GPU Frame Time";0;0;0;295;1;1;3;3;0;0;0;0;589;1;1;1;589;1;0;0;1;1;0
"Index Buffer Upload In Frame Bytes";0;0;0;295;1;1;4;4;0;0;0;0;589;1;1;1;589;1;0;0;1;1;0
"Index Buffer Upload In Frame Count";0;0;0;295;1;1;4;4;0;0;0;0;589;1;1;1;589;1;0;0;1;1;0
"Indirect Draw Calls Count";0;0;0;295;1;1;4;4;0;0;0;0;589;1;1;1;589;1;0;0;1;1;0
"Instanced Batched Draw Calls Count";0;0;0;295;1;1;4;4;0;0;0;0;589;1;1;1;589;1;0;0;1;1;0
"Instanced Batched Triangles Count";0;0;0;295;1;1;4;4;0;0;0;0;589;1;1;1;589;1;0;0;1;1;0
"Instanced Batched Vertices Count";0;0;0;295;1;1;4;4;0;0;0;0;589;1;1;1;589;1;0;0;1;1;0
"Instanced Batches Count";0;0;0;295;1;1;4;4;0;0;0;0;589;1;1;1;589;1;0;0;1;1;0
"IsTouching Queries";0;0;0;295;1;1;3;3;0;0;0;0;589;1;1;1;589;1;0;0;1;1;0
"KickJobs";0;0;0;295;1;1;5;12;0;0;0;0;10013;17;17;17;589;1;0;0;1;1;0
"Kinematic Bodies";0;0;0;295;1;1;3;3;0;0;0;0;589;1;1;1;589;1;0;0;1;1;0
"Kinematic Shapes";0;0;0;295;1;1;3;3;0;0;0;0;589;1;1;1;589;1;0;0;1;1;0
"Material Count";0;0;0;295;1;1;3;3;0;0;0;0;589;1;1;1;589;1;0;0;1;1;0
"Material Memory";0;0;0;295;1;1;3;3;0;0;0;0;589;1;1;1;589;1;0;0;1;1;0
"Max Cache Demand";0;0;0;295;1;1;3;3;0;0;0;0;589;1;1;1;589;1;0;0;1;1;0
"Max Cache Mip Bias";0;0;0;295;1;1;3;3;0;0;0;0;589;1;1;1;589;1;0;0;1;1;0
"Mesh Count";0;0;0;295;1;1;3;3;0;0;0;0;589;1;1;1;589;1;0;0;1;1;0
"Mesh Memory";0;0;0;295;1;1;3;3;0;0;0;0;589;1;1;1;589;1;0;0;1;1;0
"Mesh Reads";0;0;0;295;1;1;3;3;0;0;0;0;589;1;1;1;589;1;0;0;1;1;0
"Missing Disk Data";0;0;0;295;1;1;3;3;0;0;0;0;589;1;1;1;589;1;0;0;1;1;0
"Missing Streaming Tiles";0;0;0;295;1;1;3;3;0;0;0;0;589;1;1;1;589;1;0;0;1;1;0
"Modified Overlaps";0;0;0;295;1;1;3;5;0;0;0;0;1079;2;1;2;589;1;0;0;1;1;0
"Narrowphase Lost Touches";0;0;0;295;1;1;3;5;0;0;0;0;1079;2;1;2;589;1;0;0;1;1;0
"Narrowphase New Touches";0;0;0;295;1;1;3;5;0;0;0;0;1079;2;1;2;589;1;0;0;1;1;0
"Narrowphase Touches";0;0;0;295;1;1;3;5;0;0;0;0;1079;2;1;2;589;1;0;0;1;1;0
"Object Count";0;0;0;295;1;1;3;3;0;0;0;0;589;1;1;1;589;1;0;0;1;1;0
"Other Reads";0;0;0;295;1;1;3;3;0;0;0;0;589;1;1;1;589;1;0;0;1;1;0
"Overlap Queries";0;0;0;295;1;1;3;3;0;0;0;0;589;1;1;1;589;1;0;0;1;1;0
"Overlaps";0;0;0;295;1;1;3;5;0;0;0;0;1079;2;1;2;589;1;0;0;1;1;0
"Particle Queries";0;0;0;295;1;1;3;3;0;0;0;0;589;1;1;1;589;1;0;0;1;1;0
"Physics Queries";0;0;0;295;1;1;3;5;0;0;0;0;1079;2;1;2;589;1;0;0;1;1;0
"Physics Used Memory";0;0;0;295;1;1;3;5;0;0;0;0;1079;2;1;2;589;1;0;0;1;1;0
"Physics Used Memory (2D)";0;0;0;295;1;1;3;3;0;0;0;0;589;1;1;1;589;1;0;0;1;1;0
"Profiler Reserved Memory";0;0;0;295;1;1;3;3;0;0;0;0;589;1;1;1;589;1;0;0;1;1;0
"Profiler Used Memory";0;0;0;295;1;1;3;3;0;0;0;0;589;1;1;1;589;1;0;0;1;1;0
"Raycast Queries";0;0;0;295;1;1;3;3;0;0;0;0;589;1;1;1;589;1;0;0;1;1;0
"Read From Disk";0;0;0;295;1;1;3;3;0;0;0;0;589;1;1;1;589;1;0;0;1;1;0
"Reads in Flight";0;0;0;295;1;1;3;3;0;0;0;0;589;1;1;1;589;1;0;0;1;1;0
"Removed Contacts";0;0;0;295;1;1;3;3;0;0;0;0;589;1;1;1;589;1;0;0;1;1;0
"Render Textures Bytes";0;0;0;295;1;1;3;3;0;0;0;0;589;1;1;1;589;1;0;0;1;1;0
"Render Textures Changes Count";0;0;0;295;1;1;4;4;0;0;0;0;589;1;1;1;589;1;0;0;1;1;0
"Render Textures Count";0;0;0;295;1;1;3;3;0;0;0;0;589;1;1;1;589;1;0;0;1;1;0
"Required Tiles";0;0;0;295;1;1;3;3;0;0;0;0;589;1;1;1;589;1;0;0;1;1;0
"Rigidbodies Synced";0;0;0;295;1;1;3;5;0;0;0;0;1079;2;1;2;589;1;0;0;1;1;0
"Scene Object Count";0;0;0;295;1;1;3;3;0;0;0;0;589;1;1;1;589;1;0;0;1;1;0
"ScheduleAllocJob";0;0;0;295;1;1;7;12;0;0;0;0;6479;11;11;11;589;1;0;0;1;1;0
"ScheduleJob";0;0;0;295;1;1;4;13;0;0;0;0;21797;39;26;86;589;1;0;0;1;1;0
"Scripting Reads";0;0;0;295;1;1;3;3;0;0;0;0;589;1;1;1;589;1;0;0;1;1;0
"SetPass Calls Count";0;0;0;295;1;1;4;4;0;0;0;0;589;1;1;1;589;1;0;0;1;1;0
"Shadow Casters Count";0;0;0;295;1;1;4;4;0;0;0;0;589;1;1;1;589;1;0;0;1;1;0
"Shapecast Queries";0;0;0;295;1;1;3;3;0;0;0;0;589;1;1;1;589;1;0;0;1;1;0
"Solver Continuous Islands";0;0;0;295;1;1;3;3;0;0;0;0;589;1;1;1;589;1;0;0;1;1;0
"Solver Discrete Islands";0;0;0;295;1;1;3;3;0;0;0;0;589;1;1;1;589;1;0;0;1;1;0
"Solver Simulation Count";0;0;0;295;1;1;3;3;0;0;0;0;589;1;1;1;589;1;0;0;1;1;0
"Solver World Count";0;0;0;295;1;1;3;3;0;0;0;0;589;1;1;1;589;1;0;0;1;1;0
"Static Batched Draw Calls Count";0;0;0;295;1;1;4;4;0;0;0;0;589;1;1;1;589;1;0;0;1;1;0
"Static Batched Triangles Count";0;0;0;295;1;1;4;4;0;0;0;0;589;1;1;1;589;1;0;0;1;1;0
"Static Batched Vertices Count";0;0;0;295;1;1;4;4;0;0;0;0;589;1;1;1;589;1;0;0;1;1;0
"Static Batches Count";0;0;0;295;1;1;4;4;0;0;0;0;589;1;1;1;589;1;0;0;1;1;0
"Static Bodies";0;0;0;295;1;1;3;3;0;0;0;0;589;1;1;1;589;1;0;0;1;1;0
"Static Colliders";0;0;0;295;1;1;3;5;0;0;0;0;1079;2;1;2;589;1;0;0;1;1;0
"Static Shapes";0;0;0;295;1;1;3;3;0;0;0;0;589;1;1;1;589;1;0;0;1;1;0
"System Total Used Memory";0;0;0;295;1;1;3;3;0;0;0;0;589;1;1;1;589;1;0;0;1;1;0
"System Used Memory";0;0;0;295;1;1;3;3;0;0;0;0;589;1;1;1;589;1;0;0;1;1;0
"Texture Count";0;0;0;295;1;1;3;3;0;0;0;0;589;1;1;1;589;1;0;0;1;1;0
"Texture Memory";0;0;0;295;1;1;3;3;0;0;0;0;589;1;1;1;589;1;0;0;1;1;0
"Texture Reads";0;0;0;295;1;1;3;3;0;0;0;0;589;1;1;1;589;1;0;0;1;1;0
"Total Bodies";0;0;0;295;1;1;3;3;0;0;0;0;589;1;1;1;589;1;0;0;1;1;0
"Total Callbacks";0;0;0;295;1;1;3;3;0;0;0;0;589;1;1;1;589;1;0;0;1;1;0
"Total Contacts";0;0;0;295;1;1;3;3;0;0;0;0;589;1;1;1;589;1;0;0;1;1;0
"Total CPU Cache Size";0;0;0;295;1;1;3;3;0;0;0;0;589;1;1;1;589;1;0;0;1;1;0
"Total GPU Cache Size";0;0;0;295;1;1;3;3;0;0;0;0;589;1;1;1;589;1;0;0;1;1;0
"Total Joints";0;0;0;295;1;1;3;3;0;0;0;0;589;1;1;1;589;1;0;0;1;1;0
"Total Queries";0;0;0;295;1;1;3;3;0;0;0;0;589;1;1;1;589;1;0;0;1;1;0
"Total Reserved Memory";0;0;0;295;1;1;3;3;0;0;0;0;589;1;1;1;589;1;0;0;1;1;0
"Total Shapes";0;0;0;295;1;1;3;3;0;0;0;0;589;1;1;1;589;1;0;0;1;1;0
"Total Transform Sync Calls";0;0;0;295;1;1;3;3;0;0;0;0;589;1;1;1;589;1;0;0;1;1;0
"Total Used Memory";0;0;0;295;1;1;3;3;0;0;0;0;589;1;1;1;589;1;0;0;1;1;0
"Transform Parent Sync Bodies";0;0;0;295;1;1;3;3;0;0;0;0;589;1;1;1;589;1;0;0;1;1;0
"Transform Parent Sync Colliders";0;0;0;295;1;1;3;3;0;0;0;0;589;1;1;1;589;1;0;0;1;1;0
"Transform Sync Bodies";0;0;0;295;1;1;3;3;0;0;0;0;589;1;1;1;589;1;0;0;1;1;0
"Transform Sync Colliders";0;0;0;295;1;1;3;3;0;0;0;0;589;1;1;1;589;1;0;0;1;1;0
"Triangles Count";0;0;0;295;1;1;4;4;0;0;0;0;589;1;1;1;589;1;0;0;1;1;0
"Trigger Enter";0;0;0;295;1;1;3;3;0;0;0;0;589;1;1;1;589;1;0;0;1;1;0
"Trigger Exit";0;0;0;295;1;1;3;3;0;0;0;0;589;1;1;1;589;1;0;0;1;1;0
"Trigger Overlaps";0;0;0;295;1;1;3;5;0;0;0;0;1569;3;1;3;589;1;0;0;1;1;0
"Trigger Stay";0;0;0;295;1;1;3;3;0;0;0;0;589;1;1;1;589;1;0;0;1;1;0
"Used Buffers Bytes";0;0;0;295;1;1;4;4;0;0;0;0;589;1;1;1;589;1;0;0;1;1;0
"Used Buffers Count";0;0;0;295;1;1;4;4;0;0;0;0;589;1;1;1;589;1;0;0;1;1;0
"Used Textures Bytes";0;0;0;295;1;1;4;4;0;0;0;0;589;1;1;1;589;1;0;0;1;1;0
"Used Textures Count";0;0;0;295;1;1;4;4;0;0;0;0;589;1;1;1;589;1;0;0;1;1;0
"Vertex Buffer Upload In Frame Bytes";0;0;0;295;1;1;4;4;0;0;0;0;589;1;1;1;589;1;0;0;1;1;0
"Vertex Buffer Upload In Frame Count";0;0;0;295;1;1;4;4;0;0;0;0;589;1;1;1;589;1;0;0;1;1;0
"Vertices Count";0;0;0;295;1;1;4;4;0;0;0;0;589;1;1;1;589;1;0;0;1;1;0
"Video Memory Bytes";0;0;0;295;1;1;4;4;0;0;0;0;589;1;1;1;589;1;0;0;1;1;0
"Video Reserved Memory";0;0;0;295;1;1;3;3;0;0;0;0;589;1;1;1;589;1;0;0;1;1;0
"Video Used Memory";0;0;0;295;1;1;3;3;0;0;0;0;589;1;1;1;589;1;0;0;1;1;0
"Virtual Texture Reads";0;0;0;295;1;1;3;3;0;0;0;0;589;1;1;1;589;1;0;0;1;1;0
"Visible Skinned Meshes Count";0;0;0;295;1;1;4;4;0;0;0;0;589;1;1;1;589;1;0;0;1;1;0
"WaitForCompleted";0;0;0;295;1;1;3;13;0;0;0;0;12475;21;20;25;589;1;0;0;1;1;0
"GfxResource.Unregister";0;0;0;475;475;475;4;6;0;0;0;0;6;3;3;3;2;475;0;0;475;475;0
"Object.Unregister";0;0;0;475;475;475;4;6;0;0;0;0;2;1;1;1;2;475;0;0;475;475;0
