Name; Median Time; Min Time; Max Time; Median Frame Index; Min Frame Index; Max Frame Index; Min Depth; Max Depth; Total Time; Mean Time; Time Lower Quartile; Time Upper Quartile; Count Total; Count Median; Count Min; Count Max; Number of frames containing Marker; First Frame Index; Time Min Individual; Time Max Individual; Min Individual Frame; Max Individual Frame; Time at Median Frame
"EditorLoop";13.7983;7.092401;23.07774;632;1;534;1;1;9188.28919315338;13.90059;13.12823;14.69316;2643;4;3;4;661;1;0.092234;21.78209;116;534;13.39941
"PlayerLoop";2.434186;1.296703;3.422416;335;604;91;1;1;1538.86782097816;2.32809;1.93743;2.683376;1983;3;3;3;661;1;0.009949;2.52651;116;76;2.811175
"RenderPlayModeViewCameras";1.813296;0.97129;2.526269;148;492;76;2;2;1085.79714745283;1.642658;1.275373;1.881975;661;1;1;1;661;1;0.97129;2.526269;492;76;1.988256
"UnityEngine.CoreModule.dll!UnityEngine.Rendering::RenderPipelineManager.DoRenderLoop_Internal() [Invoke]";1.736281;0.943448;2.036466;268;492;90;3;3;1034.47276848555;1.565012;1.188479;1.806543;661;1;1;1;661;1;0.943448;2.036466;492;90;1.924906
"Inl_UniversalRenderTotal";1.715812;0.93438;2.016038;208;492;90;4;4;1022.72267645597;1.547235;1.176096;1.785384;661;1;1;1;661;1;0.93438;2.016038;492;90;1.902414
"Inl_RenderCameraStack";1.691146;0.923109;1.992554;271;604;90;5;5;1008.85015422106;1.526248;1.161478;1.760878;661;1;1;1;661;1;0.923109;1.992554;604;90;1.87372
"Inl_UniversalRenderPipeline.RenderSingleCameraInternal: Main Camera";0.962984;0.512115;1.193618;313;604;415;6;6;574.260028779507;0.8687747;0.661015;0.998962;661;1;1;1;661;1;0.512115;1.193618;604;415;1.066278
"UpdateScene";0.619317;0.273184;1.196023;171;629;433;2;2;439.385157108307;0.6647279;0.521112;0.819153;661;1;1;1;661;1;0.273184;1.196023;629;433;0.80147
"Inl_ScriptableRenderContext.Submit";0.589911;0.329531;0.948156;385;108;511;6;6;357.646783947945;0.5410693;0.409481;0.627222;661;1;1;1;661;1;0.329531;0.948156;108;511;0.65809
"UniversalRenderPipeline.RenderSingleCameraInternal: Main Camera";0.524548;0.288834;0.878686;649;604;511;7;7;317.361379027367;0.4801231;0.356522;0.559524;661;1;1;1;661;1;0.288834;0.878686;604;511;0.588749
"Profiler.FlushCounters";0.508818;0.208754;0.671345;474;479;304;1;1;291.246697723866;0.4406153;0.306808;0.544786;661;1;1;1;661;1;0.208754;0.671345;479;304;0.4989
"ExecuteRenderGraph";0.506093;0.276772;0.859669;392;604;511;8;8;306.648999869823;0.4639168;0.344579;0.54113;661;1;1;1;661;1;0.276772;0.859669;604;511;0.572939
"Profiler.FlushMemoryCounters";0.468282;0.189628;0.626661;362;479;220;2;2;266.5166143924;0.4032021;0.275128;0.501215;661;1;1;1;661;1;0.189628;0.626661;479;220;0.466559
"RenderLoop.ScheduleDraw";0.312146;0.163248;0.557533;414;604;511;10;11;190.084361970425;0.2875709;0.211128;0.339902;4627;7;7;7;661;1;0.00012;0.201419;33;66;0.355571
"Inl_ExecuteRenderGraph";0.310815;0.162576;0.428077;59;492;90;7;7;183.562692672014;0.2777045;0.200558;0.325623;661;1;1;1;661;1;0.162576;0.428077;492;90;0.323719
"Inl_RecordRenderGraph";0.304483;0.164871;0.458103;178;604;165;7;7;187.189566507936;0.2831915;0.22268;0.321275;661;1;1;1;661;1;0.164871;0.458103;604;165;0.312208
"Inl_On Record Render Graph";0.296759;0.161063;0.450569;627;604;165;8;8;182.633927389979;0.2762994;0.216929;0.312979;661;1;1;1;661;1;0.161063;0.450569;604;165;0.304855
"FixedUpdate.PhysicsFixedUpdate";0.204415;0.114595;0.457763;421;113;193;3;3;113.548915609717;0.2060779;0.160613;0.245292;552;1;1;2;551;1;0.061777;0.457763;534;193;0.243679
"Physics.RunSimulationStage";0.190349;0.105589;0.436432;129;113;193;4;4;105.399359874427;0.1912874;0.149221;0.226817;552;1;1;2;551;1;0.059072;0.436432;534;193;0.228601
"Physics.Simulate";0.190038;0.105419;0.43538;129;113;193;5;5;105.241961613297;0.1910017;0.149051;0.226056;552;1;1;2;551;1;0.059022;0.43538;534;193;0.22839
"PxScene.simulate";0.189517;0.105068;0.434829;648;113;193;6;6;104.887696683407;0.1903588;0.14848;0.225435;552;1;1;2;551;1;0.058911;0.434829;534;193;0.22802
"Profiler.RequestScreenshot";0.157486;0.092394;0.463413;196;241;1;5;5;8.91918397694826;0.1982041;0.137138;0.234963;45;1;1;1;45;1;0.092394;0.463413;241;1;0
"CullScriptable";0.155683;0.071555;0.397108;440;604;415;7;7;97.1731327772141;0.1470093;0.113013;0.169189;661;1;1;1;661;1;0.071555;0.397108;604;415;0.231406
"RenderLoop.DrawSRPBatcher";0.114304;0.059081;0.226777;60;604;511;12;12;69.8617168292403;0.1056909;0.078097;0.124684;1322;2;2;2;661;1;0.024376;0.152788;628;66;0.128842
"SRPBatcher.Flush";0.107412;0.056527;0.21216;94;492;511;13;14;67.0928178094327;0.101502;0.07934999;0.117622;1983;3;3;3;661;1;0.012273;0.097283;488;167;0.115448
"DrawOpaqueObjects";0.10081;0.054914;0.202372;136;604;66;9;9;61.3248778879642;0.09277591;0.064382;0.109416;661;1;1;1;661;1;0.054914;0.202372;604;66;0.109466
"DrawBuffersBatchMode";0.099086;0.051718;0.192794;356;492;511;14;15;61.9400158151984;0.09370653;0.073348;0.108795;1983;3;3;3;661;1;0.008786;0.096352;554;167;0.104617
"RenderTarget.GrabPixels";0.094317;0.011561;0.128783;436;1;211;6;6;3.82137100491673;0.08491936;0.061886;0.108074;45;1;1;1;45;1;0.011561;0.128783;1;211;0
"Draw Main Light Shadowmap";0.084289;0.041639;0.204926;31;554;322;9;9;54.0572309084237;0.08178098;0.065654;0.093185;661;1;1;1;661;1;0.041639;0.204926;554;322;0.094829
"MainLightShadow";0.083197;0.041057;0.203102;36;554;322;10;10;53.3865937255323;0.0807664;0.064953;0.092034;661;1;1;1;661;1;0.041057;0.203102;554;322;0.094027
"SceneCulling";0.082625;0.033624;0.154862;28;549;639;8;8;52.3793778717518;0.07924263;0.06357;0.091913;661;1;1;1;661;1;0.033624;0.154862;549;639;0.141036
"Shadows.ExecuteDrawShadows";0.08021;0.038882;0.175471;274;554;511;11;11;51.1479318775237;0.07737962;0.061768;0.089128;2644;4;4;4;661;1;0.002074;0.147027;565;511;0.091141
"Bloom";0.072016;0.040226;0.131197;292;570;444;9;9;43.8870509602129;0.06639493;0.046417;0.077526;661;1;1;1;661;1;0.040226;0.131197;570;444;0.077896
"Shadows.ScheduleRenderJobs";0.068891;0.031719;0.158889;145;554;70;12;12;44.0535870082676;0.06664688;0.052538;0.077487;2644;4;4;4;661;1;0.000942;0.138351;223;70;0.080943
"PlayerConnection.Poll";0.066666;0.017513;0.200778;605;36;433;4;5;47.1831119768322;0.07138141;0.040507;0.102563;1322;2;2;2;661;1;0.00526;0.117952;36;433;0.112562
"WaitForJobGroupID";0.064211;0.022522;0.30277;248;564;415;6;13;43.0110199414194;0.06506962;0.051127;0.074962;4312;7;3;10;661;1;0.000772;0.266923;644;415;0.096072
"Update.ScriptRunBehaviourUpdate";0.062818;0.035837;0.173247;297;589;505;3;3;44.1894749067724;0.06685246;0.050114;0.07445;661;1;1;1;661;1;0.035837;0.173247;589;505;0.0744
"BehaviourUpdate";0.062147;0.035446;0.172585;150;589;505;4;4;43.6971119642258;0.06610759;0.049463;0.073789;661;1;1;1;661;1;0.035446;0.172585;589;505;0.073789
"MoonsAndStars.Planets.dll!MoonsAndStars.Assets.Code.Scripts.Planets::LodCalculator.CheckVisiblePlanets() [Coroutine: MoveNext] [Invoke]";0.058249;0.033713;0.168247;512;584;505;5;5;6.20791501179338;0.0614645;0.045576;0.066105;101;1;1;1;101;7;0.033713;0.168247;584;505;0
"DrawDepthNormalPrepass";0.054673;0.027972;0.120297;646;628;119;9;9;35.1586329992861;0.05319006;0.041669;0.062308;661;1;1;1;661;1;0.027972;0.120297;628;119;0.072427
"Inl_Setup Forward Lights";0.052919;0.030397;0.115438;273;604;67;8;8;33.6815288458019;0.05095541;0.041548;0.057258;661;1;1;1;661;1;0.030397;0.115438;604;67;0.062006
"Inl_Setup Light Constants";0.051768;0.029896;0.114235;447;604;67;9;9;33.016640894115;0.04994953;0.040937;0.056026;661;1;1;1;661;1;0.029896;0.114235;604;67;0.060344
"Graphics.Blit";0.050456;0.03231;0.077366;511;601;16;6;7;2.22341201454401;0.04940915;0.03695;0.053611;90;2;2;2;45;1;0.01614;0.038713;601;16;0
"Inl_Bloom";0.048982;0.02116;0.11647;28;560;63;8;8;29.2910269387066;0.0443132;0.028023;0.055104;661;1;1;1;661;1;0.02116;0.11647;560;63;0.055385
"Shadows.DrawSRPBatcher";0.047138;0.022903;0.114566;59;488;186;13;13;30.6413958761841;0.04635612;0.038192;0.053521;661;1;1;1;661;1;0.022903;0.114566;488;186;0.054563
"Inl_Forward+ Setup";0.045426;0.02147;0.087915;146;604;465;9;9;28.8256919384003;0.04360922;0.035437;0.050245;661;1;1;1;661;1;0.02147;0.087915;604;465;0.046698
"CullResults.CreateSharedRendererScene";0.043192;0.02132;0.284266;25;556;415;8;8;29.442850895226;0.04454289;0.03159;0.049494;661;1;1;1;661;1;0.02132;0.284266;556;415;0.041458
"EarlyUpdate.PollPlayerConnection";0.04246;0.012324;0.120276;623;36;433;3;3;30.219527957961;0.0457179;0.027793;0.064301;661;1;1;1;661;1;0.012324;0.120276;36;433;0.070664
"RG_BloomDownsample";0.039705;0.022522;0.095039;529;570;214;10;10;24.4877949412912;0.03704659;0.025699;0.043021;661;1;1;1;661;1;0.022522;0.095039;570;214;0.043562
"Inl_UpdateVolumeFramework";0.039294;0.018225;0.087525;31;601;491;6;6;23.090616941452;0.03493286;0.025247;0.040757;661;1;1;1;661;1;0.018225;0.087525;601;491;0.040186
"SSAO";0.036278;0.018696;0.099568;585;600;44;9;9;21.9960479605943;0.03327693;0.023945;0.038743;661;1;1;1;661;1;0.018696;0.099568;600;44;0.039494
"VolumeManager.Update";0.034825;0.016541;0.080282;36;601;491;7;7;20.504312954843;0.03102014;0.022122;0.036119;661;1;1;1;661;1;0.016541;0.080282;601;491;0.035607
"EndRenderQueueExtraction";0.034265;0.014958;0.272624;25;601;415;8;9;24.1019009705633;0.03646278;0.027632;0.039414;1322;2;2;2;661;1;0.002274;0.269428;492;415;0.034296
"Inl_UniversalRenderPipeline.ComputeShadowCasterCullingInfos";0.032942;0.022944;0.077436;241;634;466;7;7;22.4286979231983;0.03393146;0.029917;0.036468;661;1;1;1;661;1;0.022944;0.077436;634;466;0.040457
"RenderLoop.Draw";0.03174;0.017663;0.078899;237;604;573;12;12;19.5845839679241;0.02962872;0.020298;0.034155;661;1;1;1;661;1;0.017663;0.078899;604;573;0.035516
"Inl_NRPRGComp_ExecuteInitializeResources";0.030973;0.015118;0.058489;510;492;324;8;8;18.1686936700717;0.02748668;0.018955;0.032693;13220;20;20;20;661;1;2E-05;0.03209;1;324;0.031419
"FixedUpdate.ScriptRunBehaviourFixedUpdate";0.030578;0.015539;0.091332;80;109;628;3;3;17.9884219747037;0.03264686;0.023424;0.041337;552;1;1;2;551;1;0.00503;0.091332;534;628;0.043743
"CullSendEvents";0.029476;0.00563;0.102654;164;549;639;9;9;19.6350609967485;0.02970508;0.023204;0.035577;661;1;1;1;661;1;0.00563;0.102654;549;639;0.062398
"FixedBehaviourUpdate";0.029336;0.014858;0.088607;506;109;628;4;4;17.2626929655671;0.03132975;0.022553;0.039755;552;1;1;2;551;1;0.00491;0.088607;534;628;0.041819
"Inl_Blit Color LUT";0.029205;0.013746;0.055605;148;604;377;8;8;17.3534149229527;0.02625328;0.018044;0.030788;661;1;1;1;661;1;0.013746;0.055605;604;377;0.031419
"SRPBRender.ApplyShader";0.029055;0.014757;0.110389;491;560;66;13;13;17.7619149759412;0.02687128;0.018205;0.032311;1322;2;2;2;661;1;0.002685;0.102043;111;66;0.033853
"Inl_ColorGradingLUT";0.02682;0.012614;0.052449;414;604;377;9;9;16.0125399632379;0.02422472;0.016672;0.028454;661;1;1;1;661;1;0.012614;0.052449;604;377;0.028884
"Inl_NRPRGComp_ExecuteBeginRenderpassCommand";0.02633;0.014827;0.079069;87;586;449;8;8;16.2519869245589;0.02458697;0.018255;0.028012;4627;7;7;7;661;1;0.000942;0.054943;563;449;0.02726
"Inl_Forward+ Upload";0.024386;0.013786;0.086233;59;604;67;10;10;15.7209589770064;0.0237836;0.019447;0.02624;661;1;1;1;661;1;0.013786;0.086233;604;67;0.028945
"Inl_RG_BloomDownsample";0.024326;0.010259;0.089839;652;630;90;9;9;14.7370359469205;0.02229506;0.013806;0.027963;661;1;1;1;661;1;0.010259;0.089839;630;90;0.029916
"Assembly-CSharp.dll!MoonsAndStars.Assets.Code.Scripts.Players.Input::ShipController.FixedUpdate() [Invoke]";0.022924;0.011742;0.074981;421;109;628;5;5;13.6619559582323;0.02479484;0.017633;0.031549;552;1;1;2;551;1;0.004088;0.074981;534;628;0.032421
"Physics.OverlapSphere";0.022903;0.012914;0.085892;96;635;505;6;6;2.57752298470587;0.02552003;0.017944;0.025929;101;1;1;1;101;7;0.012914;0.085892;635;505;0
"Shadows.PrepareDrawShadows";0.022343;0.01097;0.09578;71;492;188;7;7;14.8426259672269;0.02245481;0.018084;0.024696;1322;2;2;2;661;1;0.002985;0.082635;492;188;0.024415
"Inl_NRPRGComp_ExecuteDestroyResources";0.02108;0.012865;0.044363;430;628;572;8;8;13.3375700982288;0.02017787;0.015174;0.02225;13220;20;20;20;661;1;6E-05;0.030838;3;572;0.022154
"CullAllVisibleLights";0.020589;0.009117;0.051346;94;584;369;9;9;13.2102869618684;0.01998531;0.014267;0.022713;661;1;1;1;661;1;0.009117;0.051346;584;369;0.041448
"RG_BloomUpsample";0.020248;0.011612;0.065193;331;568;321;10;10;12.6887939525768;0.01919636;0.013285;0.022212;661;1;1;1;661;1;0.011612;0.065193;568;321;0.02134
"SRPBShadow.ApplyShader";0.019747;0.008446;0.088025;465;628;186;14;14;12.7217219788581;0.01924618;0.014257;0.023123;661;1;1;1;661;1;0.008446;0.088025;628;186;0.02634
"PreUpdate.SendMouseEvents";0.019697;0.011602;0.07386;17;558;61;3;3;14.0228869505227;0.02121465;0.016511;0.022412;661;1;1;1;661;1;0.011602;0.07386;558;61;0.020629
"Inl_RG_BloomUpsample";0.019587;0.008195;0.063209;165;558;189;9;9;11.6807089801878;0.01767127;0.010971;0.021751;661;1;1;1;661;1;0.008195;0.063209;558;189;0.020388
"Blit Color LUT";0.019526;0.009548;0.048651;474;634;304;9;9;12.2775799725205;0.01857425;0.012413;0.02142;661;1;1;1;661;1;0.009548;0.048651;634;304;0.025939
"Monobehaviour.OnMouse_";0.019457;0.011472;0.073088;234;558;61;4;4;13.8680339707062;0.02098038;0.016341;0.021961;661;1;1;1;661;1;0.011472;0.073088;558;61;0.020428
"ColorGradingLUT";0.018575;0.009147;0.04743;149;634;304;10;10;11.6830660039559;0.01767484;0.011842;0.020358;661;1;1;1;661;1;0.009147;0.04743;634;304;0.024907
"UnityEngine.InputLegacyModule.dll!UnityEngine::SendMouseEvents.DoSendMouseEvents() [Invoke]";0.018465;0.010861;0.068248;186;558;61;5;5;13.2101059639826;0.01998503;0.015669;0.02093;661;1;1;1;661;1;0.010861;0.068248;558;61;0.019597
"CopyColor";0.018435;0.009749;0.072476;474;488;102;9;10;11.3106629643589;0.01711144;0.011271;0.019977;1322;2;2;2;661;1;0.004719;0.03724;488;102;0.020228
"DrawSkybox";0.018245;0.009548;0.037361;466;604;250;9;9;11.2075279550627;0.01695541;0.011782;0.019657;661;1;1;1;661;1;0.009548;0.037361;604;250;0.021059
"Application.FlushRenderStats";0.017973;0.009679;0.065182;246;116;48;2;2;13.1673949724063;0.01992042;0.014958;0.021541;661;1;1;1;661;1;0.009679;0.065182;116;48;0.020699
"BatchRenderer.Flush";0.016862;0.008366;0.055134;443;116;573;13;13;10.2156629599631;0.01545486;0.01013;0.018184;661;1;1;1;661;1;0.008366;0.055134;116;573;0.019356
"Inl_UniversalRenderPipeline.CreateRenderingData";0.016701;0.007534;0.05853;356;604;336;7;7;11.1334059704095;0.01684328;0.013014;0.019537;661;1;1;1;661;1;0.007534;0.05853;604;336;0.019888
"Profiler.CollectLegacyStats";0.016321;0.008125;0.046688;63;473;512;2;2;11.4156569922343;0.01727028;0.013285;0.02082;661;1;1;1;661;1;0.008125;0.046688;473;512;0.018856
"UnityEngine.CoreModule.dll!::UpdateFunction.Invoke() [Invoke]";0.016233;0.007363;0.036718;343;1;132;4;4;10.4334089625627;0.01578428;0.011722;0.018686;5840;9;8;10;661;1;0.000351;0.02131;558;398;0.016421
"Camera.RenderSkybox";0.01583;0.008326;0.034555;565;604;250;10;10;9.69919597823173;0.01467352;0.010069;0.017022;661;1;1;1;661;1;0.008326;0.034555;604;250;0.018605
"Graphics.DrawProcedural";0.01576;0.009319;0.040805;317;604;471;10;11;10.0027679307386;0.01513278;0.011191;0.017173;15203;23;23;23;661;1;0.00021;0.023183;17;333;0.018767
"DrawScreenSpaceUI";0.015268;0.008516001;0.027292;300;492;89;9;9;9.60910896863788;0.01453723;0.010711;0.016181;1322;2;2;2;661;1;0.003868;0.018385;583;33;0.027292
"Physics.FetchPhysXResults";0.015208;0.007814;0.068379;294;113;70;7;7;8.98379598744214;0.01630453;0.012784;0.018154;552;1;1;2;551;1;0.007814;0.068379;113;70;0.016311
"Inl_ComputeHashRenderGraph";0.014628;0.008686;0.035567;645;563;514;7;7;9.20933397021145;0.01393243;0.011842;0.015189;661;1;1;1;661;1;0.008686;0.035567;563;514;0.022392
"Inl_RenderPipeline.EndCameraRendering";0.013826;0.008015;0.030748;466;604;425;6;6;8.65949999634176;0.01310061;0.009208;0.014898;661;1;1;1;661;1;0.008015;0.030748;604;425;0.015599
"PostLateUpdate.UpdateAudio";0.013465;0.006472;0.058461;659;293;350;3;3;10.1448189485818;0.01534768;0.011;0.017133;661;1;1;1;661;1;0.006472;0.058461;293;350;0.016511
"Profiler.FlushCountersWithFlushOnEndOfFrame";0.013275;0.005611;0.060855;34;473;512;2;2;12.2518189754337;0.01853528;0.008907;0.027591;661;1;1;1;661;1;0.005611;0.060855;473;512;0.011522
"Setup Forward Lights";0.013235;0.006182;0.080302;200;563;132;9;9;8.43529400182888;0.01276141;0.009057;0.015038;661;1;1;1;661;1;0.006182;0.080302;563;132;0.013906
"Inl_Setup Camera Properties";0.013095;0.007314;0.034827;12;628;618;8;8;7.98493197141215;0.01208008;0.009498;0.013656;1322;2;2;2;661;1;0.001633;0.027142;544;618;0.013586
"Setup Camera Properties";0.012974;0.007334;0.082055;462;582;188;9;9;8.98590596485883;0.01359441;0.01059;0.014617;1322;2;2;2;661;1;0.001433;0.077757;195;188;0.013966
"UnityEngine.IMGUIModule.dll!UnityEngine::GUIUtility.SetSkin() [Invoke]";0.012924;0.008466;0.039104;586;656;287;3;3;8.89461297541857;0.0134563;0.011441;0.014548;661;1;1;1;661;1;0.008466;0.039104;656;287;0.014868
"Inl_SSAO";0.012915;0.005791;0.038072;378;629;387;8;8;7.73507698858157;0.01170208;0.007404;0.014107;661;1;1;1;661;1;0.005791;0.038072;629;387;0.013867
"Unity.RenderPipelines.Core.Runtime.dll!UnityEngine.Rendering::DebugUpdater.Update() [Invoke]";0.012774;0.007063;0.048511;380;187;91;5;5;8.64273097738624;0.01307524;0.009788;0.014167;661;1;1;1;661;1;0.007063;0.048511;187;91;0.013425
"Render.Mesh";0.012754;0.005971;0.050395;191;116;573;14;14;7.69562095263973;0.01164239;0.007603;0.013757;3966;6;6;6;661;1;0.000611;0.04248;116;573;0.014568
"FixedUpdate.Physics2DFixedUpdate";0.012684;0.007173;0.052669;141;588;654;3;3;7.29683498246595;0.01324289;0.010289;0.014247;552;1;1;2;551;1;0.001793;0.052669;534;654;0.012944
"Inl_UniversalRenderPipeline.CreateCameraData";0.012344;0.006302;0.030167;430;604;324;6;6;7.62712298519909;0.01153876;0.009027;0.012894;661;1;1;1;661;1;0.006302;0.030167;604;324;0.012724
"Physics.SwapPhysXBuffersJob";0.012303;0.005971;0.058049;584;113;70;8;8;7.25330097507685;0.01316389;0.010119;0.014788;552;1;1;2;551;1;0.005971;0.058049;113;70;0.012133
"AudioManager.Update";0.012263;0.005741;0.054062;624;293;350;4;4;9.21478797495365;0.01394068;0.009859;0.01574;661;1;1;1;661;1;0.005741;0.054062;293;350;0.015269
"BeginRenderQueueExtraction";0.011903;0.005922;0.072808;205;563;56;8;9;7.99878996424377;0.01210104;0.008735999;0.013175;1322;2;2;2;661;1;0.002545;0.066065;563;56;0.012564
"Inl_Draw Main Light Shadowmap";0.011892;0.006182;0.028103;319;634;636;8;8;7.24085198109969;0.01095439;0.007464;0.012483;661;1;1;1;661;1;0.006182;0.028103;634;636;0.012764
"EarlyUpdate.PhysicsResetInterpolatedTransformPosition";0.011722;3E-05;0.042189;212;14;405;3;3;7.70300499058067;0.01165356;0.008757;0.016602;661;1;1;1;661;1;3E-05;0.042189;14;405;0.016031
"Inl_CompileRenderGraph";0.011392;0.006142;0.030698;247;560;487;7;7;6.97111098701134;0.01054631;0.007795;0.011973;661;1;1;1;661;1;0.006142;0.030698;560;487;0.011492
"Profiler.CollectPhysicsStats";0.011271;0.005651;0.040186;516;608;405;4;4;6.4185369820334;0.01164889;0.008396;0.014137;551;1;1;1;551;1;0.005651;0.040186;608;405;0.013325
"EditorConnection.CheckForIncomingConnections";0.011041;0.004909;0.046768;442;160;340;5;5;7.7168859760277;0.01167456;0.008666;0.013385;661;1;1;1;661;1;0.004909;0.046768;160;340;0.015549
"MoonsAndStars.Planets.dll!MoonsAndStars.Assets.Code.Scripts.Planets::LodCalculator.CheckLodOnPlanets() [Coroutine: MoveNext] [Invoke]";0.010821;0.006482;0.035917;90;609;202;5;5;1.19107399741188;0.01179281;0.008846;0.012904;101;1;1;1;101;7;0.006482;0.035917;609;202;0
"RG_BloomPrefilter";0.01064;0.00555;0.035296;167;570;462;10;10;6.45433199498802;0.009764496;0.006462;0.011602;661;1;1;1;661;1;0.00555;0.035296;570;462;0.012183
"RG_UberPost";0.01052;0.005711;0.023765;336;559;100;9;9;6.39173399237916;0.009669795;0.006512;0.011412;661;1;1;1;661;1;0.005711;0.023765;559;100;0.014067
"Image.AllocateImageData";0.010349;0.008415;0.025187;16;106;1;6;6;0.12217599991709;0.0122176;0.009628;0.011902;10;1;1;1;10;1;0.008415;0.025187;106;1;0
"Idle";0.010179;0.000611;0.239141;421;241;415;11;11;1.6636610001442;0.01769852;0.001303;0.023364;95;1;1;2;94;18;0.000611;0.239141;241;415;0
"Shadows.ExtractShaderPassContext";0.010149;0.003948;0.1013;116;609;70;13;13;6.96261398168281;0.01053346;0.006223;0.013286;2644;4;4;4;661;1;0.000691;0.088116;220;70;0.014328
"Inl_UniversalRenderPipeline.InitializeAdditionalCameraData";0.010099;0.004929;0.028875;430;604;653;6;6;6.20808598352596;0.009391961;0.007163;0.01059;661;1;1;1;661;1;0.004929;0.028875;604;653;0.012984
"PostLateUpdate.PlayerUpdateCanvases";0.009939;0.005511;0.059402;278;629;331;3;3;7.11875998368487;0.01076968;0.007705;0.011351;661;1;1;1;661;1;0.005511;0.059402;629;331;0.009327
"Inl_MainLightShadow";0.009458;0.00494;0.024035;285;634;8;9;9;5.76099997293204;0.008715582;0.005911;0.009939;661;1;1;1;661;1;0.00494;0.024035;634;8;0.01033
"UpdateReflectionProbeAtlas";0.009418;0.004659;0.077877;145;563;132;10;10;6.16546998266131;0.009327489;0.006683;0.01086;661;1;1;1;661;1;0.004659;0.077877;563;132;0.010409
"Inl_RG_UberPostSetupBloomPass";0.009197;0.004248;0.024055;240;604;165;9;9;5.92047699168324;0.008956849;0.007424;0.009829;661;1;1;1;661;1;0.004248;0.024055;604;165;0.009077
"PrepareSceneNodes";0.009067;0.003106;0.028423;140;584;315;9;9;5.45571898203343;0.008253735;0.004929;0.009699;661;1;1;1;661;1;0.003106;0.028423;584;315;0.009899
"Inl_ScriptableRenderer.SetPerCameraShaderVariables";0.008846;0.00509;0.032492;19;628;618;9;9;5.55321998381987;0.00840124;0.006512;0.009287;1322;2;2;2;661;1;0.001112;0.025378;544;618;0.009227
"Assembly-CSharp.dll!MoonsAndStars.Assets.Code.Scripts.Players.Input::ShipController.Update() [Invoke]";0.008275;0.004528;0.030477;149;627;505;5;5;5.66812799312174;0.00857508;0.006402;0.009418;661;1;1;1;661;1;0.004528;0.030477;627;505;0.008937
"PlayerEndOfFrame";0.008165;0.002555;0.656878;69;2;16;3;3;20.4626799484249;0.03095715;0.006202;0.009188;661;1;1;1;661;1;0.002555;0.656878;2;16;0.008496
"EarlyUpdate.InsightsUpdate";0.008145;0.003257;0.031208;565;1;19;3;3;5.55674498784356;0.008406573;0.00559;0.01076;661;1;1;1;661;1;0.003257;0.031208;1;19;0.009097
"Inl_UniversalRenderPipeline.SetupPerCameraShaderConstants";0.007975;0.003607;0.022783;152;492;619;7;7;4.78685697726905;0.007241841;0.00515;0.008375;661;1;1;1;661;1;0.003607;0.022783;492;619;0.008396
"MoonsAndStars.Planets.dll!MoonsAndStars.Assets.Code.Scripts.Planets::PlanetColorizer.Update() [Invoke]";0.007965;0.004048;0.033473;86;531;243;5;5;5.69044198933989;0.008608839;0.006422;0.009718;661;1;1;1;661;1;0.004048;0.033473;531;243;0.008326
"EditorResources.Load";0.007905;0.00544;0.028464;41;656;225;4;4;5.5330059742555;0.008370659;0.007073;0.008927;661;1;1;1;661;1;0.00544;0.028464;656;225;0.008667
"UnityEngine.UI.dll!UnityEngine.EventSystems::EventSystem.Update() [Invoke]";0.007784;0.004348;0.02687;294;529;265;5;5;5.40819998597726;0.008181846;0.006332;0.008937;661;1;1;1;661;1;0.004348;0.02687;529;265;0.007615
"Audio.FMODSystemUpdate";0.007754;0.003186;0.047599;587;293;65;5;5;5.95798498135991;0.009013593;0.006352;0.01046;661;1;1;1;661;1;0.003186;0.047599;293;65;0.011121
"UIEvents.WillRenderCanvases";0.007704;0.004218;0.056997;427;660;331;4;4;5.66208099480718;0.008565932;0.006031;0.008947;661;1;1;1;661;1;0.004218;0.056997;660;331;0.007233
"Physics.PublishResultsStage";0.007594;0.004268;0.034555;175;283;350;4;4;4.57102698786184;0.008295875;0.006582;0.008997;552;1;1;2;551;1;0.001583;0.034555;534;350;0.008156
"VolumeManager.ReplaceData";0.007464;0.003707;0.025688;164;560;417;8;8;4.44086498813704;0.006718404;0.004419;0.007884;661;1;1;1;661;1;0.003707;0.025688;560;417;0.007755
"UGUI.Rendering.UpdateBatches";0.007464;0.004077;0.056787;390;660;331;5;5;5.45268998015672;0.008249152;0.005751;0.008687;661;1;1;1;661;1;0.004077;0.056787;660;331;0.006893
"Inl_RG_BloomSetup";0.007403;0.004017;0.022702;636;582;33;9;9;4.75852997601032;0.007198986;0.006232;0.007824;661;1;1;1;661;1;0.004017;0.022702;582;33;0.008546
"EngineJob";0.007172;0.000231;0.053563;356;184;301;7;14;6.11479599046288;0.00958432;0.0045;0.010358;3526;5;1;15;638;1;6E-05;0.049233;10;301;0.014007
"FixedUpdate.NewInputFixedUpdate";0.007124;0.003977;0.0322;314;1;643;3;3;4.38775699632242;0.007963262;0.006142;0.008376;552;1;1;2;551;1;0.003977;0.0322;1;643;0.008336
"Profiler.CollectAudioStats";0.007114;0.003296;0.027701;566;473;476;3;3;5.11577198700979;0.007739443;0.0056;0.009368;1322;2;2;2;661;1;0.001292;0.023654;553;476;0.008396
"PrepareSceneCullingParameters";0.006994;0.003436;0.025568;631;634;312;8;8;4.31100299139507;0.006521941;0.004559;0.007364;661;1;1;1;661;1;0.003436;0.025568;634;312;0.017913
"MeshRendererFinalizeUpdate";0.006893;0.004508;0.0265;18;62;32;5;5;0.411823999136686;0.007487709;0.0054;0.007694;55;1;1;1;55;1;0.004508;0.0265;62;32;0
"Shadows.CullDirectionalShadowCasters";0.006863;0.003407;0.023374;146;116;24;10;10;4.50514798099175;0.006815655;0.005019;0.007555;661;1;1;1;661;1;0.003407;0.023374;116;24;0.014969
"Profiler.SessionMetadata";0.006800001;0.006800001;0.007192;1;1;2;1;1;0.0139920003712177;0.006996;0.006800001;0.006800001;28;14;14;14;2;1;7E-05;0.001673;2;1;0
"Inl_UniversalRenderPipeline.CreateShadowData";0.006673;0.002885;0.042049;505;604;441;8;8;4.74833598430268;0.007183564;0.00554;0.008255;661;1;1;1;661;1;0.002885;0.042049;604;441;0.007564
"EarlyUpdate.ProcessRemoteInput";0.006563;0.002906;0.027261;257;518;628;3;3;4.49156098440289;0.0067951;0.004829;0.008176;661;1;1;1;661;1;0.002906;0.027261;518;628;0.007083
"Inl_RG_UberPost";0.006512;0.003808;0.02654;44;413;121;8;8;4.28473498648964;0.006482201;0.00491;0.007113;661;1;1;1;661;1;0.003808;0.02654;413;121;0.007084
"Material.SetPassFast";0.006442;0.002966;0.016411;269;10;250;11;11;3.89531199051999;0.005893059;0.003767;0.007204;661;1;1;1;661;1;0.002966;0.016411;10;250;0.007364
"ProcessRemoteInput";0.006402;0.002845;0.027201;136;366;628;4;4;4.39661198481917;0.006651456;0.004709;0.008045;661;1;1;1;661;1;0.002845;0.027201;366;628;0.007033
"Inl_Initialize Frame";0.006362;0.003626;0.026159;417;554;213;8;8;3.99431298626587;0.006042833;0.004659;0.006712;661;1;1;1;661;1;0.003626;0.026159;554;213;0.006032
"LowLevelPhysics2D.PhysicsWorld.SimulateBatch";0.006292;3E-05;0.039905;285;3;480;4;4;3.94782505259718;0.005972504;0.004768;0.007444;1213;2;1;3;661;1;2E-05;0.039875;1;480;0.007614
"TimeUpdate.WaitForLastPresentationAndUpdateTime";0.006142;0.002465;0.028344;65;474;43;3;3;4.04391097929329;0.006117868;0.004198;0.007564;661;1;1;1;661;1;0.002465;0.028344;474;43;0.007665
"FrameEvents.NewInputBeforeRenderUpdate";0.006001;0.002074;0.017383;131;511;48;3;3;3.53468998731114;0.005347488;0.003677;0.006402;661;1;1;1;661;1;0.002074;0.017383;511;48;0.006111
"PreLateUpdate.ParticleSystemBeginUpdateAll";0.005991;0.003637;0.02623;394;293;202;3;3;4.45207999413833;0.00673537;0.005199;0.006953;661;1;1;1;661;1;0.003637;0.02623;293;202;0.005831
"afterCullingOutputReady.Invoke";0.005921;0.003177;0.034055;329;604;131;8;10;4.55576799041592;0.006892236;0.004979;0.007524;1322;2;2;2;661;1;0.000742;0.032371;169;131;0.006942
"StdRender.ApplyShader";0.005891;0.003105;0.018565;505;542;20;13;13;3.60350099229254;0.00545159;0.003556;0.006412;661;1;1;1;661;1;0.003105;0.018565;542;20;0.006403
"FixedUpdate.AudioFixedUpdate";0.005831;0.002765;0.027061;452;608;459;3;3;3.36269999551587;0.006102904;0.004488;0.007364;552;1;1;2;551;1;0.001293;0.027061;534;459;0.008246
"LowLevelPhysics2D.PhysicsWorld.Simulate";0.005751;0.003166;0.038453;552;627;480;5;5;3.4375549913384;0.006238757;0.004859;0.006703;552;1;1;2;551;1;0.000892;0.038453;534;480;0.006873
"ParticleSystem.Update";0.005721;0.003457;0.025388;604;589;202;4;4;4.23402499035001;0.006405484;0.00489;0.006653;661;1;1;1;661;1;0.003457;0.025388;589;202;0.005641
"Inl_CopyColor";0.0056;0.002554;0.020199;158;199;638;8;9;3.52355099259876;0.005330637;0.003686;0.006312;1322;2;2;2;661;1;0.000991;0.01039;199;638;0.005731
"EditorConnection.PollAllCustomMessages";0.00557;0.001403;0.027842;80;163;378;5;5;3.86250398750417;0.005843425;0.003066;0.007975;661;1;1;1;661;1;0.001403;0.027842;163;378;0.008736
"UnityEngine.InputModule.dll!UnityEngineInternal.Input::NativeInputSystem.ShouldRunUpdate() [Invoke]";0.00557;0.002113;0.017524;208;587;48;4;4;3.58480199309997;0.005423301;0.004027;0.006212;1874;3;2;4;661;1;0.000161;0.016231;42;48;0.006853
"InputSystemPlayerLoopRunnerInitializationSystem";0.00521;0.002194;0.014728;25;518;223;3;3;3.49471898982301;0.005287018;0.003797;0.006522;661;1;1;1;661;1;0.002194;0.014728;518;223;0.006562
"Inl_UpdateReflectionProbeAtlas";0.005179;0.002705;0.061186;142;604;310;10;10;3.25937999156304;0.004930983;0.003376;0.00545;661;1;1;1;661;1;0.002705;0.061186;604;310;0.007955
"AudioManager.FixedUpdate";0.00513;0.002454;0.026189;536;155;459;4;4;2.94987498642877;0.005353675;0.003888;0.006462;552;1;1;2;551;1;0.001173;0.026189;534;459;0.007313
"PhysX.ScScene.postBroadPhase2";0.00507;0.003086;0.023424;100;511;637;7;7;2.99528399296105;0.005436087;0.004268;0.006071;552;1;1;2;551;1;0.003086;0.023424;511;637;0.00518
"PhysX.FinalizeUpdateTask";0.00492;0.002665;0.029205;18;631;293;7;7;2.86805699509569;0.005205185;0.003807;0.006001;552;1;1;2;551;1;0.001453;0.029205;534;293;0.005711
"AssetDatabase.GetGUIDFromAssetPathV2";0.004899;0.003236;0.025117;582;657;225;5;5;3.47003199486062;0.00524967;0.004328;0.005701;1322;2;2;2;661;1;0.000661;0.020348;627;225;0.005389
"Inl_Setup Main Shadowmap";0.004849;0.002134;0.017333;207;554;218;9;9;3.0822029907722;0.004662939;0.003406;0.00524;661;1;1;1;661;1;0.002134;0.017333;554;218;0.005119
"Physics.PrepareSimulationStage";0.004658;0.002465;0.015269;465;551;620;4;4;2.66603399417363;0.004838537;0.003597;0.005781;552;1;1;2;551;1;0.000932;0.015269;534;620;0.00552
"PhysX.NpScene.execution";0.004649;0.002354;0.027111;362;564;441;7;7;2.91676199436188;0.005293579;0.003617;0.006552;552;1;1;2;551;1;0.00022;0.027111;534;441;0.006392
"LowLevelPhysics2D.PhysicsWorld.RenderWorlds";0.004619;0.002244;0.01588;168;604;366;7;7;2.81956800003536;0.00426561;0.002995;0.00497;661;1;1;1;661;1;0.002244;0.01588;604;366;0.005801
"GUI.Repaint";0.004609;0.002555;0.013675;201;583;89;10;10;3.01942199049518;0.004567961;0.003586;0.005009;661;1;1;1;661;1;0.002555;0.013675;583;89;0.013675
"Profiler.FlushRenderCounters";0.004478;0.002675;0.028774;183;549;584;3;3;3.30062398547307;0.00499338;0.003888;0.005029;661;1;1;1;661;1;0.002675;0.028774;549;584;0.004439
"Update.ScriptRunDelayedTasks";0.004448;0.002144;0.032732;425;635;243;3;3;3.15387099632062;0.004771363;0.003466;0.00523;661;1;1;1;661;1;0.002144;0.032732;635;243;0.004829
"Inl_UniversalRenderPipeline.CreateLightData";0.004378;0.001984;0.032401;577;116;560;8;8;3.06668898439966;0.004639469;0.003246;0.005451;661;1;1;1;661;1;0.001984;0.032401;116;560;0.006984
"ScheduleUpdateRendererBoundingVolumes";0.004228;0.002965;0.014186;28;31;20;4;4;0.271728999214247;0.004940527;0.003727;0.00534;55;1;1;1;55;1;0.002965;0.014186;31;20;0
"Profiler.ScreenshotUpdate";0.004198;0.000401;0.653892;45;2;16;4;4;18.073218930338;0.02734224;0.003617;0.004849;661;1;1;1;661;1;0.000401;0.653892;2;16;0.003937
"EarlyUpdate.UpdatePreloading";0.004198;0.001883;0.024065;136;14;171;3;3;2.89425899309572;0.004378607;0.003106;0.00516;661;1;1;1;661;1;0.001883;0.024065;14;171;0.004629
"Physics.Raycast";0.004178;0.002304;0.025067;325;627;273;6;6;3.35670198732987;0.005078218;0.003486;0.0052;661;1;1;1;661;1;0.002304;0.025067;627;273;0.00511
"Audibility computation";0.004118;0.000832;0.025948;5;284;65;6;6;3.04898998647695;0.004612693;0.003106;0.0056;661;1;1;1;661;1;0.000832;0.025948;284;65;0.006122
"PreLateUpdate.UIElementsUpdatePanels";0.004118;0.002265;0.026931;379;31;288;3;3;3.04834999283776;0.004611725;0.003497;0.00494;661;1;1;1;661;1;0.002265;0.026931;31;288;0.003967
"Loading.UpdatePreloading";0.004028;0.001743;0.024025;295;14;171;4;4;2.80666199175175;0.004246084;0.003016;0.00497;661;1;1;1;661;1;0.001743;0.024025;14;171;0.004589
"Inl_UniversalRenderPipeline.InitializeStackedCameraData";0.004018;0.002034;0.018825;227;624;30;7;7;2.55931199272163;0.003871879;0.003076;0.004308;661;1;1;1;661;1;0.002034;0.018825;624;30;0.004027
"RenderingCommandBuffer.PrepareKeywords";0.003957001;0.002023999;0.018846;36;498;69;10;11;2.44266516296193;0.003695409;0.002685;0.004407001;15203;23;23;23;661;1;3E-05;0.01613;3;69;0.005034001
"ReflectionProbeAnchorManagerUpdate";0.003887;0.001462;0.019929;76;554;331;8;10;2.6517439779127;0.004011716;0.002574;0.004289;1983;3;3;3;661;1;9E-05;0.016221;298;331;0.011741
"Initialization.DirectorSampleTime";0.003878;0.001473;0.021881;286;346;138;3;3;2.63051699718926;0.003979602;0.002665;0.004999;661;1;1;1;661;1;0.001473;0.021881;346;138;0.005681
"UnityEngine.CoreModule.dll!UnityEngine::UnitySynchronizationContext.ExecuteTasks() [Invoke]";0.003847;0.001744;0.030217;416;558;243;4;4;2.71507699170616;0.004107529;0.002955;0.004479;661;1;1;1;661;1;0.001744;0.030217;558;243;0.004258
"NetworkInitialization";0.003827;0.001443;0.039464;393;567;398;3;3;2.69277499464806;0.00407379;0.002655;0.00508;661;1;1;1;661;1;0.001443;0.039464;567;398;0.004468
"Unity.RenderPipelines.Core.Runtime.dll!UnityEngine.Rendering::Volume.Update() [Invoke]";0.003717;0.002114;0.014878;374;443;267;5;5;2.68698099185713;0.004065024;0.003086;0.004448;661;1;1;1;661;1;0.002114;0.014878;443;267;0.00503
"PhysX.ScScene.updateDynamics";0.003707;0.001764;0.023805;660;530;439;7;7;2.29597899375949;0.004166931;0.002685;0.005119;552;1;1;2;551;1;0.00029;0.023805;534;439;0.0053
"Physics.SendEvents";0.003687;0.002084;0.017653;429;109;197;5;5;2.33438899368048;0.004236641;0.003266;0.004569;552;1;1;2;551;1;0.000942;0.017653;534;197;0.003296
"PhysX.UpdateContinuationTask";0.003667;0.002084;0.022502;421;627;207;7;7;2.22106799157336;0.004030976;0.002996;0.004719;552;1;1;2;551;1;0.002084;0.022502;627;207;0.004669
"Physics.SyncTransforms";0.003636;0.001954;0.011261;451;555;356;5;5;2.12226499081589;0.003851661;0.002846;0.004599;552;1;1;2;551;1;0.000871;0.011261;534;356;0.004258
"DestroyCullResults";0.003577;0.002134;0.10653;133;601;450;3;3;2.53380399337038;0.003833289;0.002815;0.004097;661;1;1;1;661;1;0.002134;0.10653;601;450;0.004358
"PhysX.ScScene.islandInsertion";0.003556;0.001443;0.013736;19;109;212;7;7;2.18661299382802;0.003968445;0.002554;0.00508;552;1;1;2;551;1;0.000221;0.013736;534;212;0.005501
"EarlyUpdate.PlayerCleanupCachedData";0.003497;0.001493;0.034465;141;653;148;3;3;2.43752999056596;0.00368764;0.002474;0.004529;661;1;1;1;661;1;0.001493;0.034465;653;148;0.003607
"Director.SampleTime";0.003376;0.001343;0.010309;524;346;99;4;4;2.27211899496615;0.003437396;0.002274;0.004308;661;1;1;1;661;1;0.001343;0.010309;346;99;0.00497
"PostLateUpdate.MemoryFrameMaintenance";0.003367;0.002014;0.018735;189;621;119;3;3;2.5244979953859;0.00381921;0.002845;0.003987;661;1;1;1;661;1;0.002014;0.018735;621;119;0.004508
"Cleanup Unused Cached Data";0.003356;0.001443;0.034415;344;653;148;4;4;2.34637199225836;0.003549731;0.002364;0.004328;661;1;1;1;661;1;0.001443;0.034415;653;148;0.003566
"Physics.ReadTransforms";0.003306;0.001703;0.019777;651;627;350;5;5;1.98885799455456;0.003609543;0.002725;0.004018;552;1;1;2;551;1;0.000571;0.019777;534;350;0.004328
"UnityEngine.UIElementsModule.dll!UnityEngine.UIElements::UIElementsRuntimeUtilityNative.UpdatePanels() [Invoke]";0.003296;0.001774;0.025819;162;31;288;4;4;2.43284099618904;0.003680546;0.002705;0.003987;661;1;1;1;661;1;0.001774;0.025819;31;288;0.003076
"PlayerCleanupCachedData";0.003267;0.001393;0.034355;87;653;148;5;5;2.26773899479304;0.00343077;0.002264;0.004208;661;1;1;1;661;1;0.001393;0.034355;653;148;0.003516
"UnityEngine.InputModule.dll!UnityEngineInternal.Input::NativeInputSystem.NotifyBeforeUpdate() [Invoke]";0.003266;0.001964;0.025618;630;1;283;4;4;2.05696099530905;0.003733142;0.002816;0.004007;552;1;1;2;551;1;0.001733;0.025618;534;283;0.002635
"PhysX.ScScene.destroyManagers";0.003226;0.000992;0.009638;95;614;179;7;7;1.88225999183487;0.00341608;0.002595;0.004017;552;1;1;2;551;1;0.000992;0.009638;614;179;0.004739
"EarlyUpdate.Physics2DEarlyUpdate";0.003166;0.001442;0.010149;306;366;628;3;3;2.20161699526943;0.003330737;0.002465;0.003937;661;1;1;1;661;1;0.001442;0.010149;366;628;0.002555
"MoonsAndStars.GamePlay.dll!MoonsAndStars.Assets.Code.Scripts.GamePlay.Player::FrustumCuller.Update() [Invoke]";0.003106;0.001503;0.025108;513;182;506;5;5;2.44541599368677;0.00369957;0.002334;0.004649;661;1;1;1;661;1;0.001503;0.025108;182;506;0.005249
"Inl_ScriptableRenderer.SetupCullingParameters";0.003055;0.001502;0.012583;369;604;427;7;7;1.96150399465114;0.00296748;0.002264;0.003316;661;1;1;1;661;1;0.001502;0.012583;604;427;0.003366
"RenderLoop.CleanupNodeQueue";0.003045;0.002034;0.013355;652;611;452;4;10;2.05482997908257;0.003108669;0.002526;0.003438;4627;7;7;7;661;1;6E-05;0.011571;3;452;0.003256
"UpdatePreloading";0.003036;0.001323;0.022613;15;413;171;5;5;2.14914099872112;0.003251348;0.002325;0.003757;661;1;1;1;661;1;0.001323;0.022613;413;171;0.003376
"PreUpdate.WindUpdate";0.003026;0.001573;0.013596;13;216;61;3;3;2.13617899129167;0.003231738;0.002415;0.003667;661;1;1;1;661;1;0.001573;0.013596;216;61;0.003005
"PhysX.PxsDynamics.solverSetupSolve";0.002986;0.001654;0.012053;369;627;257;7;7;1.84027299028821;0.003339878;0.002415;0.003818;552;1;1;2;551;1;0.000241;0.012053;534;257;0.005249
"Initialization.AsyncUploadTimeSlicedUpdate";0.002975;0.001092;0.013114;331;61;345;3;3;2.03519099729601;0.003078958;0.002064;0.003807;661;1;1;1;661;1;0.001092;0.013114;61;345;0.003567
"PreUpdate.AIUpdate";0.002965;0.001543;0.012544;347;493;237;3;3;2.10940999363083;0.003191241;0.002414;0.003607;661;1;1;1;661;1;0.001543;0.012544;493;237;0.003015
"PhysX.ScScene.advanceStep";0.002936;0.001272;0.011612;411;627;193;7;7;1.74011899356265;0.003158111;0.002034;0.003968;552;1;1;2;551;1;0.0003;0.011612;534;193;0.004238
"UnityEngine.CoreModule.dll!UnityEngine.Experimental.Rendering::ScriptableRuntimeReflectionSystemWrapper.Internal_ScriptableRuntimeReflectionSystemWrapper_TickRealtimeProbes() [Invoke]";0.002926;0.001683;0.027412;656;469;506;3;3;2.19611999299377;0.003322421;0.002474;0.003517;661;1;1;1;661;1;0.001683;0.027412;469;506;0.003287
"Inl_UniversalRenderPipeline.GetMainLightIndex";0.002906;0.001272;0.025438;475;10;239;9;9;1.99050999199972;0.003011361;0.002154;0.003597;661;1;1;1;661;1;0.001272;0.025438;10;239;0.005079
"PhysX.ScScene.rigidBodyNarrowPhase";0.002795;0.001352;0.021791;311;211;206;7;7;1.72518299613148;0.003131004;0.002114;0.003837;552;1;1;2;551;1;0.000301;0.021791;534;206;0.004278
"PostLateUpdate.UpdateAllRenderers";0.002735;0.001412;0.057308;115;574;32;3;3;2.81502899259795;0.004258743;0.002174;0.003496;661;1;1;1;661;1;0.001412;0.057308;574;32;0.002976
"Inl_UniversalRenderPipeline.SetupPerFrameShaderConstants";0.002735;0.001473;0.025498;301;564;620;5;5;1.81710199289955;0.00274902;0.002144;0.003026;661;1;1;1;661;1;0.001473;0.025498;564;620;0.00506
"PostLateUpdate.UpdateCustomRenderTextures";0.002725;0.001713;0.022012;388;439;412;3;3;2.08614899322856;0.00315605;0.002384;0.003276;661;1;1;1;661;1;0.001713;0.022012;439;412;0.003406
"LowLevelPhysics2D.DrawWorld.CompileDrawResults";0.002695;0.001322;0.013966;423;604;366;8;8;1.70208699291106;0.002575018;0.001813;0.002996;661;1;1;1;661;1;0.001322;0.013966;604;366;0.003416
"WaitForRenderJobs";0.002685;0.001573;0.01138;500;549;277;3;5;1.85142298485152;0.002800942;0.002275;0.003065;1983;3;3;3;661;1;0.00012;0.009407;583;277;0.002495
"ApplyPass.PrepareKeywords";0.002684;0.001292;0.06898999;153;589;186;12;15;1.8916589866858;0.002861814;0.001915;0.003183;3305;5;5;5;661;1;0.0001;0.067457;46;186;0.003527
"FrameEvents.OnBeforeRenderCallback";0.002635;0.001002;0.015489;146;560;266;3;3;1.67137499526143;0.002528555;0.001863;0.002926;661;1;1;1;661;1;0.001002;0.015489;560;266;0.002675
"CullShadowCastersScriptable";0.002605;0.001583;0.043212;580;220;443;7;7;1.99223599280231;0.003013973;0.002334;0.003126;661;1;1;1;661;1;0.001583;0.043212;220;443;0.002745
"SpeedTreeWindManager.Update";0.002594;0.001432;0.009808;176;216;273;4;4;1.82362599682529;0.002758889;0.002054;0.003076;661;1;1;1;661;1;0.001432;0.009808;216;273;0.002474
"Inl_ScriptableRenderer.AddRenderPasses";0.002585;0.001253;0.020268;650;116;28;7;7;1.7946549927583;0.00271506;0.002164;0.003166;661;1;1;1;661;1;0.001253;0.020268;116;28;0.003867
"Physics.SendContactEvents";0.002574;0.001373;0.011261;494;109;197;6;6;1.62083499506116;0.002941624;0.002235;0.003095;552;1;1;2;551;1;0.000641;0.011261;534;197;0.002104
"EarlyUpdate.UpdateCanvasRectTransform";0.002515;0.001213;0.017192;299;188;106;3;3;1.86969799094368;0.00282859;0.001984;0.003256;661;1;1;1;661;1;0.001213;0.017192;188;106;0.002324
"UnityEngine.UIModule.dll!UnityEngine::Canvas.SendPreWillRenderCanvases() [Invoke]";0.002474;0.001042;0.011532;158;660;452;6;6;1.81316298968159;0.00274306;0.001934;0.002925;661;1;1;1;661;1;0.001042;0.011532;660;452;0.002294
"NetworkEarlyUpdate";0.002445;0.001012;0.012564;604;601;378;3;3;1.76992299337871;0.002677644;0.001754;0.003096;661;1;1;1;661;1;0.001012;0.012564;601;378;0.002765
"PreLateUpdate.AccessibilityUpdate";0.002444;0.001413;0.012323;377;292;183;3;3;1.82078199402895;0.002754587;0.002064;0.002985;661;1;1;1;661;1;0.001413;0.012323;292;183;0.002324
"PreUpdate.InputForUIUpdate";0.002404;0.001273;0.01094;209;474;67;3;3;1.76464699697681;0.002669663;0.002003;0.002986;661;1;1;1;661;1;0.001273;0.01094;474;67;0.002284
"Inl_ScriptableRenderer.ClearRenderingState";0.002395;0.001303;0.022061;607;217;213;9;9;1.507655991707;0.002280871;0.001693;0.002555;661;1;1;1;661;1;0.001303;0.022061;217;213;0.002315
"ExecuteRenderQueueJob";0.002335;0.001543;0.051316;88;114;301;11;12;2.95002700318582;0.006095097;0.001993;0.003166;543;1;1;2;484;1;0.001543;0.049052;114;301;0.002395
"PhysX.PxsDynamics.solverStart";0.002334;0.001112;0.009928;523;558;423;7;7;1.45351299503818;0.002637955;0.001823;0.003106;552;1;1;2;551;1;0.00028;0.009928;534;423;0.003667
"UnityEngine.CoreModule.dll!UnityEngine.Rendering::RenderPipelineManager.HandleRenderPipelineChange() [Invoke]";0.002334;0.000821;0.020509;661;258;505;3;3;1.59144199744333;0.002407628;0.001964;0.002625;1322;2;2;2;661;1;0.00025;0.018495;258;505;0.002395
"UnityEngine.IMGUIModule.dll!UnityEngine::Event.Internal_MakeMasterEventCurrent() [Invoke]";0.002315;0.001172;0.009828;366;583;89;11;11;1.49545699346345;0.002262416;0.001713;0.002605;661;1;1;1;661;1;0.001172;0.009828;583;89;0.009828
"NetworkPreUpdate";0.002295;0.001042;0.013696;472;527;61;3;3;1.66999699454755;0.00252647;0.001874;0.002855;661;1;1;1;661;1;0.001042;0.013696;527;61;0.001954
"Profiler.SerializeStats";0.002264;0.001242;0.028153;198;648;456;3;3;1.7640459947288;0.002668753;0.001964;0.003076;661;1;1;1;661;1;0.001242;0.028153;648;456;0.002604
"LowLevelPhysics2D.PhysicsWorld.PreSimulate";0.002235;0.001152;0.01087;416;627;384;6;6;1.35869199770968;0.002465866;0.001813;0.002635;552;1;1;2;551;1;0.00037;0.01087;534;384;0.002926
"PhysX.ScScene.islandGen";0.002204;0.000992;0.016411;58;627;297;7;7;1.32417299703229;0.002403218;0.001713;0.002735;552;1;1;2;551;1;0.000992;0.016411;627;297;0.003386
"CustomRenderTextures.Update";0.002184;0.001342;0.021491;328;569;412;4;4;1.67145299422555;0.002528673;0.001853;0.002594;661;1;1;1;661;1;0.001342;0.021491;569;412;0.002154
"Physics.UpdateRigidbodies";0.002175;0.001122;0.014017;506;283;350;6;6;1.34224699786864;0.00243602;0.001803;0.002685;552;1;1;2;551;1;0.000451;0.014017;534;350;0.003025
"FindActiveLights";0.002174;0.000771;0.013676;243;563;84;10;10;1.32829300087178;0.002009521;0.001272;0.002354;661;1;1;1;661;1;0.000771;0.013676;563;84;0.002515
"FrameEvents.XRBeginFrame";0.002164;0.000772;0.007404;71;600;12;3;3;1.2895919989096;0.001950971;0.001422;0.002305;661;1;1;1;661;1;0.000772;0.007404;600;12;0.002224
"Application.Integrate Assets in Background";0.002164;0.000992;0.020198;140;496;60;6;6;1.54681999678724;0.002340121;0.001653;0.002715;661;1;1;1;661;1;0.000992;0.020198;496;60;0.002545
"Physics2D.Simulate";0.002164;0.001122;0.014648;602;31;350;4;4;1.34517299488652;0.00244133;0.001864;0.002695;552;1;1;2;551;1;0.000421;0.014648;534;350;0.002124
"UI.RenderOverlays";0.002094;0.001203;0.00495;58;604;26;10;10;1.3490439997986;0.002040914;0.001523;0.002365;661;1;1;1;661;1;0.001203;0.00495;604;26;0.002134
"Inl_RG_BloomPrefilter";0.002054;0.000781;0.013145;57;541;652;9;9;1.34726199583383;0.002038218;0.001342;0.002475;661;1;1;1;661;1;0.000781;0.013145;541;652;0.002064
"AsyncUploadManager.AsyncResourceUploadAll";0.001985;0.000791;0.012413;56;155;345;4;8;1.37379898957442;0.002078365;0.001393;0.002515;1322;2;2;2;661;1;0.00011;0.012193;3;345;0.002205
"UnityEngine.CoreModule.dll!UnityEngine::Application.InvokeOnBeforeRender() [Invoke]";0.001943;0.000621;0.014527;200;629;266;4;4;1.21438499493524;0.001837194;0.001322;0.002164;661;1;1;1;661;1;0.000621;0.014527;629;266;0.001974
"TransformChangeSystem";0.001882;0.000761;0.017502;171;533;20;4;9;1.56725597847253;0.002371038;0.001434;0.002414;8212;13;9;17;661;1;2E-05;0.014056;1;20;0.002455
"UGUI.Rendering.EmitWorldScreenspaceCameraGeometry";0.001864;0.000651;0.016651;306;258;620;3;4;1.21855299593881;0.001843499;0.001373;0.002084;1322;2;2;2;661;1;9E-05;0.014808;379;620;0.002054
"Initialization.XREarlyUpdate";0.001863;0.000751;0.008556;457;401;498;3;3;1.29430099728052;0.001958095;0.001332;0.002344;661;1;1;1;661;1;0.000751;0.008556;401;498;0.001893
"AudioProfiler.CaptureFrame";0.001854;0.000611;0.007244;33;473;171;4;4;1.45073399500689;0.002194756;0.001262;0.002896;661;1;1;1;661;1;0.000611;0.007244;473;171;0.001943
"PrepareSceneNodesSetUp";0.001844;3E-05;0.017583;65;324;293;12;12;0.985785986165865;0.002138364;0.00019;0.002866;1230;2;1;6;461;1;1E-05;0.015499;61;446;0.009979
"PhysX.DirtyShapeUpdatesTask";0.001824;0.000881;0.009448;19;536;364;7;7;1.12050099798944;0.002033577;0.001402;0.002475;552;1;1;2;551;1;7E-05;0.009448;534;364;0.001994
"ReflectionProbeAnchorPositionUpdate";0.001815;0.000542;0.013705;343;10;237;9;11;1.33901999419322;0.002025749;0.001203;0.002034;1983;3;3;3;661;1;5E-05;0.011852;82;647;0.006741
"CullSceneDynamicObjects";0.001804;0.001072;0.004359;618;584;484;11;11;0.547074996982701;0.002018727;0.001603;0.002464;271;1;1;1;271;2;0.001072;0.004359;584;484;0
"EarlyUpdate.ClearLines";0.001803;0.000511;0.015559;655;631;4;3;3;1.25475899578305;0.001898274;0.001192;0.002385;661;1;1;1;661;1;0.000511;0.015559;631;4;0.002374
"PhysX.ScScene.processLostContact";0.001794;0.000761;0.019477;32;440;555;7;7;1.09307799639646;0.001983808;0.001383;0.002184;552;1;1;2;551;1;0.000761;0.019477;440;555;0.002194
"PrepareUpdateRendererBoundingVolumes";0.001783;0.000792;0.015059;351;108;453;4;10;1.35688598337583;0.002052778;0.001454;0.002164;3305;5;5;5;661;1;7E-05;0.013656;96;453;0.001865
"PhysX.ScScene.afterIntegration";0.001783;0.000851;0.012794;274;31;271;7;7;1.10251399764093;0.002000933;0.001423;0.002235;552;1;1;2;551;1;0.00015;0.012794;534;271;0.003036
"UnityEngine.InputModule.dll!UnityEngineInternal.Input::NativeInputSystem.NotifyUpdate() [Invoke]";0.001753;0.001062;0.006873;248;655;247;4;4;1.0656650000019;0.001934056;0.001483;0.002134;552;1;1;2;551;1;0.001062;0.006873;655;247;0.001623
"EarlyUpdate.ExecuteMainThreadJobs";0.001743;0.000671;0.013506;305;614;394;3;3;1.27442199562211;0.001928021;0.001353;0.002294;661;1;1;1;661;1;0.000671;0.013506;614;394;0.001673
"PhysX.ScScene.preRigidBodyNarrowPhase";0.001743;0.000812;0.020929;611;655;492;7;7;1.08098199928645;0.001961855;0.001333;0.002364;552;1;1;2;551;1;0.00016;0.020929;534;492;0.002825
"PhysX.ScScene.processLostContact2";0.001703;0.000751;0.006122;300;36;201;7;7;1.04394899884937;0.001894644;0.001383;0.002195;552;1;1;2;551;1;0.000751;0.006122;36;201;0.001493
"EarlyUpdate.UpdateContentLoading";0.001684;0.000662;0.006592;593;633;302;3;3;1.19569299614523;0.001808915;0.001233;0.002214;661;1;1;1;661;1;0.000662;0.006592;633;302;0.002716
"TerrainManager.CullAllTerrains";0.001683;0.000842;0.009407;472;531;490;8;8;1.07362999743782;0.001624251;0.001122;0.001864;661;1;1;1;661;1;0.000842;0.009407;531;490;0.002034
"ScheduleShadowSplitMasksComputation";0.001663;0.001031;0.042179;599;497;443;8;8;1.33650599583052;0.002021946;0.001473;0.002044;661;1;1;1;661;1;0.001031;0.042179;497;443;0.001813
"NetworkFixedUpdate";0.001643;0.000681;0.017964;319;630;132;3;3;0.991475997085217;0.001799412;0.001202;0.002184;552;1;1;2;551;1;0.000681;0.017964;630;132;0.001773
"CoroutinesDelayedCalls";0.001622;0.000621;0.197311;170;604;505;4;4;9.32150604017079;0.01410213;0.001252;0.002113;3196;5;4;6;661;1;3E-05;0.195117;1;505;0.001602
"Inl_DrawOpaqueObjects";0.001613;0.001062;0.010931;186;479;205;8;8;1.12827299942728;0.001706918;0.001372;0.001804;661;1;1;1;661;1;0.001062;0.010931;479;205;0.001503
"FixedUpdate.DirectorFixedUpdate";0.001593;0.000681;0.008236;372;101;620;3;3;0.98342799913371;0.001784806;0.001162;0.002154;552;1;1;2;551;1;0.000681;0.008236;101;620;0.001723
"AddDirectionalLights";0.001573;0.000621;0.011832;22;564;25;10;10;1.04064599366393;0.001574351;0.001102;0.001754;661;1;1;1;661;1;0.000621;0.011832;564;25;0.003076
"PreUpdate.Physics2DUpdate";0.001572;0.000861;0.010109;552;601;304;3;3;1.42423799651442;0.002154672;0.001253;0.002264;661;1;1;1;661;1;0.000861;0.010109;601;304;0.001493
"UnityEngine.InputForUIModule.dll!UnityEngine.InputForUI::EventProvider.NotifyUpdate() [Invoke]";0.001563;0.000861;0.006292;379;627;300;4;4;1.14327799866442;0.001729619;0.001293;0.001884;661;1;1;1;661;1;0.000861;0.006292;627;300;0.001432
"Inl_LightCookies";0.001532;0.000892;0.009007;123;560;23;10;10;1.0039939963026;0.001518902;0.001192;0.001643;661;1;1;1;661;1;0.000892;0.009007;560;23;0.001593
"PhysX.PostBroadPhaseStage2Task";0.001523;0.000691;0.009458;258;493;499;7;7;0.937215997721069;0.001700936;0.001162;0.002034;552;1;1;2;551;1;0.000231;0.009458;534;499;0.003256
"ReflectionProbes.Update";0.001523;0.000781;0.022543;455;442;506;4;4;1.16627199656796;0.001764405;0.001302;0.001884;661;1;1;1;661;1;0.000781;0.022543;442;506;0.001543
"PreLateUpdate.ConstraintManagerUpdate";0.001503;0.000772;0.017332;190;542;564;3;3;1.09449499874609;0.001655817;0.001092;0.001783;661;1;1;1;661;1;0.000772;0.017332;542;564;0.001493
"PhysX.ScScene.broadPhase";0.001473;0.000692;0.005421;600;211;213;7;7;0.898651997034904;0.001630947;0.001162;0.002004;552;1;1;2;551;1;0.000441;0.005421;534;213;0.002836
"PhysX.ScScene.collideStep";0.001463;0.000641;0.021771;241;31;475;7;7;0.897563998354599;0.001628973;0.001072;0.001983;552;1;1;2;551;1;0.00015;0.021771;534;475;0.002796
"Find dependency chain";0.001403;0.000581;0.008215001;213;492;5;7;14;1.007837979123;0.001524717;0.001151;0.001733;4312;7;3;10;661;1;3E-05;0.007274;8;5;0.003057
"GeneralConnection.Poll";0.001382;0.000261;0.007043;323;259;146;5;6;1.02120099760941;0.001544933;0.000912;0.002174;1322;2;2;2;661;1;0.00012;0.005891;195;146;0.002595
"UnityEngine.AccessibilityModule.dll!UnityEngine.Accessibility::AccessibilityManager.Internal_Update() [Invoke]";0.001323;0.000732;0.006412;108;31;259;4;4;0.99069899902679;0.001498788;0.001083;0.001593;661;1;1;1;661;1;0.000732;0.006412;31;259;0.001322
"Profiler.CollectVideoStats";0.001322;0.000541;0.012734;613;610;315;3;3;0.980034997686744;0.001482655;0.001052;0.001723;661;1;1;1;661;1;0.000541;0.012734;610;315;0.001883
"SpeedTreeWindManager.UpdateGlobalAndLocalWinds";0.001312;0.000722;0.006943;203;608;273;5;5;0.942407996742986;0.001425731;0.001042;0.001533;661;1;1;1;661;1;0.000722;0.006943;608;273;0.001373
"UnityEngine.CoreModule.dll!UnityEngine.Rendering::SupportedRenderingFeatures.IsLightmapBakeTypeSupportedByRef() [Invoke]";0.001312;0.000651;0.020749;248;534;130;9;9;1.1029479977442;0.001668605;0.001022;0.002164;661;1;1;1;661;1;0.000651;0.020749;534;130;0.001683
"Inl_DrawScreenSpaceUI";0.001312;0.000682;0.015529;406;10;62;8;8;0.854062998783775;0.001292077;0.000932;0.001453;1322;2;2;2;661;1;0.00031;0.014347;402;62;0.001303
"UnityEngine.PhysicsModule.dll!UnityEngine::Physics.OnSceneContact() [Invoke]";0.001303;0.000691;0.009298;342;109;393;7;7;0.839861999673303;0.00152425;0.001103;0.001573;552;1;1;2;551;1;0.000431;0.009298;534;393;0.001092
"NetworkUpdate";0.001282;0.000601;0.01039;108;630;6;3;3;0.931778999161907;0.001409651;0.001011;0.001593;661;1;1;1;661;1;0.000601;0.01039;630;6;0.001192
"PostLateUpdate.PhysicsSkinnedClothBeginUpdate";0.001272;0.000681;0.020729;13;630;149;3;3;0.971531997493003;0.001469791;0.001012;0.001543;661;1;1;1;661;1;0.000681;0.020729;630;149;0.001252
"AddCustomActiveLocalLights";0.001262;0.000541;0.022132;332;222;62;10;10;1.04636499559274;0.001583003;0.000811;0.001412;661;1;1;1;661;1;0.000541;0.022132;222;62;0.004579
"UnityEngine.CoreModule.dll!UnityEngine.Rendering::OnDemandRendering.GetRenderFrameInterval() [Invoke]";0.001253;0.00049;0.004688;48;109;223;3;3;0.870372996781953;0.001316752;0.000892;0.001654;661;1;1;1;661;1;0.00049;0.004688;109;223;0.001864
"NetworkPreLateUpdate";0.001243;0.000602;0.011792;254;554;492;3;3;0.956750998971984;0.00144743;0.000931;0.001553;661;1;1;1;661;1;0.000602;0.011792;554;492;0.002004
"LOD.ComputeLOD";0.001242;0.000541;0.004889;51;634;585;9;10;0.783743999607395;0.001185694;0.000881;0.001352;1322;2;2;2;661;1;7E-05;0.003877;260;30;0.002254
"NetworkPostScriptLateUpdate";0.001242;0.000672;0.006142;368;489;156;3;3;0.931825996376574;0.001409722;0.000992;0.001513;661;1;1;1;661;1;0.000672;0.006142;489;156;0.001192
"InputUpdate";0.001222;0.000712;0.004148;390;660;242;5;5;0.736463998386171;0.001336595;0.001022;0.001492;552;1;1;2;551;1;0.000501;0.004148;534;242;0.001162
"LowLevelPhysics2D.DrawWorld.UpdateLifetimes";0.001212;0.000441;0.00528;626;114;628;4;4;0.906602997943992;0.001371563;0.000911;0.001673;661;1;1;1;661;1;0.000441;0.00528;114;628;0.001092
"UpdateScreenManagerAndInput";0.001172;0.000792;0.006923;522;261;53;3;3;0.844436997722369;0.001277514;0.001032;0.001383;661;1;1;1;661;1;0.000792;0.006923;261;53;0.001402
"PreLateUpdate.EndGraphicsJobsAfterScriptUpdate";0.001132;0.000792;0.009608;516;618;277;3;3;0.894734996720217;0.001353608;0.001002;0.001392;661;1;1;1;661;1;0.000792;0.009608;618;277;0.000892
"Inl_Setup Additional Shadows";0.001122;0.000551;0.006191;126;404;468;9;9;0.751389999699313;0.001136747;0.000912;0.001322;661;1;1;1;661;1;0.000551;0.006191;404;468;0.001022
"Physics.Interpolation";0.001122;0.00015;0.012985;435;495;581;4;4;0.799811997436336;0.001210003;0.000781;0.001492;1212;2;1;2;661;1;4E-05;0.012985;12;581;0.001312
"RenderTexture.GarbageCollectTemporary";0.001113;0.000291;0.017504;309;14;148;3;6;0.802024996490218;0.001213351;0.000832;0.001453;1322;2;2;2;661;1;3E-05;0.017213;3;148;0.001263
"UnityEngine.AIModule.dll!UnityEngine.AI::NavMesh.Internal_CallOnNavMeshPreUpdate() [Invoke]";0.001112;0.000551;0.006853;637;493;324;4;4;0.805287997238338;0.001218287;0.000872;0.001343;661;1;1;1;661;1;0.000551;0.006853;493;324;0.001313
"EarlyUpdate.RendererNotifyInvisible";0.001092;0.000521;0.005039;197;508;19;3;3;0.8616659961408;0.001303579;0.000892;0.001543;661;1;1;1;661;1;0.000521;0.005039;508;19;0.001213
"NetworkPostLateUpdate";0.001092;0.000541;0.00561;225;592;138;3;3;0.833926998835523;0.001261614;0.000841;0.001383;661;1;1;1;661;1;0.000541;0.00561;592;138;0.001233
"PhysX.ScScene.postSolver";0.001082;0.000471;0.004378;174;558;259;7;7;0.636391998938052;0.001154976;0.000822;0.001313;552;1;1;2;551;1;0.0002;0.004378;534;259;0.001783
"PreLateUpdate.Physics2DLateUpdate";0.001082;0.000611;0.008406;284;107;229;3;3;0.816128999518696;0.001234688;0.000912;0.001322;661;1;1;1;661;1;0.000611;0.008406;107;229;0.001252
"EndGraphicsJobs";0.001082;0.000771;0.009548;505;491;277;4;4;0.865120997419581;0.001308806;0.000971;0.001343;1322;2;2;2;661;1;3E-05;0.009518;1;277;0.000871
"CleanUp.TextRenderingGarbageCollect";0.001042;0.000391;0.015068;166;653;446;6;6;0.757713997503743;0.001146315;0.000731;0.001363;661;1;1;1;661;1;0.000391;0.015068;653;446;0.001002
"ClothManager.LateUpdate";0.001042;0.000561;0.020539;208;482;149;4;4;0.804815999756102;0.001217573;0.000832;0.001243;661;1;1;1;661;1;0.000561;0.020539;482;149;0.001042
"PreLateUpdate.ScriptRunBehaviourLateUpdate";0.001032;0.000461;0.00542;261;561;354;3;3;0.75870499984012;0.001147814;0.000752;0.001272;661;1;1;1;661;1;0.000461;0.00542;561;354;0.001122
"Shadows.CullingCallbacks";0.001032;0.000711;0.012333;321;3;45;8;8;0.73485999845434;0.00111174;0.000882;0.001212;661;1;1;1;661;1;0.000711;0.012333;3;45;0.001212
"Physics2D.SyncTransformChanges";0.001032;0.000501;0.009939;464;526;350;5;5;0.64862100064056;0.001177171;0.000842;0.001302;552;1;1;2;551;1;0.000331;0.009939;534;350;0.000842
"UnityEngine.UIModule.dll!UnityEngine::Canvas.SendWillRenderCanvases() [Invoke]";0.001031;0.000351;0.020469;203;585;578;6;6;0.787348001409555;0.001191147;0.000822;0.001253;661;1;1;1;661;1;0.000351;0.020469;585;578;0.001102
"Inl_Forward+ Complete";0.001022;0.000621;0.012123;296;546;343;10;10;0.769520998699591;0.001164177;0.000902;0.001182;661;1;1;1;661;1;0.000621;0.012123;546;343;0.000921
"UnityEngine.Physics2DModule.dll!UnityEngine.LowLevelPhysics2D::PhysicsEvents.InvokePreSimulate() [Invoke]";0.001012;0.000501;0.005941;419;1;443;7;7;0.635964997927658;0.001154201;0.000842;0.001193;552;1;1;2;551;1;0.0002;0.005941;534;443;0.001834
"PreUpdate.IMGUISendQueuedEvents";0.001012;0.000631;0.004178;457;418;197;3;3;0.752431999600958;0.001138324;0.000892;0.001222;661;1;1;1;661;1;0.000631;0.004178;418;197;0.001082
"PreUpdate.PhysicsUpdate";0.000992;0.000471;0.031108;145;211;27;3;3;1.17289199808147;0.001774421;0.000802;0.001523;661;1;1;1;661;1;0.000471;0.031108;211;27;0.000801
"Renderers.OncePerFrameUpdate";0.000992;0.00046;0.0053;167;574;243;4;4;0.748254998674383;0.001132005;0.000801;0.001202;661;1;1;1;661;1;0.00046;0.0053;574;243;0.001102
"updateScene.Invoke";0.000982;0.000521;0.014257;219;3;347;3;3;0.75813599769026;0.001146953;0.000752;0.001212;661;1;1;1;661;1;0.000521;0.014257;3;347;0.001002
"Inl_Draw Additional Lights Shadowmap";0.000972;0.000541;0.016822;386;222;212;8;8;0.670143999392167;0.001013834;0.000772;0.001132;661;1;1;1;661;1;0.000541;0.016822;222;212;0.000842
"PhysX.ScScene.rigidBodySolver";0.000962;0.000401;0.004448;38;648;61;7;7;0.58250399903045;0.001059098;0.000751;0.001243;551;1;1;2;550;1;8E-05;0.004448;534;61;0.001122
"PhysX.ScScene.updateCCDMultiPass";0.000962;0.000421;0.00567;358;601;493;7;7;0.583389000064926;0.001058782;0.000772;0.001152;552;1;1;2;551;1;0.0002;0.00567;534;493;0.001894
"CullSceneDynamicObjectsCombineJob";0.000952;0.00038;0.00545;543;659;519;10;10;0.298593000043184;0.001101819;0.000682;0.001613;271;1;1;1;271;2;0.00038;0.00545;659;519;0
"Inl_Set Motion Vector Global Matrices";0.000941;0.000431;0.016361;226;529;449;8;8;0.635628999210894;0.0009616172;0.000652;0.001072;661;1;1;1;661;1;0.000431;0.016361;529;449;0.001132
"EarlyUpdate.UpdateAsyncInstantiate";0.000932;0.00012;0.003226;410;359;397;3;3;0.661186999946949;0.001000283;0.000681;0.001203;661;1;1;1;661;1;0.00012;0.003226;359;397;0.001202
"PostLateUpdate.RenderAs2DUpdate";0.000932;0.000311;0.023905;523;660;26;3;3;0.744300997204846;0.001126023;0.000742;0.001122;661;1;1;1;661;1;0.000311;0.023905;660;26;0.000992
"Inl_DrawDepthNormalPrepass";0.000922;0.000541;0.002795;286;3;340;8;8;0.602489999611862;0.0009114826;0.000691;0.001022;661;1;1;1;661;1;0.000541;0.002795;3;340;0.000972
"PhysX.PxsDynamics.preIntegrate";0.000912;0.0004;0.005941;68;2;193;7;7;0.587611999013461;0.001066446;0.000722;0.001193;552;1;1;2;551;1;6E-05;0.005941;534;193;0.001604
"MoonsAndStars.Planets.dll!MoonsAndStars.Assets.Code.Scripts.Planets::PlanetMeshGenerator.Update() [Invoke]";0.000892;0.000351;0.044053;83;20;32;5;5;2.75189499609405;0.00416323;0.000691;0.009297;661;1;1;1;661;1;0.000351;0.044053;20;32;0.010019
"PreUpdate.NewInputUpdate";0.000892;0.000341;0.011461;240;235;446;3;3;0.731931999442168;0.00110731;0.000691;0.001292;661;1;1;1;661;1;0.000341;0.011461;235;446;0.000652
"PreUpdate.UpdateVideo";0.000891;0.000421;0.006663;397;629;57;3;3;0.671448998473352;0.001015808;0.000712;0.001072;661;1;1;1;661;1;0.000421;0.006663;629;57;0.000862
"PhysX.ThirdPassIslandGenTask";0.000882;0.000381;0.004238;58;247;257;7;7;0.571566999336937;0.001037327;0.000722;0.001082;552;1;1;2;551;1;0.000161;0.004238;534;257;0.001293
"LowLevelPhysics2D.PhysicsWorld.PostSimulate";0.000872;0.00042;0.028955;59;549;480;6;6;0.547332999645732;0.0009933448;0.000701;0.001022;552;1;1;2;551;1;0.0002;0.028955;534;480;0.000772
"PhysX.ScScene.postBroadPhase";0.000862;0.00034;0.002955;138;80;403;7;7;0.504491999163292;0.0009155935;0.000621;0.001132;552;1;1;2;551;1;0.00016;0.002955;534;403;0.000892
"DrawTransparentObjects";0.000862;0.000531;0.018715;396;372;583;9;9;0.640483998868149;0.0009689622;0.000751;0.001042;661;1;1;1;661;1;0.000531;0.018715;372;583;0.000892
"GarbageCollector.CollectIncremental";0.000861;0.00017;0.009769;526;631;341;4;4;0.637284999495023;0.0009641225;0.000601;0.001173;661;1;1;1;661;1;0.00017;0.009769;631;341;0.001844
"PhysX.AABBManager::postBroadPhaseStage3";0.000851;0.000331;0.003286;475;486;132;7;7;0.516838998475578;0.0009380018;0.000612;0.001132;552;1;1;2;551;1;0.00014;0.003286;534;132;0.000942
"EarlyUpdate.UnityWebRequestUpdate";0.000842;0.000381;0.005651;301;339;116;3;3;0.626091999176424;0.0009471891;0.000651;0.001142;661;1;1;1;661;1;0.000381;0.005651;339;116;0.000872
"PostLateUpdate.AccessibilityLateUpdate";0.000832;0.000441;0.003616;286;599;307;3;3;0.623828000156209;0.000943764;0.000691;0.001022;661;1;1;1;661;1;0.000441;0.003616;599;307;0.000842
"TimeManager.Update";0.000832;0.00034;0.008766;468;35;299;4;4;0.620068999502109;0.0009380772;0.000631;0.001112;661;1;1;1;661;1;0.00034;0.008766;35;299;0.000952
"Shadows.SplitAndSortCasters";0.000832;0.00011;0.008997;601;107;48;15;15;0.596520996448817;0.0009892554;0.000281;0.001484;1318;2;1;4;603;1;7E-05;0.008907;54;48;0.000441
"JobDebuggerFrameMaintenance";0.000831;0.000301;0.013034;406;605;394;4;4;0.654692998592509;0.0009904584;0.000641;0.001143;661;1;1;1;661;1;0.000301;0.013034;605;394;0.000861
"EarlyUpdate.AnalyticsCoreStatsUpdate";0.000821;0.000321;0.020228;141;1;653;3;3;0.641616997600067;0.0009706763;0.000621;0.001122;661;1;1;1;661;1;0.000321;0.020228;1;653;0.000711
"UIEvents.UpdateCanvasRectTransform";0.000812;0.00028;0.005551;483;117;276;4;4;0.619030999630922;0.0009365068;0.000731;0.000981;661;1;1;1;661;1;0.00028;0.005551;117;276;0.000771
"Inl_DrawTransparentObjects";0.000802;0.000461;0.001683;210;489;647;8;8;0.527210998523515;0.0007975961;0.000601;0.000931;661;1;1;1;661;1;0.000461;0.001683;489;647;0.000771
"CullResultsToNativeArrays";0.000792;0.00019;0.019657;470;260;130;8;8;0.573956997017376;0.0008683162;0.000621;0.001002;661;1;1;1;661;1;0.00019;0.019657;260;130;0.000832
"EarlyUpdate.DispatchEventQueueEvents";0.000791;0.00025;0.003557;165;14;56;3;3;0.578163998463424;0.0008746808;0.000622;0.001012;661;1;1;1;661;1;0.00025;0.003557;14;56;0.000752
"PhysX.ScScene.processLostSolverPatchesTask";0.000791;0.00035;0.004428;313;554;193;7;7;0.484919999580598;0.0008913971;0.000621;0.001022;545;1;1;2;544;1;4E-05;0.004428;534;193;0.001022
"Inl_Setup Debug Properties";0.000762;0.000331;0.012995;218;521;120;8;8;0.50041299892473;0.0007570545;0.000541;0.000892;661;1;1;1;661;1;0.000331;0.012995;521;120;0.000862
"MoonsAndStars.Planets.dll!MoonsAndStars.Assets.Code.Scripts.Planets::LodCalculator.CheckVisiblePlanets() [Coroutine: System.Collections.IEnumerator.get_Current] [Invoke]";0.000762;0.000401;0.003778;267;109;661;5;5;0.0885489998909179;0.0008767228;0.000581;0.000952;101;1;1;1;101;7;0.000401;0.003778;109;661;0
"Initialization.SynchronizeInputs";0.000762;0.0002;0.00528;393;266;320;3;3;0.572216999673401;0.0008656838;0.000531;0.001062;661;1;1;1;661;1;0.0002;0.00528;266;320;0.000732
"ConstraintManager::Update";0.000761;0.000281;0.003967;41;63;183;4;4;0.539597000024514;0.0008163343;0.000501;0.000932;661;1;1;1;661;1;0.000281;0.003967;63;183;0.000802
"PhysX.ScScene.secondPassNarrowPhase";0.000751;0.000391;0.008276;606;630;28;7;7;0.476072998804739;0.0008640164;0.000611;0.000942;552;1;1;2;551;1;0.00015;0.008276;534;28;0.000571
"JobHandle.Complete";0.000742;0.000461;0.011702;143;199;343;11;11;0.575257999560563;0.0008702844;0.000652;0.000892;661;1;1;1;661;1;0.000461;0.011702;199;343;0.000661
"Profiler.CollectEditorStats";0.000741;0.00026;0.002475;179;600;183;1;1;0.552512999362079;0.0008358744;0.000561;0.000982;661;1;1;1;661;1;0.00026;0.002475;600;183;0.001142
"PostLateUpdate.TriggerEndOfFrameCallbacks";0.000731;0.000281;0.009809;520;653;552;3;3;0.584720000857487;0.0008845991;0.000611;0.000911;661;1;1;1;661;1;0.000281;0.009809;653;552;0.000721
"Preload Single Step";0.000721;0.000261;0.003116;650;555;322;7;7;0.547460999136092;0.0008282315;0.000561;0.000982;661;1;1;1;661;1;0.000261;0.003116;555;322;0.000841
"Physics2D.CollectProfileInfo";0.000702;0.00032;0.007914;380;159;229;4;4;0.539337999391137;0.0008159425;0.000561;0.000871;661;1;1;1;661;1;0.00032;0.007914;159;229;0.000982
"Physics.UpdateArticulations";0.000701;0.000331;0.004077;573;291;257;6;6;0.422978998773033;0.000767657;0.000571;0.000841;552;1;1;2;551;1;5E-05;0.004077;534;257;0.000751
"PhysX.PxsDynamics.createForceChangeThresholdStream";0.000701;0.000331;0.00505;651;317;126;7;7;0.450742998742498;0.0008180453;0.000531;0.000932;552;1;1;2;551;1;8E-05;0.00505;534;126;0.001032
"PhysX.ScScene.preallocateContactManagers";0.000691;0.00029;0.002966;517;216;257;7;7;0.448093999817502;0.0008132377;0.000531;0.001002;552;1;1;2;551;1;0.00029;0.002966;216;257;0.000901
"UnityEngine.CoreModule.dll!UnityEngine.Rendering::SupportedRenderingFeatures.IsUIOverlayRenderedBySRP() [Invoke]";0.000681;0.00032;0.00546;6;542;109;3;3;0.472792999265948;0.0007152693;0.000511;0.000832;661;1;1;1;661;1;0.00032;0.00546;542;109;0.000841
"PhysX.ScScene.processLostContact3";0.000671;0.000491;0.001693;504;534;495;7;7;0.0481020000297576;0.0007635238;0.000582;0.000792;63;1;1;1;63;1;0.000491;0.001693;534;495;0
"PhysX.ScScene.finalizationPhase";0.000662;0.000211;0.007303;252;486;363;7;7;0.406697999176686;0.0007381089;0.000501;0.000811;552;1;1;2;551;1;8E-05;0.007303;534;363;0.000852
"Initialize Frame";0.000652;0.000331;0.003346;499;556;624;9;9;0.476698999729706;0.0007211785;0.000551;0.000802;661;1;1;1;661;1;0.000331;0.003346;556;624;0.000741
"PhysX.BpSAP.postUpdateWork";0.000651;0.000201;0.002114;350;80;416;7;7;0.391455999852042;0.0007104464;0.000501;0.000821;552;1;1;2;551;1;0.000141;0.002114;534;416;0.000932
"MoonsAndStars.Planets.dll!MoonsAndStars.Assets.Code.Scripts.Planets::LodCalculator.CheckLodOnPlanets() [Coroutine: System.Collections.IEnumerator.get_Current] [Invoke]";0.000651;0.00038;0.011471;532;596;96;5;5;0.0914059992937837;0.0009050099;0.000591;0.000831;101;1;1;1;101;7;0.00038;0.011471;596;96;0
"GlobalEventQueue";0.000651;0.0001;0.003376;541;451;56;4;4;0.482880999486952;0.000730531;0.000521;0.000832;661;1;1;1;661;1;0.0001;0.003376;451;56;0.000702
"Canvas.RenderOverlays";0.000642;0.000181;0.001613;353;87;360;11;11;0.419716000105836;0.0006349712;0.000451;0.000771;661;1;1;1;661;1;0.000181;0.001613;87;360;0.000651
"Profiler.FlushFileIOCounters";0.000641;0.000221;0.007394;167;529;7;2;2;0.505215998884523;0.0007643207;0.000461;0.000961;661;1;1;1;661;1;0.000221;0.007394;529;7;0.000772
"LowLevelPhysics2D.PhysicsWorld.Transform.WriteTweens";0.000641;0.000411;0.00498;651;482;313;4;4;0.503806999098742;0.0007621891;0.000541;0.000802;661;1;1;1;661;1;0.000411;0.00498;482;313;0.000651
"Set Motion Vector Global Matrices";0.000632;0.000261;0.002505;101;450;264;9;9;0.451350000104867;0.0006828291;0.000491;0.000782;661;1;1;1;661;1;0.000261;0.002505;450;264;0.000861
"PostLateUpdate.UpdateAllSkinnedMeshes";0.000631;0.000371;0.016251;17;481;146;3;3;0.505542999395402;0.0007648154;0.000501;0.000781;661;1;1;1;661;1;0.000371;0.016251;481;146;0.000591
"FixedUpdate.LegacyFixedAnimationUpdate";0.000631;0.00026;0.002214;555;631;620;3;3;0.394170998974005;0.0007153738;0.000501;0.000871;552;1;1;2;551;1;7E-05;0.002214;534;620;0.000652
"PostLateUpdate.UpdateRectTransform";0.000631;0.00039;0.006523;575;319;48;3;3;0.50220899967826;0.0007597716;0.000481;0.000802;661;1;1;1;661;1;0.00039;0.006523;319;48;0.000642
"Physics.CalculateChangedColliderTransforms";0.000631;0.00025;0.002735;661;6;270;6;6;0.39508300027228;0.000717029;0.000451;0.000842;552;1;1;2;551;1;9E-05;0.002735;534;270;0.000781
"LateBehaviourUpdate";0.000612;0.00024;0.004228;53;14;471;4;4;0.463187999645015;0.0007007383;0.000491;0.000722;661;1;1;1;661;1;0.00024;0.004228;14;471;0.000672
"EarlyUpdate.XRUpdate";0.000611;0.0002;0.007284;174;653;211;3;3;0.469441999463015;0.0007101997;0.000461;0.000801;661;1;1;1;661;1;0.0002;0.007284;653;211;0.000611
"PostLateUpdate.VFXUpdate";0.000611;0.00019;0.003847;512;660;308;3;3;0.479692999273539;0.000725708;0.00049;0.000781;661;1;1;1;661;1;0.00019;0.003847;660;308;0.000501
"PhysX.NpScene.completion";0.000602;0.000291;0.00536;396;261;210;7;7;0.371246999391587;0.0006737695;0.000501;0.000692;552;1;1;2;551;1;0.000181;0.00536;534;210;0.000641
"CullObjectsWithoutUmbra";0.000601;0.00041;0.001452;112;457;16;12;12;0.178284999419702;0.0006578782;0.000511;0.000792;271;1;1;1;271;2;0.00041;0.001452;457;16;0
"Inl_RG_SetupPostFX";0.000601;0.00026;0.001633;364;217;42;8;8;0.400885999231832;0.0006064841;0.00038;0.000811;661;1;1;1;661;1;0.00026;0.001633;217;42;0.000781
"PostLateUpdate.UpdateVideoTextures";0.000601;0.0002;0.002875;385;660;289;3;3;0.449770998253371;0.0006804402;0.000451;0.000721;661;1;1;1;661;1;0.0002;0.002875;660;289;0.000581
"PhysX.ScScene.postBroadPhaseCont";0.000591;0.000291;0.014728;64;62;325;7;7;0.372921999747632;0.0006768095;0.000431;0.000751;552;1;1;2;551;1;9.1E-05;0.014728;534;325;0.000601
"Profiler.CollectGIStats";0.000591;0.00023;0.007294;156;562;428;3;3;0.438320999906864;0.000663118;0.000431;0.000782;661;1;1;1;661;1;0.00023;0.007294;562;428;0.000581
"EarlyUpdate.UpdateInputManager";0.000591;0.00016;0.020879;471;559;298;3;3;0.466790999606019;0.0007061891;0.000451;0.000792;661;1;1;1;661;1;0.00016;0.020879;559;298;0.000541
"PostLateUpdate.ProfilerEndFrame";0.000581;0.000361;0.014427;359;135;241;3;3;0.459414999786532;0.0006950303;0.000501;0.000721;661;1;1;1;661;1;0.000361;0.014427;135;241;0.000421
"FindBrightestDirectionalLight";0.000581;0.00024;0.005561;432;413;419;10;11;0.417349999363068;0.0006313918;0.00043;0.000751;1322;2;2;2;661;1;6E-05;0.00528;24;419;0.000902
"EarlyUpdate.ProcessMouseInWindow";0.000571;0.00015;0.002906;285;513;244;3;3;0.439005000065663;0.0006641528;0.000441;0.000781;661;1;1;1;661;1;0.00015;0.002906;513;244;0.001954
"PhysX.ScScene.postNarrowPhase";0.000561;0.00025;0.015489;146;474;4;7;7;0.365390999795636;0.0006631415;0.000451;0.000721;552;1;1;2;551;1;0.00015;0.015489;534;4;0.000681
"EarlyUpdate.ScriptRunDelayedStartupFrame";0.000561;0.000211;0.020479;387;491;116;3;3;0.481630997222965;0.0007286399;0.000391;0.000842;661;1;1;1;661;1;0.000211;0.020479;491;116;0.00022
"Camera.Render";0.000541;0.00026;0.001723;62;583;264;3;3;0.351454000076046;0.0005317004;0.000411;0.000601;661;1;1;1;661;1;0.00026;0.001723;583;264;0.000591
"LightCookies";0.000531;0.00022;0.00527;607;561;525;10;10;0.367237000158639;0.0005555779;0.000411;0.000621;661;1;1;1;661;1;0.00022;0.00527;561;525;0.000701
"PrepareSceneNodesCombineJob";0.000531;0.000251;0.000972;634;371;352;12;12;0.00953899996238761;0.0005961875;0.000321;0.000802;16;1;1;1;16;8;0.000251;0.000972;371;352;0
"Director.ProcessFrame";0.000522;0.00012;0.003966;273;63;183;4;4;0.430438996867451;0.0006511937;0.0002;0.00094;4409;7;5;9;661;1;1E-05;0.001924;3;586;0.000871
"UnityEngine.Physics2DModule.dll!UnityEngine.LowLevelPhysics2D::PhysicsEvents.InvokePostSimulate() [Invoke]";0.000511;0.00031;0.028745;205;291;480;7;7;0.357636999367969;0.000649069;0.000441;0.000642;552;1;1;2;551;1;0.00012;0.028745;534;480;0.000461
"Inl_ScriptableRenderer.InternalFinishRenderingCommon";0.000491;0.000261;0.009508;184;611;304;7;7;0.34857299955911;0.0005273419;0.00038;0.000561;661;1;1;1;661;1;0.000261;0.009508;611;304;0.000581
"PreLateUpdate.AIUpdatePostScript";0.000491;0.0002;0.007173;337;594;257;3;3;0.390292998941732;0.0005904584;0.000421;0.000611;661;1;1;1;661;1;0.0002;0.007173;594;257;0.000711
"UIEvents.CanvasManagerEmitOffScreenGeometry";0.000491;0.00026;0.003266;425;108;12;3;3;0.397524999454618;0.0006013994;0.000411;0.000612;661;1;1;1;661;1;0.00026;0.003266;108;12;0.000491
"FillQuadIndexBuffer";0.000491;0.00035;0.001443;466;541;31;8;8;0.0256369999260642;0.0005697111;0.000421;0.000611;45;1;1;1;45;1;0.00035;0.001443;541;31;0
"Inl_DrawSkybox";0.00049;0.00026;0.005881;660;439;394;8;8;0.344651999184862;0.00052141;0.000351;0.000601;661;1;1;1;661;1;0.00026;0.005881;439;394;0.000621
"UnityEngine.AccessibilityModule.dll!UnityEngine.Accessibility::AccessibilityManager.Internal_LateUpdate() [Invoke]";0.000481;0.000251;0.002785;332;116;452;4;4;0.378342999087181;0.0005723797;0.0004;0.000611;661;1;1;1;661;1;0.000251;0.002785;116;452;0.000491
"PhysX.ScScene.afterIntegrationTask";0.000471;0.00024;0.002915;217;49;70;7;7;0.313385999499587;0.0005687586;0.0004;0.000611;552;1;1;2;551;1;0.00013;0.002915;534;70;0.000451
"GC.Alloc";0.000462;0.000231;0.001853;354;388;96;6;6;0.0534469997073757;0.0005291782;0.00037;0.000571;303;3;3;3;101;7;3E-05;0.001512;39;96;0
"addCustomLights.Invoke";0.000461;0.0002;0.01057;289;585;54;11;11;0.56261999355047;0.0008511649;0.000361;0.000702;4627;7;7;7;661;1;2E-05;0.009898;4;54;0.001733
"MeshRendererPrepareDispatchUpdate";0.000451;0.00022;0.001924;28;35;59;5;5;0.0315919999702601;0.0005744;0.000351;0.000571;55;1;1;1;55;1;0.00022;0.001924;35;59;0
"ContentLoadFrontend.IntegrateUpdate";0.000451;0.00024;0.00547;613;432;302;4;4;0.354548999632243;0.0005363828;0.000351;0.000611;661;1;1;1;661;1;0.00024;0.00547;432;302;0.001283
"Draw Additional Lights Shadowmap";0.000451;0.00014;0.001142;650;394;95;9;9;0.302811999441474;0.000458112;0.000351;0.000531;661;1;1;1;661;1;0.00014;0.001142;394;95;0.000421
"RenderTarget.SetActive";0.0004500001;0.0004;0.007695001;552;661;173;8;11;0.335036042961292;0.0005068624;0.0004400001;0.0004730001;14587;22;22;23;661;1;1E-05;0.007264;2;173;0.0004310001
"PhysX.PxsDynamics.solverConstraintPartition";0.000441;0.00019;0.001934;114;31;144;7;7;0.275559999325196;0.0005001089;0.000321;0.000601;552;1;1;2;551;1;6E-05;0.001934;534;144;0.000381
"PhysX.ScScene.unblockNarrowPhase";0.000431;6E-05;0.002014;248;236;193;7;7;0.27457000008144;0.0004983122;0.000301;0.000612;552;1;1;2;551;1;5E-05;0.002014;534;193;0.000862
"PhysX.ScScene.postBroadPhase3";0.000431;0.000241;0.002555;258;451;92;7;7;0.259519999643089;0.0004709982;0.000361;0.000521;552;1;1;2;551;1;0.00018;0.002555;534;92;0.000632
"Physics2D.SyncRigidbodyTransformChanges";0.000431;0.00017;0.003096;319;526;654;6;6;0.292371000192361;0.0005306189;0.000361;0.000571;552;1;1;2;551;1;0.00015;0.003096;534;654;0.000351
"PostLateUpdate.ShaderHandleErrors";0.000421;0.00015;0.020007;364;346;463;3;3;0.365065999314538;0.0005522935;0.00036;0.000551;661;1;1;1;661;1;0.00015;0.020007;346;463;0.000501
"SoundManager.Update";0.000421;8E-05;0.007694;396;638;354;4;4;0.332835999281087;0.000503534;0.00029;0.000561;661;1;1;1;661;1;8E-05;0.007694;638;354;0.000451
"Physics2D.GetRayIntersection";0.000421;0.00017;0.005881;580;8;479;6;6;0.423618999440805;0.000640876;0.00032;0.000581;661;1;1;1;661;1;0.00017;0.005881;8;479;0.000411
"Physics.SendTriggerEvents";0.000411;0.00022;0.003246;37;181;197;6;6;0.261221999535337;0.0004740871;0.00034;0.00049;552;1;1;2;551;1;5E-05;0.003246;534;197;0.000371
"ClothScene.Update";0.000411;0.000191;0.019868;174;478;149;5;5;0.339950999012217;0.000514298;0.000321;0.000511;661;1;1;1;661;1;0.000191;0.019868;478;149;0.000431
"FixedUpdate.PhysicsClothFixedUpdate";0.000411;0.00026;0.003547;608;501;373;3;3;0.290684999956284;0.000527559;0.000371;0.000521;552;1;1;2;551;1;0.000141;0.003547;534;373;0.00039
"PhysX.PxsDynamics.solverCreateFinalizeConstraints";0.00041;0.00017;0.002635;424;211;505;7;7;0.266968998868833;0.0004845173;0.000321;0.000571;552;1;1;2;551;1;0.00017;0.002635;211;505;0.000611
"FindDirectionalShadowCastingLights";0.000401;0.00011;0.009267;49;512;33;10;10;0.285364998868317;0.0004317171;0.00027;0.000481;661;1;1;1;661;1;0.00011;0.009267;512;33;0.001593
"PostLateUpdate.SortingGroupsUpdate";0.000401;0.0001;0.002114;467;135;374;3;3;0.309794998865982;0.0004686762;0.000291;0.000511;661;1;1;1;661;1;0.0001;0.002114;135;374;0.000411
"InputSystem.onBeforeUpdate";0.000401;0.000191;0.016271;559;612;643;5;5;0.288063000582042;0.0005228004;0.00031;0.000571;552;1;1;2;551;1;0.000191;0.016271;612;643;0.00022
"EarlyUpdate.UpdateTextureStreamingManager";0.000401;0.00016;0.016211;642;43;322;3;3;0.340073999585002;0.0005144841;0.000271;0.000601;661;1;1;1;661;1;0.00016;0.016211;43;322;0.000391
"NavMeshManager";0.0004;0.000131;0.007123;215;584;257;4;4;0.321247999367188;0.000486003;0.00031;0.000521;661;1;1;1;661;1;0.000131;0.007123;584;257;0.000651
"EarlyUpdate.ResetFrameStatsAfterPresent";0.000391;0.000191;0.006983;164;615;291;3;3;0.313290999634773;0.0004739652;0.000281;0.000571;661;1;1;1;661;1;0.000191;0.006983;615;291;0.000521
"SkinnedMeshOncePerFrameUpdate";0.000391;0.00013;0.003186;192;493;243;5;5;0.303239999921061;0.0004587595;0.000301;0.000481;661;1;1;1;661;1;0.00013;0.003186;493;243;0.000331
"Initialization.UpdateCameraMotionVectors";0.000391;0.000121;0.002254;250;544;342;3;3;0.299115999987407;0.0004525204;0.000301;0.000521;661;1;1;1;661;1;0.000121;0.002254;544;342;0.000561
"Terrain.UpdateSplatProperties";0.000391;8E-05;0.002524;495;79;182;9;9;0.295421000060742;0.0004469304;0.000361;0.000531;661;1;1;1;661;1;8E-05;0.002524;79;182;0.000431
"Flush DSP connections";0.000391;0.000131;0.008005;519;243;138;7;7;0.297241999025573;0.0004496853;0.0003;0.000481;661;1;1;1;661;1;0.000131;0.008005;243;138;0.000411
"EarlyUpdate.SpriteAtlasManagerUpdate";0.000391;0.000141;0.013325;569;14;66;3;3;0.312590999426902;0.0004729062;0.0003;0.000541;661;1;1;1;661;1;0.000141;0.013325;14;66;0.000701
"ScheduleCullingGroups";0.000381;0.00022;0.001433;52;10;128;8;8;0.283943000016734;0.0004295658;0.000311;0.000521;661;1;1;1;661;1;0.00022;0.001433;10;128;0.000521
"FrameEvents.XREndFrame";0.000381;0.00017;0.000892;319;489;557;4;4;0.247340999441803;0.0003741921;0.000251;0.000431;661;1;1;1;661;1;0.00017;0.000892;489;557;0.000421
"Inl_RenderPipeline.BeginCameraRendering";0.000381;0.00016;0.000812;329;112;510;6;6;0.230402000335744;0.0003485658;0.00025;0.000401;661;1;1;1;661;1;0.00016;0.000812;112;510;0.000562
"ParticleSystem.EndUpdateAll";0.000371;0.00022;0.003296;170;560;243;4;5;0.29595700110076;0.0004477413;0.000311;0.000491;1983;3;3;3;661;1;1E-05;0.003246;5;243;0.000391
"PostLateUpdate.ParticleSystemEndUpdateAll";0.000371;0.00023;0.003296;230;283;243;3;3;0.296462999322102;0.0004485068;0.00032;0.000491;661;1;1;1;661;1;0.00023;0.003296;283;243;0.000381
"PrepareSceneNodesJob";0.00037;0.000351;0.000521;634;563;371;12;12;0.00164199998835102;0.0004105;0.000351;0.0004;4;1;1;1;4;298;0.000351;0.000521;563;371;0
"suspendPointHook.Invoke";0.000361;0.0001;0.002224;593;621;219;7;7;0.285080999856291;0.0004312875;0.00027;0.000501;661;1;1;1;661;1;0.0001;0.002224;621;219;0.00031
"PostLateUpdate.UpdateResolution";0.000351;7E-05;0.008837;77;259;261;3;3;0.278195998849696;0.0004208714;0.000231;0.000441;661;1;1;1;661;1;7E-05;0.008837;259;261;0.000451
"EarlyUpdate.ClearIntermediateRenderers";0.000351;0.00012;0.002575;95;38;121;3;3;0.280912999471184;0.0004249818;0.000281;0.000471;661;1;1;1;661;1;0.00012;0.002575;38;121;0.000381
"PhysX.Completion Task";0.000351;0.00013;0.002284;305;291;212;7;7;0.207574999629287;0.0003767241;0.00024;0.000401;552;1;1;2;551;1;7E-05;0.002284;534;212;0.000351
"PhysX.ScScene.ccdBroadPhase";0.000351;0.00013;0.002034;447;561;465;7;7;0.226991999632446;0.0004119637;0.000301;0.000461;552;1;1;2;551;1;0.00013;0.002034;561;465;0.00036
"PostLateUpdate.GUIClearEvents";0.000341;0.00016;0.002364;643;578;265;3;3;0.289904999110149;0.0004385855;0.000291;0.000461;661;1;1;1;661;1;0.00016;0.002364;578;265;0.000431
"AsyncUploadManager.ScheduleAsyncCommands";0.000331;0.00016;0.010099;3;23;345;5;9;0.274108998433803;0.0004146883;0.00025;0.000471;1322;2;2;2;661;1;2E-05;0.010039;4;345;0.00022
"Physics2D.SyncColliderTransformChanges";0.000331;0.00015;0.002885;36;10;61;6;6;0.220970999711426;0.0004010363;0.000241;0.000471;552;1;1;2;551;1;0.000121;0.002885;534;61;0.000271
"Director.PrepareFrame";0.000322;0.000141;0.001623;67;533;620;4;4;0.248380001401529;0.000375764;0.00023;0.00045;4409;7;5;9;661;1;2E-05;0.001353;1;620;0.000181
"LowLevelPhysics2D.PhysicsWorld.WriteTransformTweens";0.000321;0.00021;0.001613;168;5;158;5;5;0.235182999866083;0.0003557988;0.00025;0.00038;661;1;1;1;661;1;0.00021;0.001613;5;158;0.00029
"EarlyUpdate.UpdateStreamingManager";0.000321;7E-05;0.002224;241;444;375;3;3;0.257852999180614;0.0003900953;0.000251;0.00045;661;1;1;1;661;1;7E-05;0.002224;444;375;0.000261
"Update.DirectorUpdate";0.00032;0.00012;0.003276;237;516;93;3;3;0.365290999310673;0.0005526339;0.000201;0.000541;661;1;1;1;661;1;0.00012;0.003276;516;93;0.000411
"PhysX.ScScene.postThirdPassIslandGenTask";0.000311;0.0001;0.002294;577;78;61;7;7;0.194924999806972;0.0003537659;0.00022;0.000431;552;1;1;2;551;1;0.0001;0.002294;78;61;0.000701
"SceneNodesInitJob";0.0003;0.000191;0.000621;496;10;562;12;12;0.0320659999269992;0.00032066;0.000271;0.000361;100;1;1;1;100;4;0.000191;0.000621;10;562;0
"PhysX.ScScene.constraintProjection";0.0003;0.00013;0.001673;636;537;193;7;7;0.194604999938747;0.0003531851;0.00024;0.000391;552;1;1;2;551;1;5.1E-05;0.001673;534;193;0.000381
"EarlyUpdate.PerformanceAnalyticsUpdate";0.000291;8E-05;0.002976;414;166;14;3;3;0.230759999656584;0.0003491074;0.00023;0.000411;661;1;1;1;661;1;8E-05;0.002976;166;14;0.0003
"PhysX.ScScene.postIslandGen";0.00029;0.00012;0.008916;205;324;545;7;7;0.202786999972886;0.0003707258;0.00024;0.000391;548;1;1;2;547;1;4E-05;0.008916;534;545;0.000671
"PostLateUpdate.UpdateVideo";0.000281;0.00018;0.001473;34;10;260;3;3;0.220127999811666;0.0003330227;0.00023;0.000341;661;1;1;1;661;1;0.00018;0.001473;10;260;0.000281
"FixedUpdate.DirectorFixedUpdatePostPhysics";0.00028;0.00014;0.002023;221;1;183;3;3;0.173712999501731;0.0003152686;0.000181;0.00033;552;1;1;2;551;1;0.00012;0.002023;534;183;0.000351
"FixedUpdate.DirectorFixedSampleTime";0.00028;9E-05;0.001813;275;71;447;3;3;0.174757999746362;0.0003171652;0.00019;0.000391;552;1;1;2;551;1;4E-05;0.001813;534;447;0.000561
"PostLateUpdate.DirectorRenderImage";0.00028;0.00013;0.001953;337;5;289;3;3;0.211712999182055;0.000320292;0.00015;0.0004;661;1;1;1;661;1;0.00013;0.001953;5;289;0.0003
"FixedUpdate.ScriptRunDelayedFixedFrameRate";0.000271;0.00014;0.002044;486;1;156;3;3;0.194263999524992;0.0003525662;0.000221;0.000361;552;1;1;2;551;1;0.00012;0.002044;534;156;0.00021
"CompileRenderGraph";0.00027;9E-05;0.000942;267;4;652;8;8;0.193976999500592;0.0002934599;0.00024;0.000311;661;1;1;1;661;1;9E-05;0.000942;4;652;0.000301
"Profiler.FrameMetadata";0.000261;0.00011;0.040307;183;33;16;5;5;0.91128499928891;0.001410658;0.0002;0.00032;734;1;1;3;646;16;0.00011;0.03187;33;16;0.000411
"PhysX.ScScene.fetchPatchEventsTask";0.000261;9E-05;0.001953;261;236;555;7;7;0.174853000047733;0.0003173376;0.000201;0.00036;552;1;1;2;551;1;6E-05;0.001953;534;555;0.00025
"PreLateUpdate.DirectorUpdateAnimationEnd";0.00026;0.00011;0.002284;71;326;183;3;3;0.201782998919953;0.0003052693;0.000131;0.00039;661;1;1;1;661;1;0.00011;0.002284;326;183;0.000311
"PreLateUpdate.LegacyAnimationUpdate";0.00026;8E-05;0.002094;609;513;437;3;3;0.235410999142914;0.0003561437;0.00022;0.000391;661;1;1;1;661;1;8E-05;0.002094;513;437;0.00022
"PostLateUpdate.InputEndFrame";0.000251;4E-05;0.007324;353;332;427;3;3;0.222464999780641;0.0003365582;0.00021;0.00037;661;1;1;1;661;1;4E-05;0.007324;332;427;0.000451
"Update Lights";0.00025;9E-05;0.002484;168;107;305;4;4;0.210951999593817;0.0003191407;0.00019;0.000381;661;1;1;1;661;1;9E-05;0.002484;107;305;0.000391
"PhysX.ScScene.ccdBroadPhaseAABB";0.00025;5E-05;0.001513;169;489;330;7;7;0.153760999553924;0.0002790581;0.000191;0.000301;552;1;1;2;551;1;5E-05;0.001513;489;330;0.000581
"Connections.Process";0.00025;6.999999E-05;0.001724;158;446;26;6;7;0.197952998700202;0.000299475;0.00016;0.000371;1322;2;2;2;661;1;3E-05;0.001694;8;26;0.000481
"PhysX.PxsDynamics.solverEnd";0.000241;8E-05;0.001613;12;11;575;7;7;0.148716999698081;0.0002699038;0.0001;0.000351;552;1;1;2;551;1;8E-05;0.001613;11;575;0.000281
"QueuePrepareIntegrateMainThreadObjects";0.000241;0.00017;0.000731;592;187;143;9;10;0.184095999124111;0.0002785113;0.00022;0.000312;1322;2;2;2;661;1;8E-05;0.000571;4;143;0.00022
"EarlyUpdate.UpdateAsyncReadbackManager";0.000231;0.00013;0.006191;38;1;162;3;3;0.192976999445818;0.000291947;0.000181;0.000341;661;1;1;1;661;1;0.00013;0.006191;1;162;0.000601
"PostLateUpdate.XRPostLateUpdate";0.000231;7E-05;0.002535;384;205;243;3;3;0.176957999923616;0.0002677125;0.00018;0.00028;661;1;1;1;661;1;7E-05;0.002535;205;243;0.00023
"FixedUpdate.XRFixedUpdate";0.000231;6E-05;0.001593;518;61;450;3;3;0.157989999228448;0.0002867332;0.000181;0.000311;552;1;1;2;551;1;6E-05;0.001593;61;450;0.000271
"PreLateUpdate.DirectorUpdateAnimationBegin";0.000231;0.00011;0.001563;527;39;138;3;3;0.168164999748114;0.00025441;0.000131;0.000271;661;1;1;1;661;1;0.00011;0.001563;39;138;0.000251
"PostLateUpdate.DirectorLateUpdate";0.000221;0.00011;0.001683;239;140;358;3;3;0.164563999409438;0.0002489622;0.00013;0.000271;661;1;1;1;661;1;0.00011;0.001683;140;358;0.00013
"PhysX.ScScene.lostTouchReports";0.000221;7E-05;0.001312;447;68;126;7;7;0.128609000035794;0.0002334102;0.00011;0.0003;552;1;1;2;551;1;7E-05;0.001312;68;126;0.00029
"UIElements.CollectLayoutNodes";0.000211;0.00016;0.001593;467;87;325;5;5;0.207170999594382;0.0003134206;0.0002;0.000341;661;1;1;1;661;1;0.00016;0.001593;87;325;0.00018
"CombineJobResults";0.00021;2E-05;0.000771;8;113;648;10;11;0.105647998705535;0.0001978427;0.000161;0.000241;814;1;1;3;534;1;2E-05;0.000771;109;648;0.0002
"PhysX.ScScene.processNpLostTouchTask";0.000201;4E-05;0.001162;186;8;189;7;7;0.109515999480209;0.0001987586;9E-05;0.00024;552;1;1;2;551;1;4E-05;0.001162;8;189;0.000241
"PreLateUpdate.DirectorDeferredEvaluate";0.000201;9E-05;0.002485;623;57;183;3;3;0.170072999659169;0.0002572965;0.00012;0.000281;661;1;1;1;661;1;9E-05;0.002485;57;183;0.00022
"FinalizeUpdateRendererBoundingVolumes";0.0002;8E-05;0.027161;529;564;32;4;5;0.567105002191965;0.0008579501;0.00017;0.000231;716;1;1;2;661;1;8E-05;0.026951;564;32;0.00025
"PhysX.ScScene.updateBodiesAndShapes";0.000191;4E-05;0.002254;216;46;275;7;7;0.117603999518906;0.0002134374;9E-05;0.000251;552;1;1;2;551;1;4E-05;0.002254;46;275;0.00026
"Inl_RenderPipeline.BeginContextRendering";0.00019;6E-05;0.012233;119;48;143;5;5;0.13386899982288;0.000202525;0.00013;0.000221;661;1;1;1;661;1;6E-05;0.012233;48;143;0.000261
"EarlyUpdate.TilemapRendererEarlyUpdate";0.00019;0.0001;0.001322;220;113;522;3;3;0.149790999457764;0.0002266127;0.00013;0.000261;661;1;1;1;661;1;0.0001;0.001322;113;522;0.0002
"ParticleSystem.WaitForPreviousRenderingToFinish";0.00019;3E-05;0.001213;416;224;259;5;5;0.147874999693158;0.0002237141;0.00014;0.00023;661;1;1;1;661;1;3E-05;0.001213;224;259;0.00018
"PostLateUpdate.XRPreEndFrame";0.00019;0.00012;0.001232;416;6;265;3;3;0.146831999343704;0.0002221362;0.000141;0.00023;661;1;1;1;661;1;0.00012;0.001232;6;265;0.00019
"Physics.CalculateChangedBodyTransforms";0.000181;6E-05;0.001513;4;35;424;6;6;0.121569999901112;0.0002206352;8E-05;0.00029;552;1;1;2;551;1;6E-05;0.001513;35;424;0.000281
"ConstraintManager::Update::JobSetup";0.00018;2E-05;0.001683;467;75;463;5;5;0.132223999593407;0.0002000363;0.00011;0.00024;661;1;1;1;661;1;2E-05;0.001683;75;463;0.000201
"Update.ScriptRunDelayedDynamicFrameRate";0.00018;9E-05;0.195208;518;111;505;3;3;8.34038898058498;0.01261783;0.000111;0.000271;661;1;1;1;661;1;9E-05;0.195208;111;505;0.000231
"FindShadowCastingLights";0.00018;5E-05;0.008977;649;630;33;11;11;0.122355999996216;0.0001851074;7E-05;0.000211;661;1;1;1;661;1;5E-05;0.008977;630;33;0.000661
"PostLateUpdate.PhysicsSkinnedClothFinishUpdate";0.00016;9E-05;0.002154;161;29;134;3;3;0.131081999083108;0.0001983086;0.0001;0.000221;661;1;1;1;661;1;9E-05;0.002154;29;134;9E-05
"UIR.Free";0.00016;8E-05;0.001473;366;63;256;5;5;0.136734999658074;0.0002068608;0.000111;0.00025;661;1;1;1;661;1;8E-05;0.001473;63;256;0.000221
"UpdateRendererBoundingVolumes";0.00014;6E-05;0.005521;563;127;20;5;8;0.222113999159774;0.0003360272;8E-05;0.000221;749;1;1;3;661;1;6E-05;0.004679;12;20;0.000231
"PostLateUpdate.ScriptRunDelayedDynamicFrameRate";0.00012;0.0001;0.001072;57;1;98;3;3;0.106983999241493;0.0001618517;0.000101;0.00018;661;1;1;1;661;1;0.0001;0.001072;1;98;0.0001
"Terrain.Trees.OnWillRender";0.00011;6E-05;0.011301;458;137;641;9;11;0.138571999457781;0.0002096399;9E-05;0.000241;1322;2;2;2;661;1;2E-05;0.011261;501;641;0.000461
"ClothManager.UploadSimulatedSkinData";0.0001;5E-05;0.002074;296;12;134;4;4;0.0876989993957977;0.0001326762;6E-05;0.00016;661;1;1;1;661;1;5E-05;0.002074;12;134;5E-05
"PhysX.PostThirdPassTask";0.0001;5E-05;0.004038;560;247;362;7;7;0.080029999884573;0.0001575394;8E-05;0.00018;509;1;1;2;508;2;5E-05;0.004038;247;362;0.00017
"RG_SetupPostFX";9E-05;5E-05;0.000551;158;121;114;9;9;0.0739769997235271;0.0001119168;8E-05;0.00012;661;1;1;1;661;1;5E-05;0.000551;121;114;0.000371
"PostLateUpdate.EndGraphicsJobsAfterScriptLateUpdate";9E-05;7E-05;0.001282;627;8;25;3;3;0.0995119995204732;0.0001505477;8E-05;0.00017;661;1;1;1;661;1;7E-05;0.001282;8;25;0.000171
"TextRendering.CollectGarbage";8.1E-05;4E-05;0.001233;47;3;146;4;4;0.0696079998851928;0.0001053071;7E-05;0.0001;661;1;1;1;661;1;4E-05;0.001233;3;146;7.1E-05
"EarlyUpdate.UpdateMainGameViewRect";8E-05;5E-05;0.001262;171;15;28;3;3;0.0702279996585276;0.0001062451;6E-05;0.0001;661;1;1;1;661;1;5E-05;0.001262;15;28;7.1E-05
"FixedUpdate.ClearLines";7E-05;4E-05;0.002144;204;22;405;3;3;0.0676219996094005;0.0001227259;5E-05;0.00012;552;1;1;2;551;1;4E-05;0.002144;22;405;0.00024
"TextureStreamingManager.Update";7E-05;2E-05;0.001352;265;9;279;4;4;0.0819599994065356;0.0001239939;3E-05;0.000181;661;1;1;1;661;1;2E-05;0.001352;9;279;2E-05
"PostLateUpdate.BatchModeUpdate";7E-05;4E-05;0.001143;442;52;331;3;3;0.0598139993599034;9.049017E-05;5E-05;8.1E-05;661;1;1;1;661;1;4E-05;0.001143;52;331;5E-05
"EarlyUpdate.GpuTimestamp";7E-05;5E-05;0.001483;584;43;493;3;3;0.0674839999373944;0.0001020938;6E-05;9E-05;661;1;1;1;661;1;5E-05;0.001483;43;493;8E-05
"Shadows.Sort";6.999999E-05;2E-05;0.000471;192;18;143;16;16;0.0602939992422762;9.999005E-05;4E-05;0.00012;1318;2;1;4;603;1;1E-05;0.000381;23;390;6E-05
"EditorConnection.RefreshObservablePlayerList";6E-05;4E-05;0.000651;133;15;29;5;5;0.0465939992391213;7.049017E-05;5E-05;6E-05;661;1;1;1;661;1;4E-05;0.000651;15;29;6E-05
"Setup Debug Properties";6E-05;3E-05;0.000842;352;29;306;9;9;0.0563409993737878;8.5236E-05;5E-05;9E-05;661;1;1;1;661;1;3E-05;0.000842;29;306;5E-05
"Inl_UniversalRenderPipeline.GetPerObjectLightFlags";6E-05;5E-05;0.00043;369;2;229;8;8;0.0450189991206571;6.810741E-05;6E-05;6.1E-05;661;1;1;1;661;1;5E-05;0.00043;2;229;0.0001
"Connections.Poll";5E-05;3E-05;0.001343;314;12;370;6;7;0.037694999075029;5.702723E-05;4E-05;6E-05;1322;2;2;2;661;1;1E-05;0.001333;12;370;5E-05
"SortingGroupManager.Update";5E-05;3E-05;0.000942;315;21;34;4;4;0.0407109994630446;6.159001E-05;4E-05;6E-05;661;1;1;1;661;1;3E-05;0.000942;21;34;5E-05
"PreUpdate.CheckTexFieldInput";5E-05;2E-05;0.001373;326;39;70;3;3;0.0446979995285801;6.762178E-05;4E-05;8E-05;661;1;1;1;661;1;2E-05;0.001373;39;70;4E-05
"UIEvents.AlignCanvasRectTransformWithCamera";5E-05;4E-05;0.000992;341;9;230;4;4;0.0421479992801324;6.376399E-05;4E-05;5.1E-05;661;1;1;1;661;1;4E-05;0.000992;9;230;4E-05
"PostLateUpdate.ResetInputAxis";5E-05;4E-05;0.002174;383;15;308;3;3;0.0396919992854237;6.004841E-05;5E-05;5.1E-05;661;1;1;1;661;1;4E-05;0.002174;15;308;5E-05
"PreLateUpdate.PhysicsLateUpdate";4E-05;3E-05;0.000741;364;5;7;3;3;0.0309819994836289;4.687141E-05;4E-05;5E-05;661;1;1;1;661;1;3E-05;0.000741;5;7;3E-05
"Initialization.SynchronizeState";4E-05;3E-05;0.001052;503;6;96;3;3;0.0318549994117348;4.819213E-05;4E-05;5E-05;661;1;1;1;661;1;3E-05;0.001052;6;96;4E-05
"Inl_RenderPipeline.EndContextRendering";4E-05;2E-05;0.000321;620;9;371;5;5;0.0446899993803527;6.760968E-05;3E-05;6E-05;661;1;1;1;661;1;2E-05;0.000321;9;371;5E-05
"Inl_Sort Render Passes";4E-05;3E-05;0.000401;659;3;27;8;8;0.0476109994233411;7.202874E-05;4E-05;7E-05;661;1;1;1;661;1;3E-05;0.000401;3;27;4E-05
"Physics.WriteColliderPoses";3E-05;1E-05;0.000461;35;115;628;6;6;0.0184419996076031;3.347005E-05;2E-05;3E-05;552;1;1;2;551;1;1E-05;0.000461;115;628;3E-05
"Physics.WriteRigidbodyPoses";3E-05;2E-05;0.001452;153;1;4;6;6;0.0195709996660298;3.551906E-05;2E-05;3E-05;552;1;1;2;551;1;1E-05;0.001452;534;4;2E-05
"Send messages";3E-05;2E-05;0.002174;199;1;3;5;5;0.0223329995314998;3.378669E-05;2E-05;3E-05;661;1;1;1;661;1;2E-05;0.002174;1;3;3E-05
"CullingGroupSendEvents";3E-05;2E-05;0.000171;410;15;389;8;8;0.0220299994798552;3.332829E-05;3E-05;3E-05;661;1;1;1;661;1;2E-05;0.000171;15;389;3E-05
"Physics.SendJointBreakEvents";3E-05;2E-05;0.001192;607;10;654;6;6;0.0475179996283259;8.623956E-05;2E-05;0.00013;552;1;1;2;551;1;2E-05;0.001192;10;654;3E-05
"PostLateUpdate.UpdateCaptureScreenshot";2E-05;2E-05;0.000661;580;1;272;3;3;0.0181839996184863;2.750983E-05;2E-05;3E-05;661;1;1;1;661;1;2E-05;0.000661;1;272;2E-05
"GfxResource.Register";0;0;0;61;1;1;6;6;0;0;0;0;33;3;3;6;10;1;0;0;1;1;0
"Object.Register";0;0;0;61;1;1;6;6;0;0;0;0;11;1;1;2;10;1;0;0;1;1;0
"Object.SetName";0;0;0;61;1;1;6;6;0;0;0;0;11;1;1;2;10;1;0;0;1;1;0
"BeginJob";0;0;0;330;1;1;7;14;0;0;0;0;4656;7;1;18;645;1;0;0;1;1;0
"EndJob";0;0;0;330;1;1;7;14;0;0;0;0;4656;7;1;18;645;1;0;0;1;1;0
"Active Constraints";0;0;0;331;1;1;3;5;0;0;0;0;1212;2;1;2;661;1;0;0;1;1;0
"Active Dynamic Bodies";0;0;0;331;1;1;3;5;0;0;0;0;1212;2;1;2;661;1;0;0;1;1;0
"Active Kinematic Bodies";0;0;0;331;1;1;3;5;0;0;0;0;1212;2;1;2;661;1;0;0;1;1;0
"Added Contacts";0;0;0;331;1;1;3;3;0;0;0;0;661;1;1;1;661;1;0;0;1;1;0
"AnimationClip Count";0;0;0;331;1;1;3;3;0;0;0;0;661;1;1;1;661;1;0;0;1;1;0
"AnimationClip Memory";0;0;0;331;1;1;3;3;0;0;0;0;661;1;1;1;661;1;0;0;1;1;0
"App Committed Memory";0;0;0;331;1;1;3;3;0;0;0;0;661;1;1;1;661;1;0;0;1;1;0
"App Resident Memory";0;0;0;331;1;1;3;3;0;0;0;0;661;1;1;1;661;1;0;0;1;1;0
"Articulation Bodies";0;0;0;331;1;1;3;5;0;0;0;0;1212;2;1;2;661;1;0;0;1;1;0
"Asleep Bodies";0;0;0;331;1;1;3;3;0;0;0;0;661;1;1;1;661;1;0;0;1;1;0
"Asleep Shapes";0;0;0;331;1;1;3;3;0;0;0;0;661;1;1;1;661;1;0;0;1;1;0
"Asset Count";0;0;0;331;1;1;3;3;0;0;0;0;661;1;1;1;661;1;0;0;1;1;0
"Atlases";0;0;0;331;1;1;3;3;0;0;0;0;661;1;1;1;661;1;0;0;1;1;0
"Audio Reads";0;0;0;331;1;1;3;3;0;0;0;0;661;1;1;1;661;1;0;0;1;1;0
"Audio Reserved Memory";0;0;0;331;1;1;3;3;0;0;0;0;661;1;1;1;661;1;0;0;1;1;0
"Audio Used Memory";0;0;0;331;1;1;3;3;0;0;0;0;661;1;1;1;661;1;0;0;1;1;0
"AudioClip Count";0;0;0;331;1;1;3;3;0;0;0;0;661;1;1;1;661;1;0;0;1;1;0
"AudioClip Memory";0;0;0;331;1;1;3;3;0;0;0;0;661;1;1;1;661;1;0;0;1;1;0
"Awake Bodies";0;0;0;331;1;1;3;3;0;0;0;0;661;1;1;1;661;1;0;0;1;1;0
"Awake Shapes";0;0;0;331;1;1;3;3;0;0;0;0;661;1;1;1;661;1;0;0;1;1;0
"Batches Count";0;0;0;331;1;1;4;4;0;0;0;0;661;1;1;1;661;1;0;0;1;1;0
"Broadphase Adds";0;0;0;331;1;1;3;5;0;0;0;0;1212;2;1;2;661;1;0;0;1;1;0
"Broadphase Adds/Removes";0;0;0;331;1;1;3;5;0;0;0;0;1212;2;1;2;661;1;0;0;1;1;0
"Broadphase Pairs";0;0;0;331;1;1;3;3;0;0;0;0;661;1;1;1;661;1;0;0;1;1;0
"Broadphase Removes";0;0;0;331;1;1;3;5;0;0;0;0;1212;2;1;2;661;1;0;0;1;1;0
"Broadphase Updates";0;0;0;331;1;1;3;3;0;0;0;0;661;1;1;1;661;1;0;0;1;1;0
"Colliders Synced";0;0;0;331;1;1;3;5;0;0;0;0;1212;2;1;2;661;1;0;0;1;1;0
"Collision Enter";0;0;0;331;1;1;3;3;0;0;0;0;661;1;1;1;661;1;0;0;1;1;0
"Collision Exit";0;0;0;331;1;1;3;3;0;0;0;0;661;1;1;1;661;1;0;0;1;1;0
"Collision Stay";0;0;0;331;1;1;3;3;0;0;0;0;661;1;1;1;661;1;0;0;1;1;0
"Continuous Bodies";0;0;0;331;1;1;3;3;0;0;0;0;661;1;1;1;661;1;0;0;1;1;0
"Continuous Overlaps";0;0;0;331;1;1;3;5;0;0;0;0;1212;2;1;2;661;1;0;0;1;1;0
"CPU Main Thread Frame Time";0;0;0;331;1;1;3;3;0;0;0;0;661;1;1;1;661;1;0;0;1;1;0
"CPU Render Thread Frame Time";0;0;0;331;1;1;3;3;0;0;0;0;661;1;1;1;661;1;0;0;1;1;0
"CPU Total Frame Time";0;0;0;331;1;1;3;3;0;0;0;0;661;1;1;1;661;1;0;0;1;1;0
"Discreet Overlaps";0;0;0;331;1;1;3;5;0;0;0;0;1212;2;1;2;661;1;0;0;1;1;0
"Discrete Bodies";0;0;0;331;1;1;3;3;0;0;0;0;661;1;1;1;661;1;0;0;1;1;0
"Draw Calls Count";0;0;0;331;1;1;4;4;0;0;0;0;661;1;1;1;661;1;0;0;1;1;0
"Dynamic Batched Draw Calls Count";0;0;0;331;1;1;4;4;0;0;0;0;661;1;1;1;661;1;0;0;1;1;0
"Dynamic Batched Triangles Count";0;0;0;331;1;1;4;4;0;0;0;0;661;1;1;1;661;1;0;0;1;1;0
"Dynamic Batched Vertices Count";0;0;0;331;1;1;4;4;0;0;0;0;661;1;1;1;661;1;0;0;1;1;0
"Dynamic Batches Count";0;0;0;331;1;1;4;4;0;0;0;0;661;1;1;1;661;1;0;0;1;1;0
"Dynamic Batching Time";0;0;0;331;1;1;4;4;0;0;0;0;661;1;1;1;661;1;0;0;1;1;0
"Dynamic Bodies";0;0;0;331;1;1;3;5;0;0;0;0;1873;3;2;3;661;1;0;0;1;1;0
"Dynamic Shapes";0;0;0;331;1;1;3;3;0;0;0;0;661;1;1;1;661;1;0;0;1;1;0
"Entities Reads";0;0;0;331;1;1;3;3;0;0;0;0;661;1;1;1;661;1;0;0;1;1;0
"File Bytes Read";0;0;0;331;1;1;3;3;0;0;0;0;661;1;1;1;661;1;0;0;1;1;0
"File Bytes Written";0;0;0;331;1;1;3;3;0;0;0;0;661;1;1;1;661;1;0;0;1;1;0
"File Handles Open";0;0;0;331;1;1;3;3;0;0;0;0;661;1;1;1;661;1;0;0;1;1;0
"File Reads Finished";0;0;0;331;1;1;3;3;0;0;0;0;661;1;1;1;661;1;0;0;1;1;0
"File Reads Started";0;0;0;331;1;1;3;3;0;0;0;0;661;1;1;1;661;1;0;0;1;1;0
"File Seeks";0;0;0;331;1;1;3;3;0;0;0;0;661;1;1;1;661;1;0;0;1;1;0
"Files Closed";0;0;0;331;1;1;3;3;0;0;0;0;661;1;1;1;661;1;0;0;1;1;0
"Files Opened";0;0;0;331;1;1;3;3;0;0;0;0;661;1;1;1;661;1;0;0;1;1;0
"Game Object Count";0;0;0;331;1;1;3;3;0;0;0;0;661;1;1;1;661;1;0;0;1;1;0
"GC Allocated In Frame";0;0;0;331;1;1;3;3;0;0;0;0;661;1;1;1;661;1;0;0;1;1;0
"GC Allocation In Frame Count";0;0;0;331;1;1;3;3;0;0;0;0;661;1;1;1;661;1;0;0;1;1;0
"GC Reserved Memory";0;0;0;331;1;1;3;3;0;0;0;0;661;1;1;1;661;1;0;0;1;1;0
"GC Used Memory";0;0;0;331;1;1;3;3;0;0;0;0;661;1;1;1;661;1;0;0;1;1;0
"GetContacts Queries";0;0;0;331;1;1;3;3;0;0;0;0;661;1;1;1;661;1;0;0;1;1;0
"Gfx Reserved Memory";0;0;0;331;1;1;3;3;0;0;0;0;661;1;1;1;661;1;0;0;1;1;0
"Gfx Used Memory";0;0;0;331;1;1;3;3;0;0;0;0;661;1;1;1;661;1;0;0;1;1;0
"Global Illumination Support";0;0;0;331;1;1;3;3;0;0;0;0;661;1;1;1;661;1;0;0;1;1;0
"GPU Frame Time";0;0;0;331;1;1;3;3;0;0;0;0;661;1;1;1;661;1;0;0;1;1;0
"Index Buffer Upload In Frame Bytes";0;0;0;331;1;1;4;4;0;0;0;0;661;1;1;1;661;1;0;0;1;1;0
"Index Buffer Upload In Frame Count";0;0;0;331;1;1;4;4;0;0;0;0;661;1;1;1;661;1;0;0;1;1;0
"Indirect Draw Calls Count";0;0;0;331;1;1;4;4;0;0;0;0;661;1;1;1;661;1;0;0;1;1;0
"Instanced Batched Draw Calls Count";0;0;0;331;1;1;4;4;0;0;0;0;661;1;1;1;661;1;0;0;1;1;0
"Instanced Batched Triangles Count";0;0;0;331;1;1;4;4;0;0;0;0;661;1;1;1;661;1;0;0;1;1;0
"Instanced Batched Vertices Count";0;0;0;331;1;1;4;4;0;0;0;0;661;1;1;1;661;1;0;0;1;1;0
"Instanced Batches Count";0;0;0;331;1;1;4;4;0;0;0;0;661;1;1;1;661;1;0;0;1;1;0
"IsTouching Queries";0;0;0;331;1;1;3;3;0;0;0;0;661;1;1;1;661;1;0;0;1;1;0
"KickJobs";0;0;0;331;1;1;5;12;0;0;0;0;11237;17;17;17;661;1;0;0;1;1;0
"Kinematic Bodies";0;0;0;331;1;1;3;3;0;0;0;0;661;1;1;1;661;1;0;0;1;1;0
"Kinematic Shapes";0;0;0;331;1;1;3;3;0;0;0;0;661;1;1;1;661;1;0;0;1;1;0
"Material Count";0;0;0;331;1;1;3;3;0;0;0;0;661;1;1;1;661;1;0;0;1;1;0
"Material Memory";0;0;0;331;1;1;3;3;0;0;0;0;661;1;1;1;661;1;0;0;1;1;0
"Max Cache Demand";0;0;0;331;1;1;3;3;0;0;0;0;661;1;1;1;661;1;0;0;1;1;0
"Max Cache Mip Bias";0;0;0;331;1;1;3;3;0;0;0;0;661;1;1;1;661;1;0;0;1;1;0
"Mesh Count";0;0;0;331;1;1;3;3;0;0;0;0;661;1;1;1;661;1;0;0;1;1;0
"Mesh Memory";0;0;0;331;1;1;3;3;0;0;0;0;661;1;1;1;661;1;0;0;1;1;0
"Mesh Reads";0;0;0;331;1;1;3;3;0;0;0;0;661;1;1;1;661;1;0;0;1;1;0
"Missing Disk Data";0;0;0;331;1;1;3;3;0;0;0;0;661;1;1;1;661;1;0;0;1;1;0
"Missing Streaming Tiles";0;0;0;331;1;1;3;3;0;0;0;0;661;1;1;1;661;1;0;0;1;1;0
"Modified Overlaps";0;0;0;331;1;1;3;5;0;0;0;0;1212;2;1;2;661;1;0;0;1;1;0
"Narrowphase Lost Touches";0;0;0;331;1;1;3;5;0;0;0;0;1212;2;1;2;661;1;0;0;1;1;0
"Narrowphase New Touches";0;0;0;331;1;1;3;5;0;0;0;0;1212;2;1;2;661;1;0;0;1;1;0
"Narrowphase Touches";0;0;0;331;1;1;3;5;0;0;0;0;1212;2;1;2;661;1;0;0;1;1;0
"Object Count";0;0;0;331;1;1;3;3;0;0;0;0;661;1;1;1;661;1;0;0;1;1;0
"Other Reads";0;0;0;331;1;1;3;3;0;0;0;0;661;1;1;1;661;1;0;0;1;1;0
"Overlap Queries";0;0;0;331;1;1;3;3;0;0;0;0;661;1;1;1;661;1;0;0;1;1;0
"Overlaps";0;0;0;331;1;1;3;5;0;0;0;0;1212;2;1;2;661;1;0;0;1;1;0
"Particle Queries";0;0;0;331;1;1;3;3;0;0;0;0;661;1;1;1;661;1;0;0;1;1;0
"Physics Queries";0;0;0;331;1;1;3;5;0;0;0;0;1212;2;1;2;661;1;0;0;1;1;0
"Physics Used Memory";0;0;0;331;1;1;3;5;0;0;0;0;1212;2;1;2;661;1;0;0;1;1;0
"Physics Used Memory (2D)";0;0;0;331;1;1;3;3;0;0;0;0;661;1;1;1;661;1;0;0;1;1;0
"Profiler Reserved Memory";0;0;0;331;1;1;3;3;0;0;0;0;661;1;1;1;661;1;0;0;1;1;0
"Profiler Used Memory";0;0;0;331;1;1;3;3;0;0;0;0;661;1;1;1;661;1;0;0;1;1;0
"Raycast Queries";0;0;0;331;1;1;3;3;0;0;0;0;661;1;1;1;661;1;0;0;1;1;0
"Read From Disk";0;0;0;331;1;1;3;3;0;0;0;0;661;1;1;1;661;1;0;0;1;1;0
"Reads in Flight";0;0;0;331;1;1;3;3;0;0;0;0;661;1;1;1;661;1;0;0;1;1;0
"Removed Contacts";0;0;0;331;1;1;3;3;0;0;0;0;661;1;1;1;661;1;0;0;1;1;0
"Render Textures Bytes";0;0;0;331;1;1;3;3;0;0;0;0;661;1;1;1;661;1;0;0;1;1;0
"Render Textures Changes Count";0;0;0;331;1;1;4;4;0;0;0;0;661;1;1;1;661;1;0;0;1;1;0
"Render Textures Count";0;0;0;331;1;1;3;3;0;0;0;0;661;1;1;1;661;1;0;0;1;1;0
"Required Tiles";0;0;0;331;1;1;3;3;0;0;0;0;661;1;1;1;661;1;0;0;1;1;0
"Rigidbodies Synced";0;0;0;331;1;1;3;5;0;0;0;0;1212;2;1;2;661;1;0;0;1;1;0
"Scene Object Count";0;0;0;331;1;1;3;3;0;0;0;0;661;1;1;1;661;1;0;0;1;1;0
"ScheduleAllocJob";0;0;0;331;1;1;7;12;0;0;0;0;7269;11;10;11;661;1;0;0;1;1;0
"ScheduleJob";0;0;0;331;1;1;6;13;0;0;0;0;24425;39;26;50;661;1;0;0;1;1;0
"Scripting Reads";0;0;0;331;1;1;3;3;0;0;0;0;661;1;1;1;661;1;0;0;1;1;0
"SetPass Calls Count";0;0;0;331;1;1;4;4;0;0;0;0;661;1;1;1;661;1;0;0;1;1;0
"Shadow Casters Count";0;0;0;331;1;1;4;4;0;0;0;0;661;1;1;1;661;1;0;0;1;1;0
"Shapecast Queries";0;0;0;331;1;1;3;3;0;0;0;0;661;1;1;1;661;1;0;0;1;1;0
"Solver Continuous Islands";0;0;0;331;1;1;3;3;0;0;0;0;661;1;1;1;661;1;0;0;1;1;0
"Solver Discrete Islands";0;0;0;331;1;1;3;3;0;0;0;0;661;1;1;1;661;1;0;0;1;1;0
"Solver Simulation Count";0;0;0;331;1;1;3;3;0;0;0;0;661;1;1;1;661;1;0;0;1;1;0
"Solver World Count";0;0;0;331;1;1;3;3;0;0;0;0;661;1;1;1;661;1;0;0;1;1;0
"Static Batched Draw Calls Count";0;0;0;331;1;1;4;4;0;0;0;0;661;1;1;1;661;1;0;0;1;1;0
"Static Batched Triangles Count";0;0;0;331;1;1;4;4;0;0;0;0;661;1;1;1;661;1;0;0;1;1;0
"Static Batched Vertices Count";0;0;0;331;1;1;4;4;0;0;0;0;661;1;1;1;661;1;0;0;1;1;0
"Static Batches Count";0;0;0;331;1;1;4;4;0;0;0;0;661;1;1;1;661;1;0;0;1;1;0
"Static Bodies";0;0;0;331;1;1;3;3;0;0;0;0;661;1;1;1;661;1;0;0;1;1;0
"Static Colliders";0;0;0;331;1;1;3;5;0;0;0;0;1212;2;1;2;661;1;0;0;1;1;0
"Static Shapes";0;0;0;331;1;1;3;3;0;0;0;0;661;1;1;1;661;1;0;0;1;1;0
"System Total Used Memory";0;0;0;331;1;1;3;3;0;0;0;0;661;1;1;1;661;1;0;0;1;1;0
"System Used Memory";0;0;0;331;1;1;3;3;0;0;0;0;661;1;1;1;661;1;0;0;1;1;0
"Texture Count";0;0;0;331;1;1;3;3;0;0;0;0;661;1;1;1;661;1;0;0;1;1;0
"Texture Memory";0;0;0;331;1;1;3;3;0;0;0;0;661;1;1;1;661;1;0;0;1;1;0
"Texture Reads";0;0;0;331;1;1;3;3;0;0;0;0;661;1;1;1;661;1;0;0;1;1;0
"Total Bodies";0;0;0;331;1;1;3;3;0;0;0;0;661;1;1;1;661;1;0;0;1;1;0
"Total Callbacks";0;0;0;331;1;1;3;3;0;0;0;0;661;1;1;1;661;1;0;0;1;1;0
"Total Contacts";0;0;0;331;1;1;3;3;0;0;0;0;661;1;1;1;661;1;0;0;1;1;0
"Total CPU Cache Size";0;0;0;331;1;1;3;3;0;0;0;0;661;1;1;1;661;1;0;0;1;1;0
"Total GPU Cache Size";0;0;0;331;1;1;3;3;0;0;0;0;661;1;1;1;661;1;0;0;1;1;0
"Total Joints";0;0;0;331;1;1;3;3;0;0;0;0;661;1;1;1;661;1;0;0;1;1;0
"Total Queries";0;0;0;331;1;1;3;3;0;0;0;0;661;1;1;1;661;1;0;0;1;1;0
"Total Reserved Memory";0;0;0;331;1;1;3;3;0;0;0;0;661;1;1;1;661;1;0;0;1;1;0
"Total Shapes";0;0;0;331;1;1;3;3;0;0;0;0;661;1;1;1;661;1;0;0;1;1;0
"Total Transform Sync Calls";0;0;0;331;1;1;3;3;0;0;0;0;661;1;1;1;661;1;0;0;1;1;0
"Total Used Memory";0;0;0;331;1;1;3;3;0;0;0;0;661;1;1;1;661;1;0;0;1;1;0
"Transform Parent Sync Bodies";0;0;0;331;1;1;3;3;0;0;0;0;661;1;1;1;661;1;0;0;1;1;0
"Transform Parent Sync Colliders";0;0;0;331;1;1;3;3;0;0;0;0;661;1;1;1;661;1;0;0;1;1;0
"Transform Sync Bodies";0;0;0;331;1;1;3;3;0;0;0;0;661;1;1;1;661;1;0;0;1;1;0
"Transform Sync Colliders";0;0;0;331;1;1;3;3;0;0;0;0;661;1;1;1;661;1;0;0;1;1;0
"Triangles Count";0;0;0;331;1;1;4;4;0;0;0;0;661;1;1;1;661;1;0;0;1;1;0
"Trigger Enter";0;0;0;331;1;1;3;3;0;0;0;0;661;1;1;1;661;1;0;0;1;1;0
"Trigger Exit";0;0;0;331;1;1;3;3;0;0;0;0;661;1;1;1;661;1;0;0;1;1;0
"Trigger Overlaps";0;0;0;331;1;1;3;5;0;0;0;0;1763;3;1;3;661;1;0;0;1;1;0
"Trigger Stay";0;0;0;331;1;1;3;3;0;0;0;0;661;1;1;1;661;1;0;0;1;1;0
"Used Buffers Bytes";0;0;0;331;1;1;4;4;0;0;0;0;661;1;1;1;661;1;0;0;1;1;0
"Used Buffers Count";0;0;0;331;1;1;4;4;0;0;0;0;661;1;1;1;661;1;0;0;1;1;0
"Used Textures Bytes";0;0;0;331;1;1;4;4;0;0;0;0;661;1;1;1;661;1;0;0;1;1;0
"Used Textures Count";0;0;0;331;1;1;4;4;0;0;0;0;661;1;1;1;661;1;0;0;1;1;0
"Vertex Buffer Upload In Frame Bytes";0;0;0;331;1;1;4;4;0;0;0;0;661;1;1;1;661;1;0;0;1;1;0
"Vertex Buffer Upload In Frame Count";0;0;0;331;1;1;4;4;0;0;0;0;661;1;1;1;661;1;0;0;1;1;0
"Vertices Count";0;0;0;331;1;1;4;4;0;0;0;0;661;1;1;1;661;1;0;0;1;1;0
"Video Memory Bytes";0;0;0;331;1;1;4;4;0;0;0;0;661;1;1;1;661;1;0;0;1;1;0
"Video Reserved Memory";0;0;0;331;1;1;3;3;0;0;0;0;661;1;1;1;661;1;0;0;1;1;0
"Video Used Memory";0;0;0;331;1;1;3;3;0;0;0;0;661;1;1;1;661;1;0;0;1;1;0
"Virtual Texture Reads";0;0;0;331;1;1;3;3;0;0;0;0;661;1;1;1;661;1;0;0;1;1;0
"Visible Skinned Meshes Count";0;0;0;331;1;1;4;4;0;0;0;0;661;1;1;1;661;1;0;0;1;1;0
"WaitForCompleted";0;0;0;331;1;1;3;13;0;0;0;0;13993;21;20;25;661;1;0;0;1;1;0
