Name; Median Time; Min Time; Max Time; Median Frame Index; Min Frame Index; Max Frame Index; Min Depth; Max Depth; Total Time; Mean Time; Time Lower Quartile; Time Upper Quartile; Count Total; Count Median; Count Min; Count Max; Number of frames containing Marker; First Frame Index; Time Min Individual; Time Max Individual; Min Individual Frame; Max Individual Frame; Time at Median Frame
"EditorLoop";13.90282;2.321423;29.9993;75;3;221;1;1;8847.21830368042;13.9546;13.14875;14.77005;2535;4;3;4;634;1;0.076985;26.89742;534;384;13.35752
"PlayerLoop";2.31904;1.32662;3.665556;546;223;1;1;1;1437.85400927067;2.267909;1.895201;2.584188;1902;3;3;3;634;1;0.009398;2.997567;269;362;2.647959
"RenderPlayModeViewCameras";1.663293;0.948366;2.997187;40;269;362;2;2;1000.60760432482;1.578245;1.207836;1.834977;634;1;1;1;634;1;0.948366;2.997187;269;362;1.821922
"UnityEngine.CoreModule.dll!UnityEngine.Rendering::RenderPipelineManager.DoRenderLoop_Internal() [Invoke]";1.596838;0.921807;2.937805;583;269;362;3;3;951.784514844418;1.501237;1.144026;1.767129;634;1;1;1;634;1;0.921807;2.937805;269;362;1.764414
"Inl_UniversalRenderTotal";1.575418;0.91318;2.916664;431;269;362;4;4;940.102874159813;1.482812;1.131291;1.744216;634;1;1;1;634;1;0.91318;2.916664;269;362;1.742052
"Inl_RenderCameraStack";1.553156;0.903061;2.894383;382;269;362;5;5;927.519825279713;1.462965;1.11463;1.720952;634;1;1;1;634;1;0.903061;2.894383;269;362;1.71971
"Inl_UniversalRenderPipeline.RenderSingleCameraInternal: Main Camera";0.92365;0.5097;2.315372;497;223;362;6;6;532.384868681431;0.8397238;0.642561;0.978694;634;1;1;1;634;1;0.5097;2.315372;223;362;0.968375
"UpdateScene";0.596855;0.316997;1.190273;119;242;232;2;2;424.339043617249;0.6693045;0.538535;0.834271;634;1;1;1;634;1;0.316997;1.190273;242;232;0.804436
"Inl_ScriptableRenderContext.Submit";0.549956;0.3185;0.778737;79;269;49;6;6;323.204995423555;0.5097871;0.389684;0.603928;634;1;1;1;634;1;0.3185;0.778737;269;49;0.622132
"UniversalRenderPipeline.RenderSingleCameraInternal: Main Camera";0.486927;0.282111;0.693707;553;269;49;7;7;286.760729134083;0.452304;0.342485;0.538144;634;1;1;1;634;1;0.282111;0.693707;269;49;0.560065
"ExecuteRenderGraph";0.470346;0.272132;0.671244;443;269;49;8;8;276.559387326241;0.4362136;0.329451;0.52021;634;1;1;1;634;1;0.272132;0.671244;269;49;0.543845
"Profiler.FlushCounters";0.438146;0.224223;0.739994;36;319;168;1;1;267.612984851003;0.4221025;0.298963;0.536852;634;1;1;1;634;1;0.224223;0.739994;319;168;0.676334
"Profiler.FlushMemoryCounters";0.392239;0.200989;0.650095;137;319;168;2;2;243.437346428633;0.3839706;0.268606;0.487228;634;1;1;1;634;1;0.200989;0.650095;319;168;0.624907
"Inl_ExecuteRenderGraph";0.304073;0.159;0.392289;308;269;573;7;7;169.911986231804;0.268;0.188746;0.32389;634;1;1;1;634;1;0.159;0.392289;269;573;0.31838
"Inl_RecordRenderGraph";0.295216;0.169108;0.395175;107;516;247;7;7;171.059940591455;0.2698106;0.210908;0.310976;634;1;1;1;634;1;0.169108;0.395175;516;247;0.315094
"RenderLoop.ScheduleDraw";0.292932;0.162316;0.464215;175;523;35;10;11;171.558756992221;0.2705974;0.198985;0.325122;4438;7;7;7;634;1;0.00011;0.169941;80;35;0.353375
"Inl_On Record Render Graph";0.288193;0.16438;0.386949;407;516;247;8;8;166.910292476416;0.2632654;0.206078;0.303472;634;1;1;1;634;1;0.16438;0.386949;516;247;0.30753
"FixedUpdate.PhysicsFixedUpdate";0.180901;0.117402;0.439648;298;295;192;3;3;104.228587508202;0.1981532;0.156174;0.233499;529;1;1;2;526;1;0.062818;0.439648;222;192;0.191611
"Physics.RunSimulationStage";0.165512;0.107974;0.411015;159;295;335;4;4;96.8728517144918;0.1841689;0.144943;0.215957;529;1;1;2;526;1;0.059081;0.411015;222;335;0.177264
"Physics.Simulate";0.165361;0.107783;0.410674;159;295;335;5;5;96.7318968698382;0.1839009;0.144763;0.215556;529;1;1;2;526;1;0.059031;0.410674;222;335;0.177023
"PxScene.simulate";0.16444;0.107393;0.410012;274;295;335;6;6;96.4254627898335;0.1833184;0.144412;0.215035;529;1;1;2;526;1;0.058831;0.410012;222;335;0.176462
"Profiler.RequestScreenshot";0.156555;0.090791;0.693447;631;166;1;5;5;9.19681595265865;0.2138794;0.114486;0.197001;43;1;1;1;43;1;0.090791;0.693447;166;1;0
"CullScriptable";0.152548;0.065334;0.255682;602;223;508;7;7;91.0563027486205;0.1436219;0.113043;0.167325;634;1;1;1;634;1;0.065334;0.255682;223;508;0.163909
"RenderLoop.DrawSRPBatcher";0.106882;0.059732;0.18058;47;217;35;12;12;63.2699557431042;0.09979488;0.07408;0.119755;1268;2;2;2;634;1;0.024466;0.128752;273;35;0.124023
"RenderTarget.GrabPixels";0.100159;0.019577;0.12768;16;1;496;6;6;3.89179199188948;0.09050679;0.060855;0.107622;43;1;1;1;43;1;0.019577;0.12768;1;496;0
"SRPBatcher.Flush";0.100108;0.054743;0.162095;616;261;110;13;14;61.1604767031968;0.09646763;0.076535;0.113133;1902;3;3;3;634;1;0.011642;0.065383;269;110;0.114385
"DrawOpaqueObjects";0.09511;0.051738;0.171573;580;523;35;9;9;55.2254308536649;0.08710635;0.061426;0.105529;634;1;1;1;634;1;0.051738;0.171573;523;35;0.117311
"DrawBuffersBatchMode";0.092033;0.050495;0.152427;55;261;110;14;15;56.4377809427679;0.08901858;0.070854;0.104017;1902;3;3;3;634;1;0.008607;0.064501;269;110;0.104797
"Update.ScriptRunBehaviourUpdate";0.088367;0.051437;0.300947;331;344;508;3;3;63.0675129182637;0.09947557;0.070493;0.114185;634;1;1;1;634;1;0.051437;0.300947;344;508;0.126879
"BehaviourUpdate";0.087816;0.051077;0.298533;331;344;508;4;4;62.6015737652779;0.09874065;0.069982;0.113695;634;1;1;1;634;1;0.051077;0.298533;344;508;0.126388
"SceneCulling";0.083387;0.031269;0.158369;397;223;284;8;8;51.4648329503834;0.08117481;0.065463;0.095049;634;1;1;1;634;1;0.031269;0.158369;223;284;0.097113
"Draw Main Light Shadowmap";0.080552;0.043973;0.137369;177;498;49;9;9;49.3548869043589;0.07784683;0.063189;0.090501;634;1;1;1;634;1;0.043973;0.137369;498;49;0.09545
"MainLightShadow";0.07959;0.043402;0.135345;302;498;49;10;10;48.810673866421;0.07698844;0.062638;0.089509;634;1;1;1;634;1;0.043402;0.135345;498;49;0.094117
"Shadows.ExecuteDrawShadows";0.076894;0.041047;0.128912;630;498;49;11;11;46.9615959040821;0.07407192;0.059903;0.086593;2536;4;4;4;634;1;0.002084;0.098115;354;508;0.091802
"Bloom";0.069421;0.039685;0.130516;229;241;72;9;9;39.8689798898995;0.06288483;0.044444;0.075212;634;1;1;1;634;1;0.039685;0.130516;241;72;0.078207
"Shadows.ScheduleRenderJobs";0.066034;0.033222;0.109336;462;269;49;12;12;40.5228748507798;0.06391621;0.050838;0.07570401;2536;4;4;4;634;1;0.000811;0.084349;403;49;0.081994
"PlayerConnection.Poll";0.062629;0.017804;0.184949;160;367;485;4;5;41.5768618509173;0.06557865;0.035978;0.090461;1268;2;2;2;634;1;0.00498;0.104156;367;31;0.033955
"WaitForJobGroupID";0.060173;0.014267;0.152897;168;334;508;9;13;38.5977960098535;0.0608798;0.050195;0.06984;4039;6;2;9;634;1;0.000661;0.112032;255;528;0.077787
"Inl_Setup Forward Lights";0.052439;0.030167;0.0801;604;523;247;8;8;30.8989358916879;0.04873649;0.036328;0.055915;634;1;1;1;634;1;0.030167;0.0801;523;247;0.055694
"DrawDepthNormalPrepass";0.052128;0.028053;0.078178;440;582;203;9;9;31.8331869132817;0.05021007;0.039083;0.059262;634;1;1;1;634;1;0.028053;0.078178;582;203;0.061776
"Graphics.Blit";0.052018;0.032602;0.0845;571;166;496;6;7;2.23008197918534;0.05186237;0.038052;0.057228;86;2;2;2;43;1;0.016281;0.04227;166;496;0
"Inl_Setup Light Constants";0.051177;0.029516;0.078608;612;523;247;9;9;30.2047429159284;0.04764155;0.035657;0.054543;634;1;1;1;634;1;0.029516;0.078608;523;247;0.054543
"Inl_Bloom";0.048561;0.02146;0.077145;83;582;61;8;8;27.1068869680166;0.04275534;0.025508;0.054062;634;1;1;1;634;1;0.02146;0.077145;582;61;0.054783
"Inl_Forward+ Setup";0.046518;0.023845;0.088356;183;220;567;9;9;27.8280309252441;0.04389279;0.034084;0.051487;634;1;1;1;634;1;0.023845;0.088356;220;567;0.04767
"Shadows.DrawSRPBatcher";0.044745;0.022041;0.074701;615;559;49;13;13;28.2737088743597;0.04459576;0.03725;0.052298;634;1;1;1;634;1;0.022041;0.074701;559;49;0.055364
"MoonsAndStars.Planets.dll!MoonsAndStars.Assets.Code.Scripts.Planets::LodCalculator.CheckVisiblePlanets() [Coroutine: MoveNext] [Invoke]";0.044103;0.03152;0.162857;264;251;87;5;5;5.20939198881388;0.05370507;0.039274;0.059122;97;1;1;1;97;1;0.03152;0.162857;251;87;0
"EarlyUpdate.PollPlayerConnection";0.040316;0.012885;0.105258;423;367;485;3;3;26.6616569114849;0.04205308;0.025899;0.056437;634;1;1;1;634;1;0.012885;0.105258;367;485;0.024306
"CullResults.CreateSharedRendererScene";0.040306;0.020449;0.135195;520;261;528;8;8;25.3223399184644;0.0399406;0.030197;0.045636;634;1;1;1;634;1;0.020449;0.135195;261;528;0.042209
"RG_BloomDownsample";0.039444;0.022863;0.09535;329;568;72;10;10;22.7603749409318;0.03589965;0.024867;0.043001;634;1;1;1;634;1;0.022863;0.09535;568;72;0.041578
"Inl_UpdateVolumeFramework";0.03746;0.016491;0.072366;173;523;24;6;6;21.164969895035;0.03338323;0.024195;0.039364;634;1;1;1;634;1;0.016491;0.072366;523;24;0.038854
"SSAO";0.033854;0.018304;0.053411;387;524;173;9;9;19.8972009606659;0.0313836;0.023885;0.036739;634;1;1;1;634;1;0.018304;0.053411;524;173;0.038032
"VolumeManager.Update";0.033723;0.015239;0.063199;565;523;24;7;7;19.0265739373863;0.03001037;0.02113;0.035457;634;1;1;1;634;1;0.015239;0.063199;523;24;0.035186
"Inl_UniversalRenderPipeline.ComputeShadowCasterCullingInfos";0.033092;0.022733;0.055675;565;516;567;7;7;21.458365932107;0.033846;0.030447;0.036198;634;1;1;1;634;1;0.022733;0.055675;516;567;0.033824
"MoonsAndStars.Planets.dll!MoonsAndStars.Assets.Code.Scripts.Planets::PlanetColorizer.Update() [Invoke]";0.032322;0.019978;0.132921;537;384;347;5;5;24.2683039810508;0.03827808;0.027723;0.042108;3170;5;5;5;634;1;0.002976;0.043752;429;207;0.037721
"EndRenderQueueExtraction";0.031329;0.018285;0.124404;156;334;528;8;9;20.7547539602965;0.0327362;0.026589;0.036228;1268;2;2;2;634;1;0.002395;0.116689;269;528;0.035266
"Inl_NRPRGComp_ExecuteInitializeResources";0.030999;0.014269;0.052448;304;524;602;8;8;17.2024597385898;0.02713322;0.017403;0.033263;12680;20;20;20;634;1;2E-05;0.027071;1;247;0.032751
"RenderLoop.Draw";0.029395;0.01568;0.051066;42;524;254;12;12;17.1510269381106;0.02705209;0.019116;0.03211;634;1;1;1;634;1;0.01568;0.051066;524;254;0.038813
"Inl_Blit Color LUT";0.028414;0.012924;0.057278;172;524;342;8;8;16.0161249479279;0.02526203;0.016471;0.030537;634;1;1;1;634;1;0.012924;0.057278;524;342;0.031139
"FixedUpdate.ScriptRunBehaviourFixedUpdate";0.027271;0.01616;0.082165;234;595;197;3;3;15.9776770025492;0.03037581;0.023074;0.038803;529;1;1;2;526;1;0.002154;0.082165;1;197;0.039855
"CullSendEvents";0.02658;0.00487;0.057698;553;248;245;9;9;17.3479579733685;0.02736271;0.02128;0.032301;634;1;1;1;634;1;0.00487;0.057698;248;245;0.046618
"SRPBRender.ApplyShader";0.026541;0.013937;0.078848;571;523;35;13;13;15.8920029746369;0.02506625;0.016782;0.030828;1268;2;2;2;634;1;0.002635;0.070583;243;35;0.03709
"Inl_ColorGradingLUT";0.026159;0.012093;0.054773;508;524;342;9;9;14.7823059642687;0.02331594;0.015118;0.028183;634;1;1;1;634;1;0.012093;0.054773;524;342;0.028934
"FixedBehaviourUpdate";0.026149;0.01557;0.080141;519;304;197;4;4;15.3251409716904;0.02913525;0.022172;0.037421;529;1;1;2;526;1;0.002044;0.080141;1;197;0.038763
"Inl_NRPRGComp_ExecuteBeginRenderpassCommand";0.025917;0.013987;0.044705;187;269;603;8;8;14.9580229427665;0.0235931;0.016931;0.027513;4438;7;7;7;634;1;0.000852;0.02648;157;628;0.027353
"Inl_RG_BloomDownsample";0.025528;0.01069;0.039995;384;582;291;9;9;14.0620349859819;0.02217987;0.012844;0.028103;634;1;1;1;634;1;0.01069;0.039995;582;291;0.029526
"Inl_Forward+ Upload";0.023414;0.013876;0.042911;290;405;119;10;10;14.2249749554321;0.02243687;0.016602;0.025358;634;1;1;1;634;1;0.013876;0.042911;405;119;0.026189
"CullAllVisibleLights";0.02093;0.009558;0.054363;92;269;245;9;9;12.7855719681829;0.02016652;0.015129;0.022743;634;1;1;1;634;1;0.009558;0.054363;269;245;0.020268
"Inl_NRPRGComp_ExecuteDestroyResources";0.020767;0.012691;0.036137;4;568;540;8;8;12.399426127784;0.01955745;0.014416;0.022301;12680;20;20;20;634;1;6E-05;0.019436;1;540;0.021533
"Shadows.PrepareDrawShadows";0.020509;0.011562;0.043182;564;269;488;7;7;13.1385019328445;0.02072319;0.016661;0.023094;1268;2;2;2;634;1;0.003176;0.029256;269;336;0.023133
"Assembly-CSharp.dll!MoonsAndStars.Assets.Code.Scripts.Players.Input::ShipController.FixedUpdate() [Invoke]";0.020369;0.012273;0.065864;527;304;500;5;5;12.0935999611393;0.02299163;0.017373;0.029135;529;1;1;2;526;1;0.001533;0.065864;1;500;0.03149
"RG_BloomUpsample";0.019677;0.011501;0.037941;600;261;367;10;10;11.5374089954421;0.01819781;0.012864;0.02127;634;1;1;1;634;1;0.011501;0.037941;261;367;0.024746
"PreUpdate.SendMouseEvents";0.019407;0.011071;0.092715;111;595;207;3;3;13.7528319619596;0.02169216;0.016411;0.022893;634;1;1;1;634;1;0.011071;0.092715;595;207;0.019537
"Monobehaviour.OnMouse_";0.019196;0.01095;0.091994;111;595;207;4;4;13.6055669505149;0.02145988;0.01626;0.022673;634;1;1;1;634;1;0.01095;0.091994;595;207;0.019337
"SRPBShadow.ApplyShader";0.019096;0.008836;0.040386;449;559;49;14;14;11.71184596885;0.01847294;0.012754;0.022563;634;1;1;1;634;1;0.008836;0.040386;559;49;0.021089
"Physics.OverlapSphere";0.018314;0.012092;0.064842;264;251;87;6;6;2.12784699723125;0.02193657;0.016211;0.024887;97;1;1;1;97;1;0.012092;0.064842;251;87;0
"UnityEngine.InputLegacyModule.dll!UnityEngine::SendMouseEvents.DoSendMouseEvents() [Invoke]";0.018284;0.010419;0.088427;558;595;207;5;5;12.9923699703068;0.0204927;0.015439;0.021721;634;1;1;1;634;1;0.010419;0.088427;595;207;0.017593
"Inl_RG_BloomUpsample";0.018134;0.007594;0.039836;42;523;41;9;9;10.3022439745255;0.0162496;0.010059;0.020398;634;1;1;1;634;1;0.007594;0.039836;523;41;0.020488
"Application.FlushRenderStats";0.017773;0.009187;0.101721;264;269;1;2;2;12.4248049631715;0.01959748;0.012934;0.022582;634;1;1;1;634;1;0.009187;0.101721;269;1;0.020739
"Blit Color LUT";0.017583;0.009237;0.065052;448;221;49;9;9;10.6466869767755;0.01679288;0.011562;0.019507;634;1;1;1;634;1;0.009237;0.065052;221;49;0.018595
"DrawSkybox";0.017203;0.009558;0.03159;452;523;248;9;9;10.1501669799909;0.01600973;0.011241;0.018806;634;1;1;1;634;1;0.009558;0.03159;523;248;0.020628
"CopyColor";0.017083;0.009427;0.042689;194;502;5;9;10;9.86147395893931;0.01555438;0.01077;0.018556;1268;2;2;2;634;1;0.004508;0.02168;502;5;0.023063
"ColorGradingLUT";0.016742;0.008827;0.063991;290;221;49;10;10;10.1882909843698;0.01606986;0.011031;0.018695;634;1;1;1;634;1;0.008827;0.063991;221;49;0.017793
"Profiler.CollectLegacyStats";0.01635;0.008295;0.040567;508;251;44;2;2;11.154163967818;0.01759332;0.013295;0.02124;634;1;1;1;634;1;0.008295;0.040567;251;44;0.033223
"Inl_UniversalRenderPipeline.CreateRenderingData";0.01587;0.007524;0.046588;341;452;227;7;7;9.96843296661973;0.01572308;0.012063;0.018575;634;1;1;1;634;1;0.007524;0.046588;452;227;0.014738
"DrawScreenSpaceUI";0.015258;0.008286;0.03167;60;3;158;9;9;9.43654894642532;0.01488415;0.011362;0.017272;1268;2;2;2;634;1;0.003256;0.022993;3;158;0.01592
"UnityEngine.CoreModule.dll!::UpdateFunction.Invoke() [Invoke]";0.015209;0.008917;0.059303;548;236;51;4;4;10.3425638983026;0.01631319;0.012062;0.019707;5601;9;8;10;634;1;0.0004;0.041479;334;51;0.021199
"Inl_ComputeHashRenderGraph";0.015099;0.008556;0.026059;389;524;603;7;7;9.01688696444035;0.01422222;0.010409;0.015629;634;1;1;1;634;1;0.008556;0.026059;524;603;0.015409
"Camera.RenderSkybox";0.014959;0.008305;0.029736;60;523;248;10;10;8.82324298098683;0.01391679;0.009688;0.016381;634;1;1;1;634;1;0.008305;0.029736;523;248;0.018044
"Graphics.DrawProcedural";0.01495;0.009416;0.029046;1;524;595;10;11;8.95327991340309;0.01412189;0.010703;0.016259;14582;23;23;23;634;1;0.00021;0.014828;67;537;0.01593
"BatchRenderer.Flush";0.014728;0.006842;0.034325;57;523;119;13;13;8.49274497618899;0.0133955;0.009027;0.016582;634;1;1;1;634;1;0.006842;0.034325;523;119;0.023524
"Physics.FetchPhysXResults";0.014647;0.008356;0.075031;89;304;121;7;7;8.65223697200418;0.01644912;0.011973;0.018354;529;1;1;2;526;1;0.001834;0.075031;1;121;0.013446
"Profiler.FlushCountersWithFlushOnEndOfFrame";0.013495;0.005661;0.059292;410;333;121;2;2;11.9928679727018;0.0189162;0.008867;0.028464;634;1;1;1;634;1;0.005661;0.059292;333;121;0.015129
"Inl_UniversalRenderPipeline.CreateCameraData";0.013275;0.006943;0.036519;352;523;515;6;6;7.99755895743147;0.01261445;0.009989;0.014287;634;1;1;1;634;1;0.006943;0.036519;523;515;0.013675
"Inl_RenderPipeline.EndCameraRendering";0.013165;0.007374;0.027371;536;399;543;6;6;7.82587296469137;0.01234365;0.008957;0.014467;634;1;1;1;634;1;0.007374;0.027371;399;543;0.013746
"Idle";0.012975;0.000621;0.081213;196;329;528;11;14;0.798004002310336;0.01773342;0.001533;0.023765;45;1;1;1;45;13;0.000621;0.081213;329;528;0
"PostLateUpdate.UpdateAudio";0.012754;0.00543;0.069991;498;7;559;3;3;9.74765897961333;0.01537486;0.01069;0.016511;634;1;1;1;634;1;0.00543;0.069991;7;559;0.014959
"Inl_Setup Camera Properties";0.012553;0.007174;0.024837;50;293;228;8;8;7.35196398105472;0.01159616;0.008104;0.013295;1268;2;2;2;634;1;0.001733;0.021431;467;571;0.012694
"Inl_SSAO";0.012473;0.005791;0.024837;36;222;633;8;8;7.24009697139263;0.01141971;0.007274;0.014167;634;1;1;1;634;1;0.005791;0.024837;222;633;0.013996
"UnityEngine.IMGUIModule.dll!UnityEngine::GUIUtility.SetSkin() [Invoke]";0.012063;0.008776;0.045146;622;348;180;3;3;8.24033397994936;0.01299737;0.01086;0.013977;634;1;1;1;634;1;0.008776;0.045146;348;180;0.020779
"Physics.SwapPhysXBuffersJob";0.011772;0.006241;0.064221;69;581;121;8;8;6.96786896698177;0.0132469;0.009558;0.014888;529;1;1;2;526;1;0.001463;0.064221;1;121;0.01044
"FixedUpdate.Physics2DFixedUpdate";0.011702;0.007103;0.046869;239;326;115;3;3;6.70666097057983;0.01275031;0.009588;0.013856;529;1;1;2;526;1;0.001654;0.046869;1;115;0.01596
"Shadows.ExtractShaderPassContext";0.011652;0.004029;0.030657;103;606;608;13;13;6.58252797182649;0.01038254;0.006052;0.013497;2536;4;4;4;634;1;0.000581;0.022763;403;40;0.013247
"AudioManager.Update";0.011632;0.004829;0.065714;112;7;559;4;4;8.86631298158318;0.01398472;0.009589;0.014938;634;1;1;1;634;1;0.004829;0.065714;7;559;0.014167
"Inl_Draw Main Light Shadowmap";0.011501;0.006322;0.028864;349;269;450;8;8;6.60702898586169;0.01042118;0.007133;0.012102;634;1;1;1;634;1;0.006322;0.028864;269;450;0.012063
"Setup Camera Properties";0.011481;0.006672;0.040116;177;559;150;9;9;7.45191798033193;0.01175381;0.009728;0.013375;1268;2;2;2;634;1;0.001403;0.027362;385;150;0.013867
"BeginRenderQueueExtraction";0.01112;0.00572;0.028963;298;523;140;8;9;6.8981649838388;0.01088039;0.007885;0.012694;1268;2;2;2;634;1;0.002424;0.022722;523;140;0.011202
"EarlyUpdate.PhysicsResetInterpolatedTransformPosition";0.011001;3E-05;0.032672;311;2;377;3;3;6.80771097089382;0.01073771;0.008686;0.014928;634;1;1;1;634;1;3E-05;0.032672;2;377;0.017513
"Setup Forward Lights";0.010901;0.006072;0.022232;462;498;595;9;9;6.82384898373857;0.01076317;0.008005;0.012744;634;1;1;1;634;1;0.006072;0.022232;498;595;0.012513
"Inl_CompileRenderGraph";0.01082;0.005811;0.027953;50;524;356;7;7;6.26990998070687;0.009889448;0.006702;0.011451;634;1;1;1;634;1;0.005811;0.027953;524;356;0.011612
"Render.Mesh";0.01078;0.005059;0.02001;323;523;632;14;14;6.37622997583821;0.01005714;0.006882;0.012515;3804;6;6;6;634;1;0.000471;0.011071;524;117;0.019367
"RG_UberPost";0.01064;0.005631;0.020148;513;516;488;9;9;6.14803698658943;0.009697219;0.006462;0.011672;634;1;1;1;634;1;0.005631;0.020148;516;488;0.011872
"EditorConnection.CheckForIncomingConnections";0.010239;0.00512;0.051627;132;560;31;5;5;6.7180269821547;0.01059626;0.008396;0.012093;634;1;1;1;634;1;0.00512;0.051627;560;31;0.010861
"Inl_UniversalRenderPipeline.InitializeAdditionalCameraData";0.010189;0.004799;0.032601;575;523;24;6;6;5.98676398955286;0.009442845;0.007224;0.01071;634;1;1;1;634;1;0.004799;0.032601;523;24;0.010229
"Profiler.CollectPhysicsStats";0.009689;0.005351;0.030888;95;499;377;4;4;5.67771599022672;0.01079414;0.008155;0.013174;526;1;1;1;526;1;0.005351;0.030888;499;377;0.014568
"Image.AllocateImageData";0.009518;0.007804;0.014106;106;16;1;6;6;0.101782000623643;0.0101782;0.008687;0.01037;10;1;1;1;10;1;0.007804;0.014106;16;1;0
"Unity.RenderPipelines.Core.Runtime.dll!UnityEngine.Rendering::DebugUpdater.Update() [Invoke]";0.009358;0.006001;0.04793;259;348;3;5;5;7.1759929927066;0.0113186;0.007865;0.012043;634;1;1;1;634;1;0.006001;0.04793;348;3;0.014738
"Inl_MainLightShadow";0.009228;0.005159;0.02637;124;269;450;9;9;5.27405698690563;0.008318702;0.005621;0.009688;634;1;1;1;634;1;0.005159;0.02637;269;450;0.009538
"RG_BloomPrefilter";0.009167;0.00501;0.021491;245;399;183;10;10;5.30990299256518;0.008375241;0.005741;0.010039;634;1;1;1;634;1;0.00501;0.021491;399;183;0.011381
"PrepareSceneNodes";0.009067;0.003236;0.028754;604;275;201;9;9;5.05150099517778;0.007967667;0.004829;0.009668;634;1;1;1;634;1;0.003236;0.028754;275;201;0.009448
"Inl_ScriptableRenderer.SetPerCameraShaderVariables";0.008467;0.005009;0.018956;367;293;228;9;9;5.09280898422003;0.008032822;0.005801;0.009045999;1268;2;2;2;634;1;0.001203;0.016551;467;571;0.008556
"PostLateUpdate.PlayerUpdateCanvases";0.008466;0.0053;0.047569;41;261;86;3;3;6.81542398640886;0.01074988;0.007274;0.011512;634;1;1;1;634;1;0.0053;0.047569;261;86;0.011792
"Inl_RG_UberPostSetupBloomPass";0.008335;0.004058;0.02652;93;223;59;9;9;5.10973200481385;0.008059514;0.006753;0.008766;634;1;1;1;634;1;0.004058;0.02652;223;59;0.008366
"UnityEngine.UI.dll!UnityEngine.EventSystems::EventSystem.Update() [Invoke]";0.008205;0.004959;0.056056;65;474;22;5;5;5.80155998142436;0.009150726;0.006733;0.009879;634;1;1;1;634;1;0.004959;0.056056;474;22;0.009558
"PlayerEndOfFrame";0.007875;0.002144;0.733812;237;3;16;3;3;20.3018269147724;0.03202181;0.005991;0.008767;634;1;1;1;634;1;0.002144;0.733812;3;16;0.004308
"VolumeManager.ReplaceData";0.007774;0.003526;0.02656;169;269;590;8;8;4.4346629884094;0.006994736;0.004468;0.008265;634;1;1;1;634;1;0.003526;0.02656;269;590;0.008236
"Inl_UniversalRenderPipeline.SetupPerCameraShaderConstants";0.007644;0.003497;0.025678;153;523;459;7;7;4.44990799063817;0.007018782;0.005069;0.008135;634;1;1;1;634;1;0.003497;0.025678;523;459;0.007864
"Audio.FMODSystemUpdate";0.007575;0.002936;0.053821;211;7;559;5;5;5.78792098560371;0.009129213;0.006222;0.009778;634;1;1;1;634;1;0.002936;0.053821;7;559;0.0102
"UpdateReflectionProbeAtlas";0.007484;0.003988;0.01607;407;498;595;10;10;4.73498997697607;0.007468438;0.005691;0.008567;634;1;1;1;634;1;0.003988;0.01607;498;595;0.008286
"EditorResources.Load";0.007414;0.005561;0.030868;584;586;180;4;4;5.07683298410848;0.008007623;0.006792;0.008376;634;1;1;1;634;1;0.005561;0.030868;586;180;0.009397
"Profiler.CollectAudioStats";0.007293;0.003056;0.028224;622;251;488;3;3;5.05247797630727;0.007969208;0.00556;0.009648;1268;2;2;2;634;1;0.001072;0.022242;251;488;0.01633
"Physics.PublishResultsStage";0.007243;0.004078;0.026129;532;504;192;4;4;4.13686298253015;0.007864758;0.005911;0.008686;529;1;1;2;526;1;0.001212;0.026129;1;192;0.007965
"EarlyUpdate.InsightsUpdate";0.007063;0.002855;0.03701;168;580;382;3;3;5.02073497697711;0.00791914;0.00545;0.010119;634;1;1;1;634;1;0.002855;0.03701;580;382;0.010951
"Inl_RG_BloomSetup";0.007003;0.003297;0.018986;505;269;64;9;9;4.2363169924356;0.006681888;0.00551;0.007484;634;1;1;1;634;1;0.003297;0.018986;269;64;0.007594
"PrepareSceneCullingParameters";0.006833;0.003076;0.023173;199;3;137;8;8;4.05613499484025;0.006397689;0.004589;0.007314;634;1;1;1;634;1;0.003076;0.023173;3;137;0.006993
"UIEvents.WillRenderCanvases";0.006812;0.004108;0.039544;544;261;86;4;4;5.45885100448504;0.008610175;0.005841;0.009097;634;1;1;1;634;1;0.004108;0.039544;261;86;0.009488
"Shadows.CullDirectionalShadowCasters";0.006633;0.003266;0.025368;604;269;91;10;10;4.09382999083027;0.006457145;0.004989;0.007234;634;1;1;1;634;1;0.003266;0.025368;269;91;0.006462
"Inl_RG_UberPost";0.006562;0.003857;0.021571;329;243;121;8;8;4.02318697818555;0.006345721;0.004739;0.007194;634;1;1;1;634;1;0.003857;0.021571;243;121;0.007293
"UGUI.Rendering.UpdateBatches";0.006533;0.003877;0.039174;38;261;86;5;5;5.25432099588215;0.008287572;0.00556;0.008747;634;1;1;1;634;1;0.003877;0.039174;261;86;0.009258
"Inl_UniversalRenderPipeline.CreateShadowData";0.006432;0.002916;0.026581;349;223;332;8;8;4.21086099254899;0.006641737;0.00506;0.007814;634;1;1;1;634;1;0.002916;0.026581;223;332;0.006102
"FixedUpdate.NewInputFixedUpdate";0.006362;0.004228;0.027432;551;499;206;3;3;3.72065699007362;0.007073492;0.005691;0.007474;529;1;1;2;526;1;0.003267;0.027432;1;206;0.006301
"MoonsAndStars.Planets.dll!MoonsAndStars.Assets.Code.Scripts.Planets::LodCalculator.CheckLodOnPlanets() [Coroutine: MoveNext] [Invoke]";0.006221;0.003347;0.014267;172;377;94;5;5;0.645030998624861;0.006649804;0.005149;0.007915;97;1;1;1;97;1;0.003347;0.014267;377;94;0
"Inl_Initialize Frame";0.006211;0.003507;0.022833;170;524;72;8;8;3.68532097735442;0.005812809;0.004147;0.006623;634;1;1;1;634;1;0.003507;0.022833;524;72;0.006622
"Material.SetPassFast";0.006081;0.002966;0.0217;134;523;248;11;11;3.49929499067366;0.005519393;0.003606;0.006803;634;1;1;1;634;1;0.002966;0.0217;523;248;0.007224
"Profiler.SessionMetadata";0.006020001;0.006020001;0.013037;2;2;1;1;1;0.0190570005215704;0.0095285;0.006020001;0.006020001;28;14;14;14;2;1;7E-05;0.002625;1;1;0
"Inl_CopyColor";0.005962;0.002935;0.020608;432;578;76;8;9;3.58335398766212;0.005651978;0.003757;0.006853;1268;2;2;2;634;1;0.001142;0.01082;578;76;0.007364
"FrameEvents.NewInputBeforeRenderUpdate";0.005961;0.000871;0.023915;511;3;56;3;3;3.38828598859254;0.0053443;0.003567;0.006592;634;1;1;1;634;1;0.000871;0.023915;3;56;0.006482
"StdRender.ApplyShader";0.005881;0.002926;0.020329;170;442;254;13;13;3.39273098576814;0.005351311;0.003566;0.006452;634;1;1;1;634;1;0.002926;0.020329;442;254;0.006161
"EarlyUpdate.ProcessRemoteInput";0.005771;0.002816;0.028283;314;147;35;3;3;3.99000798887573;0.006293388;0.004679;0.007394;634;1;1;1;634;1;0.002816;0.028283;147;35;0.007735
"LowLevelPhysics2D.PhysicsWorld.SimulateBatch";0.005751;3E-05;0.028754;343;8;541;4;4;3.64599604891919;0.005750782;0.004619;0.007144;1163;2;1;3;634;1;2E-05;0.028724;3;541;0.008876001
"PreLateUpdate.ParticleSystemBeginUpdateAll";0.00571;0.003597;0.024476;439;548;26;3;3;4.18847498181276;0.006606427;0.004829;0.006763;634;1;1;1;634;1;0.003597;0.024476;548;26;0.006001
"ProcessRemoteInput";0.005691;0.002775;0.027652;420;147;35;4;4;3.90307498630136;0.00615627;0.004608;0.007194;634;1;1;1;634;1;0.002775;0.027652;147;35;0.007545
"EngineJob";0.005521;0.000231;0.037309;633;1;105;10;14;4.48603001119045;0.007378339;0.003188;0.008898;3078;5;1;12;608;1;6E-05;0.033273;38;343;0.023333
"UnityEngine.InputModule.dll!UnityEngineInternal.Input::NativeInputSystem.ShouldRunUpdate() [Invoke]";0.00549;0.001904;0.025037;185;552;56;4;4;3.39791898848489;0.005359494;0.003898;0.006352;1797;3;2;4;634;1;0.0002;0.022392;504;56;0.006101
"ParticleSystem.Update";0.005421;0.003356;0.022683;93;548;26;4;4;3.97728798398748;0.006273325;0.004539;0.006472;634;1;1;1;634;1;0.003356;0.022683;548;26;0.00576
"LowLevelPhysics2D.PhysicsWorld.Simulate";0.00539;0.003116;0.027462;384;326;541;5;5;3.1728269897867;0.006031991;0.004458;0.006603;529;1;1;2;526;1;0.000791;0.027462;1;541;0.008035
"EditorConnection.PollAllCustomMessages";0.0053;0.001423;0.034284;297;1;96;5;5;3.5286469826242;0.005565689;0.002965;0.007454;634;1;1;1;634;1;0.001423;0.034284;1;96;0.002625
"afterCullingOutputReady.Invoke";0.00519;0.003136;0.015599;106;523;343;8;10;3.42468799022026;0.005401716;0.004309;0.006222;1268;2;2;2;634;1;0.000801;0.014597;425;343;0.005491
"GUI.Repaint";0.005159;0.002795;0.02095;90;578;158;10;10;3.41468799160793;0.005385943;0.004158;0.006172;634;1;1;1;634;1;0.002795;0.02095;578;158;0.006052
"TimeUpdate.WaitForLastPresentationAndUpdateTime";0.00503;0.002375;0.018775;226;522;72;3;3;3.59612298570573;0.005672118;0.003978;0.007053;634;1;1;1;634;1;0.002375;0.018775;522;72;0.007343
"FixedUpdate.AudioFixedUpdate";0.00492;0.002455;0.017884;307;595;279;3;3;2.82201099349186;0.00536504;0.004018;0.006312;529;1;1;2;526;1;0.000641;0.017884;1;279;0.008325
"Inl_Setup Main Shadowmap";0.004899;0.002054;0.023554;17;524;368;9;9;2.88241099193692;0.004546389;0.003006;0.00529;634;1;1;1;634;1;0.002054;0.023554;524;368;0.004728
"Inl_UpdateReflectionProbeAtlas";0.004829;0.002494;0.007855;564;415;419;10;10;2.74074699985795;0.004322945;0.002845;0.00509;634;1;1;1;634;1;0.002494;0.007855;415;419;0.005
"PhysX.ScScene.postBroadPhase2";0.004718;0.003026;0.033282;322;261;129;7;7;2.66245399974287;0.0050617;0.003978;0.00553;529;1;1;2;526;1;0.003026;0.033282;261;129;0.00508
"InputSystemPlayerLoopRunnerInitializationSystem";0.004599;0.002395;0.024656;495;550;39;3;3;3.20498498994857;0.005055181;0.003577;0.006161;634;1;1;1;634;1;0.002395;0.024656;550;39;0.006923
"LowLevelPhysics2D.PhysicsWorld.RenderWorlds";0.004489;0.002144;0.017042;429;269;543;7;7;2.62413799320348;0.004139019;0.002955;0.00489;634;1;1;1;634;1;0.002144;0.017042;269;543;0.004518
"AssetDatabase.GetGUIDFromAssetPathV2";0.004479;0.003247;0.019758;155;629;180;5;5;3.07624599151313;0.004852123;0.004138;0.004979;1268;2;2;2;634;1;0.000702;0.016291;577;180;0.006112
"Profiler.FlushRenderCounters";0.004369;0.002415;0.036589;84;333;179;3;3;3.253359985305;0.005131483;0.003286;0.00504;634;1;1;1;634;1;0.002415;0.036589;333;179;0.00527
"Physics.Raycast";0.004328;0.002374;0.03207;165;572;207;6;6;3.38749899738468;0.005343058;0.003436;0.005621;634;1;1;1;634;1;0.002374;0.03207;572;207;0.004318
"Inl_UniversalRenderPipeline.InitializeStackedCameraData";0.004298;0.002234;0.019507;499;523;377;7;7;2.68324799183756;0.004232252;0.003376;0.004699;634;1;1;1;634;1;0.002234;0.019507;523;377;0.004549
"AudioManager.FixedUpdate";0.004278;0.002064;0.01576;197;595;279;4;4;2.46201498969458;0.004680637;0.003486;0.005461;529;1;1;2;526;1;0.000521;0.01576;1;279;0.007053
"Profiler.ScreenshotUpdate";0.004238;0.00039;0.729484;158;11;16;4;4;18.2051560362452;0.02871476;0.003556;0.004809;634;1;1;1;634;1;0.00039;0.729484;11;16;0.000761
"Inl_UniversalRenderPipeline.CreateLightData";0.004178;0.001953;0.027702;184;223;227;8;8;2.80301298922859;0.004421156;0.003266;0.00527;634;1;1;1;634;1;0.001953;0.027702;223;227;0.004389
"PreLateUpdate.UIElementsUpdatePanels";0.004168;0.002575;0.017423;418;521;30;3;3;2.99806399084628;0.004728808;0.003447;0.005029;634;1;1;1;634;1;0.002575;0.017423;521;30;0.004599
"PhysX.FinalizeUpdateTask";0.004158;0.002494;0.026439;471;556;246;7;7;2.48250299296342;0.004719588;0.003496;0.00527;529;1;1;2;526;1;0.001252;0.026439;1;246;0.004378
"Physics.PrepareSimulationStage";0.004088;0.002554;0.017403;355;295;485;4;4;2.40726199024357;0.004576544;0.003417;0.00539;529;1;1;2;526;1;0.000691;0.017403;1;485;0.004919
"PhysX.NpScene.execution";0.004007;0.002275;0.015008;374;276;485;7;7;2.41595899523236;0.004593078;0.003276;0.005491;529;1;1;2;526;1;0.00021;0.015008;385;485;0.004879
"RenderingCommandBuffer.PrepareKeywords";0.003916001;0.002052999;0.021461;18;524;367;10;11;2.3415911202319;0.003693361;0.002573;0.004548999;14582;23;23;23;634;1;3E-05;0.017002;4;367;0.004959
"Audibility computation";0.003878;0.000561;0.040486;324;314;559;6;6;2.89431399083696;0.004565164;0.003045;0.0052;634;1;1;1;634;1;0.000561;0.040486;314;559;0.00561
"EarlyUpdate.UpdatePreloading";0.003797;0.002064;0.025708;200;448;324;3;3;2.61364698805846;0.004122471;0.003005;0.004839;634;1;1;1;634;1;0.002064;0.025708;448;324;0.005511
"NetworkInitialization";0.003757;0.001954;0.04249;561;556;51;3;3;2.76724098948762;0.004364734;0.002966;0.00545;634;1;1;1;634;1;0.001954;0.04249;556;51;0.005851
"ReflectionProbeAnchorManagerUpdate";0.003747;0.001452;0.020238;139;269;150;8;10;2.29106298519764;0.003613664;0.002505;0.004207;1902;3;3;3;634;1;0.0001;0.019186;52;150;0.003837
"DestroyCullResults";0.003687;0.002164;0.011892;90;324;303;3;3;2.3512139976956;0.00370854;0.002805;0.004268;634;1;1;1;634;1;0.002164;0.011892;324;303;0.003817
"Unity.RenderPipelines.Core.Runtime.dll!UnityEngine.Rendering::Volume.Update() [Invoke]";0.003657;0.002084;0.016421;587;595;381;5;5;2.60182399093173;0.004103823;0.003066;0.004328;634;1;1;1;634;1;0.002084;0.016421;595;381;0.004398
"Update.ScriptRunDelayedTasks";0.003637;0.002104;0.017733;436;222;120;3;3;2.68449999159202;0.004234227;0.003046;0.004519;634;1;1;1;634;1;0.002104;0.017733;222;120;0.009558
"Loading.UpdatePreloading";0.003607;0.001874;0.025668;175;257;324;4;4;2.48671199311502;0.003922259;0.002845;0.004568;634;1;1;1;634;1;0.001874;0.025668;257;324;0.00524
"Assembly-CSharp.dll!MoonsAndStars.Assets.Code.Scripts.Players.Input::ShipController.Update() [Invoke]";0.003607;0.002074;0.022833;381;344;386;5;5;2.63182999286801;0.004151152;0.002955;0.004298;634;1;1;1;634;1;0.002074;0.022833;344;386;0.004078
"PhysX.UpdateContinuationTask";0.003547;0.002194;0.018926;175;604;335;7;7;2.05433699395508;0.003905584;0.002915;0.004448;529;1;1;2;526;1;0.001533;0.018926;1;335;0.003687
"Physics.SendEvents";0.003427;0.002024;0.012113;601;276;506;5;5;2.05441799131222;0.003905738;0.002935;0.004299;529;1;1;2;526;1;0.000741;0.012113;1;506;0.003838
"Initialization.DirectorSampleTime";0.003346;0.001443;0.023965;255;400;467;3;3;2.35650599363726;0.003716887;0.002515;0.004609;634;1;1;1;634;1;0.001443;0.023965;400;467;0.005841
"UnityEngine.UIElementsModule.dll!UnityEngine.UIElements::UIElementsRuntimeUtilityNative.UpdatePanels() [Invoke]";0.003306;0.002074;0.014918;169;251;509;4;4;2.42864299169742;0.003830667;0.002746;0.004128;634;1;1;1;634;1;0.002074;0.014918;251;509;0.003607
"Physics.SyncTransforms";0.003247;0.002074;0.014488;55;295;485;5;5;1.92992099421099;0.003669051;0.002725;0.004298;529;1;1;2;526;1;0.000611;0.014488;1;485;0.003927
"PhysX.ScScene.updateDynamics";0.003246;0.001563;0.015479;203;578;148;7;7;1.9630309920758;0.003731998;0.002454;0.004258;529;1;1;2;526;1;0.00025;0.015479;222;148;0.004329
"PostLateUpdate.MemoryFrameMaintenance";0.003186;0.001913;0.015138;410;452;512;3;3;2.36702899483498;0.003733484;0.002665;0.003807;634;1;1;1;634;1;0.001913;0.015138;452;512;0.003878
"Physics.ReadTransforms";0.003166;0.001754;0.01549;477;504;620;5;5;1.84933099837508;0.003515838;0.002514;0.003997;529;1;1;2;526;1;0.000401;0.01549;1;620;0.003757
"UnityEngine.CoreModule.dll!UnityEngine::UnitySynchronizationContext.ExecuteTasks() [Invoke]";0.003166;0.001814;0.015479;550;222;120;4;4;2.33461599284783;0.00368236;0.002575;0.003888;634;1;1;1;634;1;0.001814;0.015479;222;120;0.008947
"PhysX.ScScene.islandInsertion";0.003146;0.001422;0.013766;485;595;256;7;7;1.86108599277213;0.003538186;0.002475;0.004078;529;1;1;2;526;1;0.00021;0.013766;385;256;0.003667
"Inl_ScriptableRenderer.SetupCullingParameters";0.003126;0.001513;0.015429;458;523;550;7;7;1.86677499604411;0.00294444;0.002104;0.003406;634;1;1;1;634;1;0.001513;0.015429;523;550;0.003447
"Inl_ScriptableRenderer.AddRenderPasses";0.003056;0.001452;0.009348;73;523;282;7;7;1.85476499272045;0.002925497;0.002084;0.003326;634;1;1;1;634;1;0.001452;0.009348;523;282;0.003697
"PhysX.ScScene.destroyManagers";0.003046;0.001112;0.015248;168;582;1;7;7;1.73792499536648;0.00330404;0.002525;0.003747;529;1;1;2;526;1;0.001112;0.009427;582;1;0.002975
"Inl_UniversalRenderPipeline.SetupPerFrameShaderConstants";0.003016;0.001453;0.017623;473;226;114;5;5;1.85667399247177;0.002928508;0.002155;0.003367;634;1;1;1;634;1;0.001453;0.017623;226;114;0.003026
"EarlyUpdate.PlayerCleanupCachedData";0.002946;0.001303;0.012734;147;474;394;3;3;2.07715499680489;0.00327627;0.002264;0.004068;634;1;1;1;634;1;0.001303;0.012734;474;394;0.006773
"UnityEngine.CoreModule.dll!UnityEngine.Experimental.Rendering::ScriptableRuntimeReflectionSystemWrapper.Internal_ScriptableRuntimeReflectionSystemWrapper_TickRealtimeProbes() [Invoke]";0.002945;0.001713;0.027973;194;454;94;3;3;2.17413999210112;0.003429243;0.002385;0.003617;634;1;1;1;634;1;0.001713;0.027973;454;94;0.003687
"PreUpdate.WindUpdate";0.002935;0.001673;0.030327;69;387;79;3;3;2.13946999597829;0.003374558;0.002345;0.003477;634;1;1;1;634;1;0.001673;0.030327;387;79;0.003066
"PreUpdate.AIUpdate";0.002905;0.001423;0.027372;381;595;590;3;3;2.13699899264611;0.003370661;0.002375;0.003617;634;1;1;1;634;1;0.001423;0.027372;595;590;0.002885
"Director.SampleTime";0.002875;0.001293;0.023525;225;400;467;4;4;2.03045999142341;0.003202618;0.002184;0.004017;634;1;1;1;634;1;0.001293;0.023525;400;467;0.00516
"UnityEngine.InputModule.dll!UnityEngineInternal.Input::NativeInputSystem.NotifyBeforeUpdate() [Invoke]";0.002846;0.001913;0.009408;505;527;17;4;4;1.68629299267195;0.00320588;0.002505;0.003477;529;1;1;2;526;1;0.001553;0.009408;1;17;0.002445
"PhysX.PxsDynamics.solverSetupSolve";0.002825;0.001383;0.014127;178;595;588;7;7;1.66977299656719;0.003174473;0.002294;0.003447;529;1;1;2;526;1;0.000211;0.014127;1;588;0.003166
"EarlyUpdate.Physics2DEarlyUpdate";0.002816;0.001423;0.023905;520;595;382;3;3;1.99824199231807;0.003151801;0.002264;0.003546;634;1;1;1;634;1;0.001423;0.023905;595;382;0.002915
"RenderLoop.CleanupNodeQueue";0.002814;0.001913;0.011163;101;279;333;4;10;1.84739298268687;0.002913869;0.002344;0.003198;4438;7;7;7;634;1;7E-05;0.009618;28;634;0.002706
"Cleanup Unused Cached Data";0.002785;0.001242;0.012664;320;474;394;4;4;1.9597429925343;0.003091077;0.002134;0.003807;634;1;1;1;634;1;0.001242;0.012664;474;394;0.006212
"LowLevelPhysics2D.DrawWorld.CompileDrawResults";0.002775;0.001322;0.013214;79;257;206;8;8;1.65105899272021;0.002604194;0.001844;0.003066;634;1;1;1;634;1;0.001322;0.013214;257;206;0.002715
"UpdatePreloading";0.002745;0.001383;0.024196;587;257;324;5;5;1.9033849980915;0.003002184;0.002194;0.003516;634;1;1;1;634;1;0.001383;0.024196;257;324;0.003828
"UnityEngine.IMGUIModule.dll!UnityEngine::Event.Internal_MakeMasterEventCurrent() [Invoke]";0.002745;0.001172;0.018375;623;538;158;11;11;1.88274399389047;0.002969628;0.002225;0.003557;634;1;1;1;634;1;0.001172;0.018375;538;158;0.003407
"ApplyPass.PrepareKeywords";0.002696;0.001314;0.00551;174;524;459;12;15;1.68208299402613;0.002653128;0.001805;0.003256;3170;5;5;5;634;1;0.0001;0.004498;14;459;0.003106
"Inl_UniversalRenderPipeline.GetMainLightIndex";0.002685;0.001182;0.008246;92;3;247;9;9;1.80778599262703;0.002851397;0.002114;0.003366;634;1;1;1;634;1;0.001182;0.008246;3;247;0.002695
"CullShadowCastersScriptable";0.002675;0.001673;0.007915;64;26;147;7;7;1.82982899516355;0.002886166;0.002425;0.003106;634;1;1;1;634;1;0.001673;0.007915;26;147;0.002805
"PlayerCleanupCachedData";0.002675;0.001172;0.011151;361;474;394;5;5;1.86440099624451;0.002940696;0.002024;0.003666;634;1;1;1;634;1;0.001172;0.011151;474;394;0.005862
"WaitForRenderJobs";0.002665;0.001504;0.012183;460;334;130;3;5;1.72342899499927;0.002718342;0.002124;0.003035;1902;3;3;3;634;1;0.00012;0.009718;154;130;0.002956
"PreLateUpdate.AccessibilityUpdate";0.002635;0.001533;0.012934;460;344;287;3;3;1.96345999604091;0.00309694;0.002164;0.003156;634;1;1;1;634;1;0.001533;0.012934;344;287;0.003347
"PostLateUpdate.UpdateCustomRenderTextures";0.002625;0.001643;0.012323;61;444;349;3;3;1.93947499070782;0.003059109;0.002204;0.003186;634;1;1;1;634;1;0.001643;0.012323;444;349;0.003176
"FrameEvents.OnBeforeRenderCallback";0.002615;0.001152;0.02098;164;503;380;3;3;1.65046299633104;0.002603254;0.001924;0.002986;634;1;1;1;634;1;0.001152;0.02098;503;380;0.002986
"PhysX.ScScene.rigidBodyNarrowPhase";0.002585;0.001353;0.010159;330;37;115;7;7;1.53881899430417;0.002925511;0.002004;0.003527;529;1;1;2;526;1;0.00029;0.010159;222;115;0.003877
"PhysX.ScScene.advanceStep";0.002555;0.001343;0.012183;420;604;335;7;7;1.53177199768834;0.002912114;0.001924;0.003367;529;1;1;2;526;1;0.000321;0.012183;385;335;0.003207
"PostLateUpdate.UpdateAllRenderers";0.002484;0.001383;0.012493;68;601;133;3;3;1.81421299639624;0.002861535;0.001944;0.003105;634;1;1;1;634;1;0.001383;0.012493;601;133;0.003757
"SpeedTreeWindManager.Update";0.002465;0.001472;0.029004;616;586;79;4;4;1.82315599475987;0.00287564;0.001984;0.002926;634;1;1;1;634;1;0.001472;0.029004;586;79;0.002685
"Initialization.AsyncUploadTimeSlicedUpdate";0.002455;0.000992;0.024056;177;474;572;3;3;1.77928099525161;0.002806437;0.001854;0.003557;634;1;1;1;634;1;0.000992;0.024056;474;572;0.004188
"CullSceneDynamicObjects";0.002445;0.001764;0.022773;142;261;283;11;11;0.668243998661637;0.002905409;0.002164;0.003296;230;1;1;1;230;3;0.001764;0.022773;261;283;0
"Profiler.SerializeStats";0.002405;0.001182;0.009838;508;171;44;3;3;1.70912499330007;0.002695781;0.001913;0.003366;634;1;1;1;634;1;0.001182;0.009838;171;44;0.005521
"Physics.SendContactEvents";0.002385;0.001403;0.008425;160;276;506;6;6;1.41830699623097;0.002696401;0.001993;0.002955;529;1;1;2;526;1;0.000441;0.008425;1;506;0.002915
"MoonsAndStars.Planets.dll!MoonsAndStars.Assets.Code.Scripts.Planets::PlanetMeshGenerator.Update() [Invoke]";0.002346;0.001141;0.06341;176;452;508;5;5;6.20791396463756;0.009791662;0.001804;0.020588;3170;5;5;5;634;1;9E-05;0.03188;182;526;0.033152
"FindActiveLights";0.002334;0.000982;0.010029;111;399;250;10;10;1.35166299552657;0.002131961;0.001433;0.002495;634;1;1;1;634;1;0.000982;0.010029;399;250;0.002465
"EarlyUpdate.UpdateCanvasRectTransform";0.002325;0.001312;0.022682;148;308;159;3;3;1.72124099556822;0.002714891;0.001904;0.003036;634;1;1;1;634;1;0.001312;0.022682;308;159;0.003908
"Inl_ScriptableRenderer.ClearRenderingState";0.002264;0.001182;0.018465;145;634;72;9;9;1.36707899183966;0.002156276;0.001573;0.002484;634;1;1;1;634;1;0.001182;0.018465;634;72;0.002224
"PhysX.PxsDynamics.solverStart";0.002204;0.001182;0.025428;153;245;574;7;7;1.37413199944422;0.002612418;0.001763;0.002846;529;1;1;2;526;1;0.00023;0.025428;385;574;0.002354
"NetworkEarlyUpdate";0.002144;0.001011;0.021972;208;525;589;3;3;1.52511199505534;0.002405539;0.001703;0.002795;634;1;1;1;634;1;0.001011;0.021972;525;589;0.002504
"UnityEngine.CoreModule.dll!UnityEngine.Rendering::RenderPipelineManager.HandleRenderPipelineChange() [Invoke]";0.002124;0.001102;0.011131;234;223;199;3;3;1.39837199950125;0.002205634;0.001633;0.002464;1268;2;2;2;634;1;0.000401;0.01049;601;199;0.002355
"Physics2D.Simulate";0.002114;0.001122;0.008877;23;467;77;4;4;1.22436499642208;0.00232769;0.001663;0.002595;529;1;1;2;526;1;0.00036;0.008877;1;77;0.003166
"PreUpdate.InputForUIUpdate";0.002114;0.001243;0.008456;67;396;2;3;3;1.5065259950934;0.002376224;0.001744;0.002585;634;1;1;1;634;1;0.001243;0.008456;396;2;0.002144
"CustomRenderTextures.Update";0.002114;0.001332;0.01076;191;283;349;4;4;1.5549319954589;0.002452574;0.001723;0.002575;634;1;1;1;634;1;0.001332;0.01076;283;349;0.002575
"PhysX.ScScene.islandGen";0.002104;0.000982;0.007955;241;592;1;7;7;1.21228399826214;0.002304722;0.001643;0.002675;529;1;1;2;526;1;0.000982;0.007484;592;492;0.002395
"NetworkPreUpdate";0.002104;0.000992;0.009618;566;147;148;3;3;1.50960399536416;0.002381079;0.001673;0.002705;634;1;1;1;634;1;0.000992;0.009618;147;148;0.002244
"Physics.UpdateRigidbodies";0.002103;0.001132;0.013796;519;161;620;6;6;1.24513599812053;0.002367179;0.001653;0.002665;529;1;1;2;526;1;0.000311;0.013796;1;620;0.002495
"UnityEngine.UIModule.dll!UnityEngine::Canvas.SendPreWillRenderCanvases() [Invoke]";0.002094;0.001282;0.016911;314;497;86;6;6;1.67698599421419;0.002645088;0.001694;0.002776;634;1;1;1;634;1;0.001282;0.016911;497;86;0.002855
"FrameEvents.XRBeginFrame";0.002084;0.000691;0.02139;180;223;320;3;3;1.24608999898192;0.001965442;0.001433;0.002265;634;1;1;1;634;1;0.000691;0.02139;223;320;0.002104
"UI.RenderOverlays";0.002043;0.001112;0.004478;163;563;454;10;10;1.2397259993013;0.001955404;0.001493;0.002315;634;1;1;1;634;1;0.001112;0.004478;563;454;0.001794
"MoonsAndStars.GamePlay.dll!MoonsAndStars.Assets.Code.Scripts.GamePlay.Player::FrustumCuller.Update() [Invoke]";0.002004;0.001012;0.018064;22;474;2;5;5;1.63264899491332;0.002575156;0.001483;0.003146;634;1;1;1;634;1;0.001012;0.018064;474;2;0.004478
"Application.Integrate Assets in Background";0.002004;0.000952;0.023013;515;427;324;6;6;1.40845799719682;0.002221543;0.001573;0.002574;634;1;1;1;634;1;0.000952;0.023013;427;324;0.002465
"LowLevelPhysics2D.PhysicsWorld.PreSimulate";0.001994;0.001092;0.008546;282;362;115;6;6;1.16822499735281;0.00222096;0.001663;0.002405;529;1;1;2;526;1;0.000301;0.008546;1;115;0.002374
"Inl_RG_BloomPrefilter";0.001984;0.000741;0.008045;478;33;260;9;9;1.22129699599463;0.001926336;0.001192;0.002415;634;1;1;1;634;1;0.000741;0.008045;33;260;0.002134
"ExecuteRenderQueueJob";0.001963;0.001513;0.033062;612;285;343;11;12;2.11982999253087;0.004472215;0.001743;0.002445;517;1;1;2;474;2;0.001363;0.033062;531;343;0.021901
"UnityEngine.CoreModule.dll!UnityEngine::Application.InvokeOnBeforeRender() [Invoke]";0.001944;0.000842;0.020328;294;354;380;4;4;1.21150999737438;0.001910899;0.001393;0.002245;634;1;1;1;634;1;0.000842;0.020328;354;380;0.002164
"EarlyUpdate.ClearLines";0.001884;0.000761;0.021841;361;244;378;3;3;1.35861299524549;0.002142923;0.001393;0.002625;634;1;1;1;634;1;0.000761;0.021841;244;378;0.002866
"Inl_DrawOpaqueObjects";0.001833;0.001112;0.007234;349;241;556;8;8;1.17161399521865;0.001847972;0.001403;0.002033;634;1;1;1;634;1;0.001112;0.007234;241;556;0.001853
"AudioProfiler.CaptureFrame";0.001803;0.000621;0.008776;235;458;505;4;4;1.39361799869221;0.002198136;0.001242;0.002775;634;1;1;1;634;1;0.000621;0.008776;458;505;0.008126
"ReflectionProbeAnchorPositionUpdate";0.001794;0.000561;0.01101;453;212;86;9;11;1.11278599506477;0.001755183;0.001242;0.002055;1902;3;3;3;634;1;5E-05;0.009037;93;86;0.001914
"PhysX.ScScene.processLostContact";0.001793;0.000932;0.01112;59;474;574;7;7;1.08016199676786;0.00205354;0.001343;0.002395;529;1;1;2;526;1;0.000932;0.01112;474;574;0.001914
"UnityEngine.AccessibilityModule.dll!UnityEngine.Accessibility::AccessibilityManager.Internal_Update() [Invoke]";0.001713;0.000992;0.009778;382;242;287;4;4;1.30759399908129;0.002062451;0.001383;0.002134;634;1;1;1;634;1;0.000992;0.009778;242;287;0.002155
"PrepareSceneNodesSetUp";0.001703;4E-05;0.017252;472;1;418;12;12;0.743196995579638;0.001844161;0.00016;0.002625;1048;2;1;6;403;1;1E-05;0.017252;39;418;0
"UnityEngine.InputModule.dll!UnityEngineInternal.Input::NativeInputSystem.NotifyUpdate() [Invoke]";0.001693;0.001082;0.012403;341;7;556;4;4;1.01872399821877;0.001936738;0.001503;0.002164;529;1;1;2;526;1;0.000761;0.012403;385;556;0.002154
"ScheduleShadowSplitMasksComputation";0.001693;0.001102;0.006242;561;142;479;8;8;1.20061199634802;0.00189371;0.001523;0.002083;634;1;1;1;634;1;0.001102;0.006242;142;479;0.001743
"PhysX.ScScene.preRigidBodyNarrowPhase";0.001683;0.000832;0.009248;287;295;197;7;7;1.00178899575258;0.001904542;0.001393;0.002224;529;1;1;2;526;1;0.00015;0.009248;385;197;0.001904
"TransformChangeSystem";0.001683;0.000771;0.010458;325;518;238;4;9;1.17980398173677;0.00186089;0.001383;0.002112;7822;13;9;17;634;1;2E-05;0.008636;1;238;0.002283
"AsyncUploadManager.AsyncResourceUploadAll";0.001673;0.000691;0.022142;586;474;572;4;8;1.2292839968577;0.001938934;0.001313;0.002354;1268;2;2;2;634;1;0.00011;0.022022;1;572;0.003075
"TerrainManager.CullAllTerrains";0.001663;0.000862;0.005651;13;534;137;8;8;0.985208995814901;0.001553957;0.001122;0.001823;634;1;1;1;634;1;0.000862;0.005651;534;137;0.001794
"Initialization.XREarlyUpdate";0.001654;0.000692;0.008576;3;603;524;3;3;1.18525099719409;0.001869481;0.001272;0.002305;634;1;1;1;634;1;0.000692;0.008576;603;524;0.001873
"NetworkFixedUpdate";0.001653;0.000731;0.00567;255;552;279;3;3;0.940510998712853;0.001788044;0.001223;0.002184;529;1;1;2;526;1;0.000731;0.00567;552;279;0.002175
"PrepareUpdateRendererBoundingVolumes";0.001652;0.000872;0.016071;592;334;370;4;10;1.14844698330853;0.001811431;0.001402;0.001984;3170;5;5;5;634;1;6E-05;0.014738;414;370;0.001873
"EarlyUpdate.ExecuteMainThreadJobs";0.001633;0.000701;0.01056;582;539;2;3;3;1.18047999695409;0.001861956;0.001282;0.002174;634;1;1;1;634;1;0.000701;0.01056;539;2;0.002244
"UGUI.Rendering.EmitWorldScreenspaceCameraGeometry";0.001613;0.000691;0.003657;162;524;79;3;4;0.991358996194322;0.001563658;0.001222;0.001794;1268;2;2;2;634;1;9E-05;0.002796;20;153;0.001672
"PhysX.ScScene.processLostContact2";0.001583;0.000831;0.007374;215;474;511;7;7;0.946224996703677;0.001798907;0.001232;0.002074;529;1;1;2;526;1;0.000831;0.007374;474;511;0.002514
"PhysX.ScScene.afterIntegration";0.001583;0.000842;0.011071;376;295;255;7;7;0.947203996533062;0.001800768;0.001222;0.002064;529;1;1;2;526;1;0.00028;0.011071;222;255;0.001503
"AddDirectionalLights";0.001573;0.000701;0.004659;572;261;245;10;10;0.954522997722961;0.001505557;0.001102;0.001723;634;1;1;1;634;1;0.000701;0.004659;261;245;0.001613
"PhysX.DirtyShapeUpdatesTask";0.001553;0.000791;0.009548;91;96;126;7;7;0.943288996233605;0.001793325;0.001242;0.002054;529;1;1;2;526;1;7E-05;0.009548;222;126;0.001904
"Inl_LightCookies";0.001543;0.000882;0.009809;554;315;537;10;10;0.967539997946005;0.001526088;0.001172;0.001693;634;1;1;1;634;1;0.000882;0.009809;315;537;0.001603
"PhysX.PostBroadPhaseStage2Task";0.001543;0.000731;0.009698;596;572;182;7;7;0.929192997573409;0.001766527;0.001152;0.002164;529;1;1;2;526;1;0.00024;0.009698;385;182;0.001663
"EarlyUpdate.UpdateContentLoading";0.001523;0.000742;0.02119;27;629;251;3;3;1.09313799749361;0.001724192;0.001182;0.002064;634;1;1;1;634;1;0.000742;0.02119;629;251;0.003096
"ReflectionProbes.Update";0.001493;0.000852;0.009347;268;457;320;4;4;1.1244669998996;0.001773607;0.001272;0.001934;634;1;1;1;634;1;0.000852;0.009347;457;320;0.002114
"PreUpdate.Physics2DUpdate";0.001462;0.000801;0.012974;288;61;2;3;3;1.31106999737676;0.002067934;0.001152;0.002074;634;1;1;1;634;1;0.000801;0.012974;61;2;0.001463
"CoroutinesDelayedCalls";0.001412;0.000721;0.185569;333;465;87;4;4;7.51697498123394;0.01185643;0.001152;0.002094;3065;5;4;6;634;1;3E-05;0.183035;5;370;0.001664
"UnityEngine.CoreModule.dll!UnityEngine.Rendering::SupportedRenderingFeatures.IsLightmapBakeTypeSupportedByRef() [Invoke]";0.001402;0.000681;0.010209;481;334;544;9;9;1.08928899781313;0.001718121;0.001102;0.002144;634;1;1;1;634;1;0.000681;0.010209;334;544;0.001202
"FixedUpdate.DirectorFixedUpdate";0.001393;0.000531;0.006582;558;348;500;3;3;0.861114997474942;0.001637101;0.001102;0.001984;529;1;1;2;526;1;0.00016;0.006582;385;500;0.001413
"PreLateUpdate.ConstraintManagerUpdate";0.001392;0.000791;0.008706;382;261;26;3;3;1.06739799428033;0.001683593;0.001102;0.001784;634;1;1;1;634;1;0.000791;0.008706;261;26;0.001723
"LOD.ComputeLOD";0.001362;0.000421;0.013265;176;630;308;9;10;0.826383998442907;0.001303445;0.000941;0.001512;1268;2;2;2;634;1;8E-05;0.008186;523;107;0.001413
"Profiler.CollectVideoStats";0.001343;0.000471;0.004428;334;223;529;3;3;0.95702999868081;0.001509511;0.001001;0.001913;634;1;1;1;634;1;0.000471;0.004428;223;529;0.002044
"Find dependency chain";0.001331;0.000341;0.013916;163;334;172;10;14;0.89935098119895;0.001418535;0.001092;0.001561;4039;6;2;9;634;1;2E-05;0.012574;1;172;0.003186
"NetworkUpdate";0.001322;0.000661;0.007254;557;609;232;3;3;0.963774998672307;0.00152015;0.001011;0.001733;634;1;1;1;634;1;0.000661;0.007254;609;232;0.001593
"GeneralConnection.Poll";0.001313;0.00026;0.006181;225;436;215;5;6;0.921821000723867;0.001453976;0.000893;0.001934;1268;2;2;2;634;1;0.00012;0.005249;36;215;0.001052
"NetworkPreLateUpdate";0.001292;0.000611;0.008967;234;581;200;3;3;0.992983996635303;0.001566221;0.001002;0.001774;634;1;1;1;634;1;0.000611;0.008967;581;200;0.001532
"PhysX.ScScene.broadPhase";0.001282;0.000751;0.007935;411;444;9;7;7;0.784412997250911;0.001491279;0.001042;0.001753;529;1;1;2;526;1;0.00012;0.007935;1;9;0.001282
"UnityEngine.InputForUIModule.dll!UnityEngine.InputForUI::EventProvider.NotifyUpdate() [Invoke]";0.001262;0.000711;0.004939;212;413;509;4;4;0.906362997193355;0.001429595;0.001012;0.001583;634;1;1;1;634;1;0.000711;0.004939;413;509;0.001222
"SpeedTreeWindManager.UpdateGlobalAndLocalWinds";0.001262;0.000711;0.025327;309;444;79;5;5;0.962225999857765;0.001517707;0.000982;0.001533;634;1;1;1;634;1;0.000711;0.025327;444;79;0.001252
"PhysX.ScScene.collideStep";0.001252;0.000651;0.00517;84;395;500;7;7;0.767151996435132;0.001458464;0.001002;0.001764;529;1;1;2;526;1;0.000111;0.00517;1;500;0.002675
"AddCustomActiveLocalLights";0.001242;0.000571;0.010721;529;272;43;10;10;0.735387998458464;0.001159918;0.000772;0.001382;634;1;1;1;634;1;0.000571;0.010721;272;43;0.001392
"LowLevelPhysics2D.DrawWorld.UpdateLifetimes";0.001222;0.000401;0.021922;248;534;382;4;4;0.867405998636968;0.001368148;0.000902;0.001603;634;1;1;1;634;1;0.000401;0.021922;534;382;0.000812
"NetworkPostLateUpdate";0.001213;0.000731;0.012484;269;342;404;3;3;0.920266997534782;0.001451525;0.000931;0.001533;634;1;1;1;634;1;0.000731;0.012484;342;404;0.001553
"PostLateUpdate.PhysicsSkinnedClothBeginUpdate";0.001203;0.000721;0.012754;290;444;195;3;3;0.906938997854013;0.001430503;0.000931;0.001543;634;1;1;1;634;1;0.000721;0.012754;444;195;0.001323
"Inl_Set Motion Vector Global Matrices";0.001182;0.000571;0.01103;30;77;14;8;8;0.722922998596914;0.001140257;0.000811;0.001303;634;1;1;1;634;1;0.000571;0.01103;77;14;0.001352
"UnityEngine.UIModule.dll!UnityEngine::Canvas.SendWillRenderCanvases() [Invoke]";0.001172;0.000431;0.006994;11;221;385;6;6;0.917651998373913;0.001447401;0.000922;0.001553;634;1;1;1;634;1;0.000431;0.006994;221;385;0.001644
"UnityEngine.CoreModule.dll!UnityEngine.Rendering::OnDemandRendering.GetRenderFrameInterval() [Invoke]";0.001162;0.000551;0.022012;419;452;161;3;3;0.845564996823668;0.001333699;0.000871;0.001613;634;1;1;1;634;1;0.000551;0.022012;452;161;0.001573
"PreLateUpdate.EndGraphicsJobsAfterScriptUpdate";0.001152;0.000761;0.009899;156;348;130;3;3;0.853970997792203;0.001346957;0.001002;0.001392;634;1;1;1;634;1;0.000761;0.009899;348;130;0.001042
"Inl_DrawScreenSpaceUI";0.001142;0.00059;0.019387;216;276;67;8;8;0.77194900251925;0.001217585;0.000811;0.001383;1268;2;2;2;634;1;0.00022;0.019036;142;67;0.001293
"InputUpdate";0.001142;0.000731;0.011893;437;244;556;5;5;0.695367998676375;0.001321992;0.000992;0.001423;529;1;1;2;526;1;0.00044;0.011893;1;556;0.001543
"UnityEngine.PhysicsModule.dll!UnityEngine::Physics.OnSceneContact() [Invoke]";0.001132;0.000601;0.007123;582;451;161;7;7;0.707421997911297;0.001344909;0.000962;0.001482;529;1;1;2;526;1;0.000191;0.007123;1;161;0.001713
"EarlyUpdate.RendererNotifyInvisible";0.001122;0.000561;0.007605;148;316;361;3;3;0.830175997223705;0.001309426;0.000911;0.001553;634;1;1;1;634;1;0.000561;0.007605;316;361;0.002093
"Inl_Setup Additional Shadows";0.001122;0.000501;0.006672;545;224;10;9;9;0.730483998195268;0.001152183;0.000892;0.001322;634;1;1;1;634;1;0.000501;0.006672;224;10;0.006672
"UnityEngine.AIModule.dll!UnityEngine.AI::NavMesh.Internal_CallOnNavMeshPreUpdate() [Invoke]";0.001102;0.000511;0.023204;432;386;590;4;4;0.837201998278033;0.001320508;0.000852;0.001383;634;1;1;1;634;1;0.000511;0.023204;386;590;0.001262
"UpdateScreenManagerAndInput";0.001092;0.000751;0.009067;369;380;241;3;3;0.768381998001132;0.001211959;0.000981;0.001312;634;1;1;1;634;1;0.000751;0.009067;380;241;0.001503
"Inl_Draw Additional Lights Shadowmap";0.001092;0.000631;0.002826;370;212;344;8;8;0.675475999654736;0.00106542;0.000831;0.001213;634;1;1;1;634;1;0.000631;0.002826;212;344;0.001162
"NetworkPostScriptLateUpdate";0.001092;0.000601;0.006793;551;161;139;3;3;0.832485996186733;0.001313069;0.000811;0.001462;634;1;1;1;634;1;0.000601;0.006793;161;139;0.002235
"EndGraphicsJobs";0.001092;0.000741;0.009858999;436;348;130;4;4;0.807547995995265;0.001273735;0.000962;0.001322;1268;2;2;2;634;1;3E-05;0.009829;1;130;0.001002
"PhysX.ScScene.updateCCDMultiPass";0.001002;0.000521;0.004498;72;424;148;7;7;0.599902997608297;0.0011405;0.000791;0.001282;529;1;1;2;526;1;0.00021;0.004498;1;148;0.001352
"PreUpdate.IMGUISendQueuedEvents";0.001002;0.000601;0.004498;345;314;526;3;3;0.725324998667929;0.001144046;0.000842;0.001192;634;1;1;1;634;1;0.000601;0.004498;314;526;0.000972
"PostLateUpdate.AccessibilityLateUpdate";0.001002;0.000591;0.032431;523;159;612;3;3;0.833251995209139;0.001314278;0.000822;0.001322;634;1;1;1;634;1;0.000591;0.032431;159;612;0.001152
"PhysX.ScScene.postSolver";0.000992;0.000481;0.005711;388;436;197;7;7;0.590238998644054;0.001122127;0.000791;0.001252;529;1;1;2;526;1;0.00018;0.005711;385;197;0.001323
"Physics.Interpolation";0.000982;0.000321;0.020609;542;348;608;4;4;0.707991998293437;0.001116707;0.000732;0.001312;1160;2;1;2;634;1;4E-05;0.019647;5;608;0.001833
"ClothManager.LateUpdate";0.000981;0.000571;0.012463;228;525;195;4;4;0.73590899707051;0.00116074;0.000761;0.001202;634;1;1;1;634;1;0.000571;0.012463;525;195;0.001102
"PreUpdate.PhysicsUpdate";0.000972;0.00043;0.02117;91;252;608;3;3;1.10967399319634;0.001750274;0.000791;0.001503;634;1;1;1;634;1;0.00043;0.02117;252;608;0.001222
"Inl_DrawDepthNormalPrepass";0.000972;0.000421;0.002274;135;563;389;8;8;0.590991998964455;0.000932164;0.000672;0.001102;634;1;1;1;634;1;0.000421;0.002274;563;389;0.001042
"PreLateUpdate.Physics2DLateUpdate";0.000972;0.000611;0.005541;514;520;540;3;3;0.758649997529574;0.001196609;0.000832;0.001293;634;1;1;1;634;1;0.000611;0.005541;520;540;0.000831
"Shadows.CullingCallbacks";0.000962;0.000712;0.008826;40;492;440;8;8;0.672898998833261;0.001061355;0.000862;0.001092;634;1;1;1;634;1;0.000712;0.008826;492;440;0.001172
"Physics2D.SyncTransformChanges";0.000962;0.000491;0.004178;563;53;77;5;5;0.576125998049974;0.001095297;0.000762;0.001232;529;1;1;2;526;1;0.0003;0.004178;1;77;0.001553
"RenderTexture.GarbageCollectTemporary";0.000953;0.000252;0.004098;125;129;105;3;6;0.68044699478196;0.00107326;0.000732;0.001293;1268;2;2;2;634;1;3E-05;0.003166;614;238;0.001914
"PreLateUpdate.ScriptRunBehaviourLateUpdate";0.000942;0.0005;0.005901;392;387;26;3;3;0.713709998235572;0.001125726;0.000722;0.001252;634;1;1;1;634;1;0.0005;0.005901;387;26;0.001072
"CullObjectsWithoutUmbra";0.000922;0.000561;0.002805;263;28;227;12;12;0.250297998660244;0.001088252;0.000761;0.001133;230;1;1;1;230;3;0.000561;0.002805;28;227;0
"Inl_Forward+ Complete";0.000902;0.000631;0.006933;170;267;139;10;10;0.618548999831546;0.0009756293;0.000801;0.001002;634;1;1;1;634;1;0.000631;0.006933;267;139;0.000942
"PreUpdate.NewInputUpdate";0.000901;0.000361;0.006482;149;504;540;3;3;0.704401998635149;0.001111044;0.000732;0.001183;634;1;1;1;634;1;0.000361;0.006482;504;540;0.000491
"PhysX.ScScene.rigidBodySolver";0.000892;0.00047;0.004107;509;356;182;7;7;0.544077000115067;0.001034367;0.000721;0.001162;528;1;1;2;526;1;0.00019;0.004107;385;182;0.000822
"CleanUp.TextRenderingGarbageCollect";0.000882;0.000371;0.00546;594;4;394;6;6;0.623878999555018;0.0009840362;0.000661;0.001163;634;1;1;1;634;1;0.000371;0.00546;4;394;0.001502
"updateScene.Invoke";0.000872;0.00046;0.009097;56;398;105;3;3;0.687957998365164;0.001085107;0.000702;0.001152;634;1;1;1;634;1;0.00046;0.009097;398;105;0.002475
"PhysX.AABBManager::postBroadPhaseStage3";0.000872;0.00038;0.003586;464;395;192;7;7;0.520316998881754;0.0009891958;0.000631;0.001212;529;1;1;2;526;1;0.00012;0.003586;385;192;0.000991
"PostLateUpdate.RenderAs2DUpdate";0.000872;0.000441;0.009558;485;538;383;3;3;0.670710999431321;0.001057904;0.000691;0.001102;634;1;1;1;634;1;0.000441;0.009558;538;383;0.000881
"UnityEngine.CoreModule.dll!UnityEngine.Rendering::SupportedRenderingFeatures.IsUIOverlayRenderedBySRP() [Invoke]";0.000872;0.000441;0.007985;547;253;515;3;3;0.553911999013508;0.0008736782;0.000551;0.001082;634;1;1;1;634;1;0.000441;0.007985;253;515;0.000912
"Renderers.OncePerFrameUpdate";0.000862;0.000461;0.007454;144;601;56;4;4;0.675489998917328;0.001065442;0.000702;0.001142;634;1;1;1;634;1;0.000461;0.007454;601;56;0.001754
"CullSceneDynamicObjectsCombineJob";0.000862;0.000311;0.006092;232;293;388;10;10;0.211340999638196;0.0009188739;0.000561;0.001082;230;1;1;1;230;3;0.000311;0.006092;293;388;0
"DrawTransparentObjects";0.000861;0.000521;0.008937;293;404;201;9;9;0.582066998758819;0.0009180867;0.000741;0.001022;634;1;1;1;634;1;0.000521;0.008937;404;201;0.002415
"EarlyUpdate.UpdateAsyncInstantiate";0.000852;0.00021;0.020839;160;595;482;3;3;0.615409999154508;0.0009706782;0.000682;0.001112;634;1;1;1;634;1;0.00021;0.020839;595;482;0.001192
"PhysX.PxsDynamics.preIntegrate";0.000842;0.000311;0.005561;571;542;500;7;7;0.531298999616411;0.001010074;0.000671;0.001141;529;1;1;2;526;1;0.0001;0.005561;385;500;0.001032
"LowLevelPhysics2D.PhysicsWorld.PostSimulate";0.000832;0.00041;0.010059;379;329;198;6;6;0.519995999027742;0.0009885855;0.000662;0.001052;529;1;1;2;526;1;0.00018;0.010059;1;198;0.001192
"PreUpdate.UpdateVideo";0.000822;0.00041;0.007524;565;501;413;3;3;0.617826999718091;0.0009744905;0.000641;0.001052;634;1;1;1;634;1;0.00041;0.007524;501;413;0.000881
"UnityEngine.Physics2DModule.dll!UnityEngine.LowLevelPhysics2D::PhysicsEvents.InvokePreSimulate() [Invoke]";0.000811;0.00046;0.00566;550;498;269;7;7;0.482896998815704;0.0009180551;0.000652;0.001002;529;1;1;2;526;1;0.000191;0.00566;1;269;0.000811
"PhysX.ScScene.processLostSolverPatchesTask";0.000802;0.000441;0.003917;39;522;608;7;7;0.479327997862129;0.0009235607;0.000631;0.001042;522;1;1;2;519;1;4E-05;0.003917;385;608;0.000962
"Inl_Setup Debug Properties";0.000802;0.00038;0.001664;593;268;214;8;8;0.471796998317586;0.0007441593;0.000521;0.000882;634;1;1;1;634;1;0.00038;0.001664;268;214;0.000932
"PhysX.ScScene.finalizationPhase";0.000792;0.00031;0.003927;15;548;27;7;7;0.486447998759104;0.0009248061;0.000621;0.001032;529;1;1;2;526;1;0.00011;0.003927;1;27;0.001683
"EarlyUpdate.UnityWebRequestUpdate";0.000791;0.00035;0.007484;575;224;251;3;3;0.573567997897044;0.0009046814;0.000621;0.001092;634;1;1;1;634;1;0.00035;0.007484;224;251;0.001443
"JobDebuggerFrameMaintenance";0.000781;0.000261;0.008706;303;539;2;4;4;0.605224998289486;0.0009546136;0.000601;0.001042;634;1;1;1;634;1;0.000261;0.008706;539;2;0.000941
"GarbageCollector.CollectIncremental";0.000771;0.00017;0.010009;259;452;72;4;4;0.548393999401014;0.0008649747;0.000561;0.001062;634;1;1;1;634;1;0.00017;0.010009;452;72;0.001212
"TimeManager.Update";0.000771;0.000381;0.003587;264;477;268;4;4;0.549418999929912;0.0008665915;0.000601;0.001022;634;1;1;1;634;1;0.000381;0.003587;477;268;0.001032
"PhysX.ScScene.postBroadPhase";0.000771;0.00044;0.00522;553;132;192;7;7;0.465195999946445;0.0008844031;0.000571;0.001001;529;1;1;2;526;1;0.00012;0.00522;385;192;0.000882
"EarlyUpdate.AnalyticsCoreStatsUpdate";0.000762;0.00024;0.003387;282;524;382;3;3;0.565165997715667;0.000891429;0.000601;0.001062;634;1;1;1;634;1;0.00024;0.003387;524;382;0.001223
"UIEvents.UpdateCanvasRectTransform";0.000761;0.00027;0.023635;3;223;614;4;4;0.559476999187609;0.0008824558;0.000682;0.000871;634;1;1;1;634;1;0.00027;0.023635;223;614;0.000671
"CullResultsToNativeArrays";0.000741;0.000291;0.003277;491;261;508;8;8;0.514724999491591;0.0008118691;0.000601;0.000982;634;1;1;1;634;1;0.000291;0.003277;261;508;0.000681
"PhysX.ScScene.secondPassNarrowPhase";0.000721;0.000381;0.00532;245;315;396;7;7;0.413907000271138;0.0007868955;0.000581;0.000852;529;1;1;2;526;1;0.000171;0.00532;385;396;0.000871
"Profiler.CollectEditorStats";0.000712;0.000231;0.003637;204;220;90;1;1;0.522682999362587;0.0008244211;0.000541;0.000982;634;1;1;1;634;1;0.000231;0.003637;220;90;0.001192
"EarlyUpdate.DispatchEventQueueEvents";0.000712;0.00017;0.002475;328;561;573;3;3;0.523736999151879;0.0008260836;0.000571;0.001001;634;1;1;1;634;1;0.00017;0.002475;561;573;0.001193
"Set Motion Vector Global Matrices";0.000711;0.00026;0.020047;156;502;43;9;9;0.4743389984651;0.0007481688;0.000481;0.000831;634;1;1;1;634;1;0.00026;0.020047;502;43;0.000741
"PostLateUpdate.TriggerEndOfFrameCallbacks";0.000711;0.000371;0.010389;248;246;97;3;3;0.557047999522183;0.0008786246;0.000581;0.000891;634;1;1;1;634;1;0.000371;0.010389;246;97;0.000761
"Shadows.SplitAndSortCasters";0.000701;0.000121;0.004778;415;244;30;15;15;0.472101997998834;0.0008445474;0.000301;0.001163;1201;2;1;4;559;3;7E-05;0.004428;33;30;0.00089
"Inl_DrawTransparentObjects";0.000701;0.000441;0.009117;454;271;123;8;8;0.476973999204347;0.0007523249;0.000541;0.000842;634;1;1;1;634;1;0.000441;0.009117;271;123;0.000691
"MoonsAndStars.Planets.dll!MoonsAndStars.Assets.Code.Scripts.Planets::LodCalculator.CheckVisiblePlanets() [Coroutine: System.Collections.IEnumerator.get_Current] [Invoke]";0.000691;0.000441;0.006282;284;377;258;5;5;0.082551999745192;0.0008510515;0.000541;0.000851;97;1;1;1;97;1;0.000441;0.006282;377;258;0
"Preload Single Step";0.000681;0.000231;0.01048;71;331;511;7;7;0.514101999491686;0.0008108864;0.000541;0.000922;634;1;1;1;634;1;0.000231;0.01048;331;511;0.000662
"Physics.UpdateArticulations";0.000681;0.000311;0.002936;271;624;376;6;6;0.398793999134796;0.0007581635;0.000531;0.000852;529;1;1;2;526;1;3E-05;0.002936;1;376;0.000862
"ConstraintManager::Update";0.000672;0.000311;0.004749;463;129;116;4;4;0.540773999557132;0.0008529559;0.000521;0.000911;634;1;1;1;634;1;0.000311;0.004749;129;116;0.000911
"JobHandle.Complete";0.000671;0.000471;0.006713;207;156;139;11;11;0.472274000348989;0.0007449117;0.000611;0.000741;634;1;1;1;634;1;0.000471;0.006713;156;139;0.000692
"Profiler.FlushFileIOCounters";0.000662;0.000241;0.003356;434;333;457;2;2;0.483454999193782;0.0007625473;0.000461;0.000932;634;1;1;1;634;1;0.000241;0.003356;333;457;0.001623
"EarlyUpdate.XRUpdate";0.000661;0.000211;0.012032;191;334;136;3;3;0.497866000121576;0.0007852776;0.000511;0.000882;634;1;1;1;634;1;0.000211;0.012032;334;136;0.000631
"UnityEngine.AccessibilityModule.dll!UnityEngine.Accessibility::AccessibilityManager.Internal_LateUpdate() [Invoke]";0.000661;0.000361;0.009107;345;222;599;4;4;0.536108000203967;0.0008455962;0.000541;0.000862;634;1;1;1;634;1;0.000361;0.009107;222;599;0.000862
"Initialization.SynchronizeInputs";0.000651;0.000111;0.008136;23;524;5;3;3;0.496854999262723;0.000783683;0.000481;0.000992;634;1;1;1;634;1;0.000111;0.008136;524;5;0.001012
"PhysX.ThirdPassIslandGenTask";0.000651;0.00029;0.003536;411;343;197;7;7;0.394452998705674;0.0007499107;0.000531;0.000802;529;1;1;2;526;1;0.00016;0.003536;222;197;0.000631
"PhysX.ScScene.preallocateContactManagers";0.000641;0.0003;0.003486;81;244;256;7;7;0.390814999584109;0.0007429943;0.000481;0.000862;529;1;1;2;526;1;9E-05;0.003486;1;256;0.000892
"Canvas.RenderOverlays";0.000641;0.00016;0.001503;157;552;309;11;11;0.396788999802084;0.0006258502;0.000451;0.000782;634;1;1;1;634;1;0.00016;0.001503;552;309;0.00035
"Inl_ScriptableRenderer.InternalFinishRenderingCommon";0.000632;0.00032;0.004989;349;314;266;7;7;0.422367999242852;0.0006661956;0.00051;0.000771;634;1;1;1;634;1;0.00032;0.004989;314;266;0.000721
"PhysX.BpSAP.postUpdateWork";0.000631;0.000311;0.002575;117;221;500;7;7;0.37171099963598;0.0007066749;0.000471;0.000791;529;1;1;2;526;1;0.00019;0.002575;1;500;0.000632
"Profiler.CollectGIStats";0.000631;0.000221;0.002234;415;209;529;3;3;0.438269999140175;0.0006912776;0.000441;0.000851;634;1;1;1;634;1;0.000221;0.002234;209;529;0.001473
"Initialize Frame";0.000631;0.00033;0.009178;433;157;537;9;9;0.420371999643976;0.0006630473;0.000531;0.000712;634;1;1;1;634;1;0.00033;0.009178;157;537;0.001102
"Physics.CalculateChangedColliderTransforms";0.000611;0.000281;0.003006;43;359;612;6;6;0.389018999296241;0.0007395798;0.000491;0.000832;529;1;1;2;526;1;8E-05;0.003006;1;612;0.000852
"LowLevelPhysics2D.PhysicsWorld.Transform.WriteTweens";0.000611;0.000371;0.00523;102;453;205;4;4;0.471214998833602;0.0007432413;0.000491;0.000811;634;1;1;1;634;1;0.000371;0.00523;453;205;0.000661
"PostLateUpdate.UpdateAllSkinnedMeshes";0.000611;0.00037;0.007434;383;253;442;3;3;0.481647998472909;0.0007596972;0.000481;0.000791;634;1;1;1;634;1;0.00037;0.007434;253;442;0.000892
"EarlyUpdate.UpdateInputManager";0.000601;0.00019;0.002355;488;348;193;3;3;0.429921998773352;0.0006781104;0.000461;0.000781;634;1;1;1;634;1;0.00019;0.002355;348;193;0.000702
"Physics2D.CollectProfileInfo";0.000601;0.00035;0.004499;582;443;540;4;4;0.486092998849927;0.0007667082;0.000481;0.000772;634;1;1;1;634;1;0.00035;0.004499;443;540;0.000571
"PhysX.ScScene.processLostContact3";0.000601;0.000491;0.001633;582;317;387;7;7;0.0247640000889078;0.0006878889;0.000531;0.000751;36;1;1;1;36;7;0.000491;0.001633;317;387;0
"FixedUpdate.LegacyFixedAnimationUpdate";0.000591;0.000301;0.002495;102;400;485;3;3;0.348055000591557;0.0006617015;0.000471;0.000771;529;1;1;2;526;1;4.1E-05;0.002495;1;485;0.000551
"PostLateUpdate.VFXUpdate";0.000591;0.000161;0.003296;313;410;549;3;3;0.447077999589965;0.0007051703;0.000451;0.000771;634;1;1;1;634;1;0.000161;0.003296;410;549;0.000871
"LateBehaviourUpdate";0.000591;0.000321;0.003646;353;5;106;4;4;0.435339000192471;0.0006866546;0.000451;0.000722;634;1;1;1;634;1;0.000321;0.003646;5;106;0.000671
"GlobalEventQueue";0.000581;0.0001;0.002204;242;336;608;4;4;0.416921000185539;0.0006576041;0.000451;0.000752;634;1;1;1;634;1;0.0001;0.002204;336;608;0.001012
"PostLateUpdate.UpdateRectTransform";0.000571;0.000371;0.009177;240;499;238;3;3;0.452638000628212;0.0007139401;0.000441;0.000752;634;1;1;1;634;1;0.000371;0.009177;499;238;0.000571
"Inl_RG_SetupPostFX";0.000561;0.00025;0.008246;229;425;555;8;8;0.38962499902118;0.0006145505;0.00035;0.000771;634;1;1;1;634;1;0.00025;0.008246;425;555;0.000571
"PhysX.PxsDynamics.createForceChangeThresholdStream";0.000561;0.00027;0.002845;331;474;526;7;7;0.341987999534467;0.0006501673;0.000431;0.000752;529;1;1;2;526;1;7E-05;0.002845;385;526;0.000832
"MoonsAndStars.Planets.dll!MoonsAndStars.Assets.Code.Scripts.Planets::LodCalculator.CheckLodOnPlanets() [Coroutine: System.Collections.IEnumerator.get_Current] [Invoke]";0.000561;0.00031;0.001853;363;377;28;5;5;0.0610560000350233;0.0006294433;0.000441;0.000721;97;1;1;1;97;1;0.00031;0.001853;377;28;0
"PostLateUpdate.ProfilerEndFrame";0.000551;0.00037;0.003607;568;285;122;3;3;0.407095998816658;0.0006421073;0.000481;0.000671;634;1;1;1;634;1;0.00037;0.003607;285;122;0.000711
"EarlyUpdate.ProcessMouseInWindow";0.000541;0.00014;0.003026;112;380;527;3;3;0.395105999006773;0.0006231956;0.000411;0.000711;634;1;1;1;634;1;0.00014;0.003026;380;527;0.000652
"PhysX.NpScene.completion";0.000541;0.000221;0.003256;613;344;541;7;7;0.329771999968216;0.000626943;0.000431;0.000661;529;1;1;2;526;1;9E-05;0.003256;1;541;0.000611
"FindBrightestDirectionalLight";0.00054;0.00024;0.005711;600;313;23;10;11;0.376297998853261;0.00059353;0.00041;0.000703;1268;2;2;2;634;1;6E-05;0.005059;25;23;0.000842
"PhysX.ScScene.postNarrowPhase";0.000531;0.00027;0.002895;17;294;197;7;7;0.311118999321479;0.000591481;0.000411;0.000651;529;1;1;2;526;1;0.00015;0.002895;1;197;0.000621
"PostLateUpdate.UpdateVideoTextures";0.000531;0.00026;0.008576;412;129;133;3;3;0.416546000138624;0.0006570126;0.00041;0.000671;634;1;1;1;634;1;0.00026;0.008576;129;133;0.000892
"PhysX.ScScene.postBroadPhaseCont";0.000531;0.000281;0.002194;478;458;500;7;7;0.312637999770232;0.0005943688;0.000411;0.000681;529;1;1;2;526;1;7E-05;0.002194;385;500;0.000581
"Camera.Render";0.000531;0.00026;0.001222;578;366;250;3;3;0.329786000977037;0.0005201672;0.000411;0.000591;634;1;1;1;634;1;0.00026;0.001222;366;250;0.000551
"FillQuadIndexBuffer";0.000511;0.00033;0.001583;511;556;496;8;8;0.0245579998590983;0.0005711163;0.000431;0.000651;43;1;1;1;43;1;0.00033;0.001583;556;496;0
"LightCookies";0.000501;0.000191;0.001422;612;576;4;10;10;0.325223000138067;0.00051297;0.000391;0.000581;634;1;1;1;634;1;0.000191;0.001422;576;4;0.000581
"EarlyUpdate.ScriptRunDelayedStartupFrame";0.000481;0.00023;0.007444;441;527;194;3;3;0.390501999121625;0.0006159337;0.000381;0.000681;634;1;1;1;634;1;0.00023;0.007444;527;194;0.000431
"PhysX.PxsDynamics.solverCreateFinalizeConstraints";0.00048;0.0001;0.002645;352;380;516;7;7;0.280905000043276;0.0005340399;0.00036;0.000581;529;1;1;2;526;1;7E-05;0.002645;385;516;0.000622
"PhysX.ScScene.afterIntegrationTask";0.000461;0.00024;0.002725;120;78;554;7;7;0.283405999303795;0.0005387947;0.000381;0.000581;529;1;1;2;526;1;0.000141;0.002725;385;554;0.000481
"UnityEngine.Physics2DModule.dll!UnityEngine.LowLevelPhysics2D::PhysicsEvents.InvokePostSimulate() [Invoke]";0.000461;0.00029;0.009598;446;624;198;7;7;0.296377000136999;0.0005634543;0.000381;0.000581;529;1;1;2;526;1;0.0001;0.009598;1;198;0.000501
"PreLateUpdate.AIUpdatePostScript";0.00046;0.00015;0.002785;309;4;120;3;3;0.357185999004287;0.0005633848;0.000381;0.000601;634;1;1;1;634;1;0.00015;0.002785;4;120;0.000831
"addCustomLights.Invoke";0.0004500001;0.000181;0.009347;539;126;43;11;11;0.335930995337549;0.0005298596;0.000361;0.000652;4438;7;7;7;634;1;2E-05;0.009187;1;43;0.0007409999
"RenderTarget.SetActive";0.0004420001;0.000392;0.0008800001;209;232;146;8;11;0.290383046318311;0.0004580174;0.0004310001;0.000461;13991;22;22;23;634;1;1E-05;0.000281;1;254;0.0004600001
"PrepareSceneNodesCombineJob";0.000441;0.000401;0.000521;149;37;36;12;12;0.00186300004133955;0.00046575;0.000401;0.0005;4;1;1;1;4;36;0.000401;0.000521;37;36;0
"ContentLoadFrontend.IntegrateUpdate";0.000421;0.00023;0.002625;474;580;191;4;4;0.306514999043429;0.0004834622;0.000331;0.000571;634;1;1;1;634;1;0.00023;0.002625;580;191;0.000762
"FixedUpdate.PhysicsClothFixedUpdate";0.000411;0.00028;0.002144;188;613;205;3;3;0.266924999305047;0.000507462;0.00036;0.000521;529;1;1;2;526;1;9E-05;0.002144;1;205;0.000642
"PostLateUpdate.ShaderHandleErrors";0.000411;0.00013;0.003456;345;271;122;3;3;0.320992000270053;0.0005062965;0.000351;0.000541;634;1;1;1;634;1;0.00013;0.003456;271;122;0.00041
"Physics2D.GetRayIntersection";0.000411;0.000171;0.005691;454;7;207;6;6;0.38854899762373;0.0006128533;0.000301;0.000631;634;1;1;1;634;1;0.000171;0.005691;7;207;0.000411
"Physics2D.SyncRigidbodyTransformChanges";0.000411;0.000181;0.001944;482;431;15;6;6;0.258041999564739;0.0004905742;0.000341;0.000521;529;1;1;2;526;1;0.00014;0.001944;1;15;0.000641
"InputSystem.onBeforeUpdate";0.00041;0.00025;0.002284;142;240;89;5;5;0.262962999840965;0.0004999297;0.000331;0.000551;529;1;1;2;526;1;0.000181;0.002284;385;89;0.000331
"PhysX.ScScene.unblockNarrowPhase";0.000401;7E-05;0.001883;60;61;52;7;7;0.232034999171447;0.0004411312;0.00028;0.000541;529;1;1;2;526;1;5E-05;0.001883;1;52;0.000582
"Physics.SendTriggerEvents";0.000401;0.00017;0.002424;156;595;529;6;6;0.243673999677412;0.0004632586;0.000301;0.000501;529;1;1;2;526;1;4E-05;0.002424;1;529;0.000401
"Director.ProcessFrame";0.0004;0.00012;0.002755;474;224;615;4;4;0.368275998502213;0.0005808769;0.000171;0.000832;4228;7;5;9;634;1;1E-05;0.001713;73;95;0.001261
"GC.Alloc";0.000391;0.0002;0.002654;21;251;87;6;6;0.0469309991167393;0.0004838247;0.000341;0.0005129999;291;3;3;3;97;1;2E-05;0.002554;440;87;0
"Terrain.UpdateSplatProperties";0.000391;8E-05;0.001713;167;561;137;9;9;0.274682000017492;0.0004332524;0.000361;0.000521;634;1;1;1;634;1;8E-05;0.001713;561;137;0.000361
"FindDirectionalShadowCastingLights";0.000391;0.00018;0.001492;294;242;245;10;10;0.249407999683172;0.000393388;0.00027;0.000451;634;1;1;1;634;1;0.00018;0.001492;242;245;0.00043
"PhysX.ScScene.postBroadPhase3";0.000391;0.00025;0.009357;559;475;473;7;7;0.24424800023553;0.0004643498;0.000341;0.000481;529;1;1;2;526;1;0.00014;0.009357;385;473;0.000391
"EarlyUpdate.UpdateTextureStreamingManager";0.000391;0.00016;0.018214;615;146;473;3;3;0.319322999930591;0.000503664;0.00027;0.000561;634;1;1;1;634;1;0.00016;0.018214;146;473;0.000882
"SoundManager.Update";0.000391;6E-05;0.002805;616;524;88;4;4;0.319687998671725;0.0005042398;0.00028;0.000561;634;1;1;1;634;1;6E-05;0.002805;524;88;0.000231
"FrameEvents.XREndFrame";0.00039;0.00022;0.001132;55;165;67;4;4;0.268154999561375;0.0004229574;0.000321;0.000521;634;1;1;1;634;1;0.00022;0.001132;165;67;0.000541
"ClothScene.Update";0.00039;0.00019;0.011782;581;150;195;5;5;0.307342998945387;0.0004847681;0.000291;0.00049;634;1;1;1;634;1;0.00019;0.011782;150;195;0.000451
"EarlyUpdate.ResetFrameStatsAfterPresent";0.000381;0.000191;0.001603;352;29;500;3;3;0.272843000377179;0.0004303517;0.00028;0.000501;634;1;1;1;634;1;0.000191;0.001603;29;500;0.000661
"ScheduleCullingGroups";0.000381;9E-05;0.002074;363;4;250;8;8;0.275867999749607;0.000435123;0.000311;0.000521;634;1;1;1;634;1;9E-05;0.002074;4;250;0.000411
"Flush DSP connections";0.00038;8E-05;0.003346;460;314;168;7;7;0.29710300006991;0.0004686167;0.000301;0.000491;634;1;1;1;634;1;8E-05;0.003346;314;168;0.000511
"PostLateUpdate.ParticleSystemEndUpdateAll";0.00037;0.00024;0.002365;296;304;527;3;3;0.291194000426913;0.0004592965;0.000311;0.000481;634;1;1;1;634;1;0.00024;0.002365;304;527;0.001162
"EarlyUpdate.SpriteAtlasManagerUpdate";0.00037;0.00013;0.009518;332;420;38;3;3;0.270096000240301;0.0004260189;0.000261;0.000491;634;1;1;1;634;1;0.00013;0.009518;420;38;0.000521
"ParticleSystem.EndUpdateAll";0.00037;0.00024;0.002365;545;226;527;4;5;0.290267001226312;0.0004578344;0.00031;0.000481;1902;3;3;3;634;1;1E-05;0.002325;3;527;0.000371
"UIElements.CollectLayoutNodes";0.000361;0.000111;0.002625;263;171;30;5;5;0.280119999813905;0.0004418296;0.000281;0.000491;634;1;1;1;634;1;0.000111;0.002625;171;30;0.00029
"Initialization.UpdateCameraMotionVectors";0.000361;0.000131;0.001803;464;454;55;3;3;0.266022999523557;0.0004195946;0.00029;0.000491;634;1;1;1;634;1;0.000131;0.001803;454;55;0.000862
"NavMeshManager";0.000361;9E-05;0.002395;514;4;490;4;4;0.285711999735213;0.0004506499;0.000261;0.000481;634;1;1;1;634;1;9E-05;0.002395;4;490;0.000791
"Inl_DrawSkybox";0.00036;0.00017;0.007675;567;343;483;8;8;0.245425999819417;0.0003871073;0.00028;0.000411;634;1;1;1;634;1;0.00017;0.007675;343;483;0.00035
"Draw Additional Lights Shadowmap";0.000351;0.00014;0.003937;149;473;329;9;9;0.247057999644312;0.0003896814;0.000281;0.000461;634;1;1;1;634;1;0.00014;0.003937;473;329;0.00035
"PostLateUpdate.SortingGroupsUpdate";0.000351;9E-05;0.002795;226;303;97;3;3;0.285469999405905;0.0004502681;0.00028;0.000461;634;1;1;1;634;1;9E-05;0.002795;303;97;0.000401
"suspendPointHook.Invoke";0.000351;0.00017;0.002565;334;76;478;7;7;0.273589999356773;0.00043153;0.00027;0.000491;634;1;1;1;634;1;0.00017;0.002565;76;478;0.000471
"PhysX.ScScene.ccdBroadPhase";0.00035;0.00013;0.001493;9;344;347;7;7;0.215185000022757;0.0004090969;0.000281;0.000451;529;1;1;2;526;1;0.00013;0.001493;344;347;0.00031
"SkinnedMeshOncePerFrameUpdate";0.00035;0.00012;0.006653;158;461;56;5;5;0.266529999906197;0.0004203943;0.00025;0.000441;634;1;1;1;634;1;0.00012;0.006653;461;56;0.001132
"PostLateUpdate.GUIClearEvents";0.00034;9E-05;0.001984;296;633;182;3;3;0.266254999442026;0.0004199606;0.0003;0.000441;634;1;1;1;634;1;9E-05;0.001984;633;182;0.000231
"PhysX.Completion Task";0.00034;4.1E-05;0.001944;589;245;526;7;7;0.188447999775235;0.0003582661;0.00023;0.000411;529;1;1;2;526;1;4E-05;0.001944;1;526;0.000351
"PrepareSceneNodesJob";0.000331;0.000331;0.000331;385;385;385;12;12;0.000330999988364056;0.000331;0.000331;0.000331;1;1;1;1;1;385;0.000331;0.000331;385;385;0
"EarlyUpdate.ClearIntermediateRenderers";0.00033;0.00012;0.008676;304;87;92;3;3;0.276893999485765;0.0004367413;0.00027;0.000481;634;1;1;1;634;1;0.00012;0.008676;87;92;0.001763
"Physics2D.SyncColliderTransformChanges";0.00033;0.00015;0.002054;442;63;508;6;6;0.209191000030842;0.0003977015;0.00023;0.000461;529;1;1;2;526;1;0.0001;0.002054;1;508;0.000571
"UIEvents.CanvasManagerEmitOffScreenGeometry";0.00033;0.00015;0.003697;455;36;632;3;3;0.261867999608512;0.000413041;0.000241;0.000461;634;1;1;1;634;1;0.00015;0.003697;36;632;0.000501
"PhysX.ScScene.postThirdPassIslandGenTask";0.00032;0.0001;0.001653;366;248;503;7;7;0.195381999168603;0.0003714487;0.000231;0.000431;529;1;1;2;526;1;0.0001;0.001653;248;503;0.000311
"PhysX.PxsDynamics.solverConstraintPartition";0.00031;0.00017;0.001473;264;165;502;7;7;0.194141999614658;0.0003690913;0.00026;0.000421;529;1;1;2;526;1;7E-05;0.001473;222;502;0.000271
"SceneNodesInitJob";0.00031;0.000231;0.000972;364;261;396;12;12;0.0262299997993978;0.0003406493;0.000281;0.00035;77;1;1;1;77;26;0.000231;0.000972;261;396;0
"Update.DirectorUpdate";0.000301;0.00012;0.005591;53;276;116;3;3;0.336671999524697;0.0005310284;0.000191;0.000611;634;1;1;1;634;1;0.00012;0.005591;276;116;0.000521
"AsyncUploadManager.ScheduleAsyncCommands";0.000301;0.00016;0.006012;349;41;154;5;9;0.234633999119978;0.0003700852;0.00022;0.000431;1268;2;2;2;634;1;2E-05;0.004579;3;154;0.000531
"Director.PrepareFrame";0.000291;0.00014;0.002334;15;224;244;4;4;0.232726998714497;0.0003670773;0.000201;0.000431;4228;7;5;9;634;1;2E-05;0.002184;1;611;0.000602
"LowLevelPhysics2D.PhysicsWorld.WriteTransformTweens";0.000291;0.00013;0.003236;155;479;205;5;5;0.220570999721531;0.0003479038;0.00023;0.000351;634;1;1;1;634;1;0.00013;0.003236;479;205;0.000381
"PostLateUpdate.UpdateResolution";0.00029;9E-05;0.002144;442;129;184;3;3;0.240653999921051;0.0003795805;0.000221;0.000411;634;1;1;1;634;1;9E-05;0.002144;129;184;0.000541
"PostLateUpdate.UpdateVideo";0.00028;0.0001;0.001412;93;203;511;3;3;0.202893999696244;0.0003200221;0.000211;0.000341;634;1;1;1;634;1;0.0001;0.001412;203;511;0.000341
"EarlyUpdate.UpdateStreamingManager";0.00028;7E-05;0.002304;552;61;401;3;3;0.209408999769948;0.0003302981;0.00022;0.000381;634;1;1;1;634;1;7E-05;0.002304;61;401;0.000691
"PreLateUpdate.LegacyAnimationUpdate";0.000271;9E-05;0.002795;57;312;30;3;3;0.228834000256029;0.0003609369;0.000211;0.000411;634;1;1;1;634;1;9E-05;0.002795;312;30;0.000421
"PhysX.ScScene.postIslandGen";0.000271;0.00012;0.003066;275;474;480;7;7;0.173284999487805;0.0003326008;0.00022;0.000351;523;1;1;2;521;1;0.00011;0.003066;222;480;0.000241
"EarlyUpdate.PerformanceAnalyticsUpdate";0.000261;5.1E-05;0.001523;445;416;247;3;3;0.205054999441927;0.0003234306;0.000201;0.00039;634;1;1;1;634;1;5.1E-05;0.001523;416;247;0.00021
"PhysX.ScScene.constraintProjection";0.000261;4E-05;0.001904;494;624;148;7;7;0.17169599935005;0.0003264183;0.000221;0.00038;529;1;1;2;526;1;4E-05;0.001904;624;148;0.000251
"Profiler.FrameMetadata";0.00026;0.00012;0.035967;249;197;16;5;5;0.889362003887072;0.001436772;0.0002;0.000301;703;1;1;3;619;16;0.00012;0.034665;197;16;0
"FixedUpdate.DirectorFixedSampleTime";0.00026;9E-05;0.001644;300;535;559;3;3;0.155126999830827;0.0002949183;0.00014;0.000351;529;1;1;2;526;1;3E-05;0.001644;385;559;0.000331
"CompileRenderGraph";0.00026;9E-05;0.000761;553;106;288;8;8;0.174812999794085;0.0002757303;0.00022;0.000291;634;1;1;1;634;1;9E-05;0.000761;106;288;0.000381
"PostLateUpdate.InputEndFrame";0.000251;5E-05;0.002215;634;254;85;3;3;0.194138999893767;0.0003062129;0.0002;0.000311;634;1;1;1;634;1;5E-05;0.002215;254;85;0.00026
"FixedUpdate.DirectorFixedUpdatePostPhysics";0.00025;0.00013;0.002425;23;276;585;3;3;0.154412999239867;0.0002935608;0.00016;0.000311;529;1;1;2;526;1;0.00012;0.002425;1;585;0.000281
"PhysX.ScScene.fetchPatchEventsTask";0.00025;9E-05;0.007054;148;11;30;7;7;0.16284200019436;0.0003095856;0.00019;0.000301;529;1;1;2;526;1;5E-05;0.007054;385;30;0.000261
"FixedUpdate.ScriptRunDelayedFixedFrameRate";0.00025;0.00014;0.002214;515;72;59;3;3;0.182991000227048;0.0003478916;0.00022;0.00035;529;1;1;2;526;1;0.00014;0.002214;72;59;0.00021
"Update Lights";0.00024;9E-05;0.001953;31;9;490;4;4;0.188873999613861;0.0002979085;0.00018;0.00035;634;1;1;1;634;1;9E-05;0.001953;9;490;0.000361
"QueuePrepareIntegrateMainThreadObjects";0.00024;0.00018;0.000601;224;190;13;9;10;0.164592998931766;0.0002596104;0.00022;0.000281;1268;2;2;2;634;1;8E-05;0.000481;7;13;0.000191
"PhysX.ScScene.ccdBroadPhaseAABB";0.00024;5E-05;0.002013;233;262;541;7;7;0.147191999541974;0.0002798327;0.00018;0.000301;529;1;1;2;526;1;5E-05;0.002013;262;541;0.000271
"Connections.Process";0.00024;6E-05;0.001643;336;440;611;6;7;0.185610999164055;0.0002927618;0.00017;0.000361;1268;2;2;2;634;1;3E-05;0.001473;13;611;0.000312
"PhysX.PxsDynamics.solverEnd";0.00023;8E-05;0.002284;21;3;335;7;7;0.138985999576107;0.0002642319;0.0001;0.00032;529;1;1;2;526;1;7E-05;0.002284;385;335;9E-05
"PreLateUpdate.DirectorUpdateAnimationEnd";0.00023;0.00011;0.002204;96;8;130;3;3;0.190741999067541;0.0003008549;0.00013;0.000401;634;1;1;1;634;1;0.00011;0.002204;8;130;0.000912
"PostLateUpdate.DirectorRenderImage";0.00023;0.00012;0.002495;346;227;88;3;3;0.191258999475394;0.0003016703;0.00014;0.000381;634;1;1;1;634;1;0.00012;0.002495;227;88;0.000431
"ConstraintManager::Update::JobSetup";0.000221;4E-05;0.001843;93;56;285;5;5;0.16849399936109;0.0002657634;0.00016;0.000281;634;1;1;1;634;1;4E-05;0.001843;56;285;0.00022
"FixedUpdate.XRFixedUpdate";0.000221;6E-05;0.001483;111;203;253;3;3;0.136728999503248;0.0002599411;0.00017;0.00029;529;1;1;2;526;1;3E-05;0.001483;385;253;0.00021
"PostLateUpdate.XRPostLateUpdate";0.00022;7E-05;0.001573;375;525;507;3;3;0.167353000040748;0.0002639637;0.00018;0.000271;634;1;1;1;634;1;7E-05;0.001573;525;507;0.00025
"EarlyUpdate.UpdateAsyncReadbackManager";0.00022;0.00013;0.001643;633;11;81;3;3;0.172527999631711;0.0002721262;0.00017;0.000301;634;1;1;1;634;1;0.00013;0.001643;11;81;0.00022
"CombineJobResults";0.00021;3E-05;0.000711;44;3;413;10;11;0.101921999397746;0.0001982918;0.00016;0.000232;747;1;1;3;514;2;2E-05;0.000681;38;413;0.00026
"PhysX.ScScene.updateBodiesAndShapes";0.00021;5E-05;0.001452;47;192;156;7;7;0.117783999852691;0.000223924;0.000151;0.00025;529;1;1;2;526;1;4E-05;0.001452;385;156;0.000321
"PreLateUpdate.DirectorUpdateAnimationBegin";0.0002;0.00011;0.002285;465;50;565;3;3;0.154645999435161;0.0002439211;0.00013;0.000271;634;1;1;1;634;1;0.00011;0.002285;50;565;0.000251
"FinalizeUpdateRendererBoundingVolumes";0.000191;7E-05;0.014107;497;434;445;5;5;0.148153999856731;0.0002336814;0.00017;0.00023;634;1;1;1;634;1;7E-05;0.014107;434;445;0.000191
"PostLateUpdate.DirectorLateUpdate";0.000191;0.00011;0.001723;608;16;157;3;3;0.149751999779255;0.0002362019;0.00013;0.000271;634;1;1;1;634;1;0.00011;0.001723;16;157;0.000531
"PreLateUpdate.DirectorDeferredEvaluate";0.000181;8E-05;0.007605;412;242;453;3;3;0.163782999290561;0.0002583328;0.00011;0.000261;634;1;1;1;634;1;8E-05;0.007605;242;453;0.000842
"EarlyUpdate.TilemapRendererEarlyUpdate";0.00018;4E-05;0.000992;29;335;201;3;3;0.129995999406674;0.000205041;0.000121;0.00023;634;1;1;1;634;1;4E-05;0.000992;335;201;0.00019
"ParticleSystem.WaitForPreviousRenderingToFinish";0.00018;4E-05;0.001863;333;50;197;5;5;0.133907999646908;0.0002112114;0.00013;0.000221;634;1;1;1;634;1;4E-05;0.001863;50;197;0.00019
"PhysX.ScScene.processNpLostTouchTask";0.00018;4E-05;0.001553;578;29;73;7;7;0.0965599994524382;0.0001835741;6E-05;0.00023;529;1;1;2;526;1;4E-05;0.001553;29;73;0.00021
"PostLateUpdate.XRPreEndFrame";0.00018;0.00012;0.001393;606;39;94;3;3;0.13643499976024;0.0002151972;0.00014;0.00022;634;1;1;1;634;1;0.00012;0.001393;39;94;0.000351
"PhysX.ScScene.lostTouchReports";0.00017;7E-05;0.004759;343;9;160;7;7;0.119001999642933;0.0002262395;9.1E-05;0.000281;529;1;1;2;526;1;6E-05;0.004759;222;160;0.000241
"FindShadowCastingLights";0.00017;6E-05;0.000782;592;5;343;11;11;0.102300000136893;0.0001613565;7E-05;0.00021;634;1;1;1;634;1;6E-05;0.000782;5;343;0.00021
"UpdateRendererBoundingVolumes";0.000161;7E-05;0.001253;594;5;26;5;5;0.118917999410769;0.0001875678;8.1E-05;0.000221;634;1;1;1;634;1;7E-05;0.001253;5;26;0.00018
"Update.ScriptRunDelayedDynamicFrameRate";0.00016;0.0001;0.183135;497;7;370;3;3;6.68429197995283;0.01054305;0.000121;0.000281;634;1;1;1;634;1;0.0001;0.183135;7;370;0.00024
"PostLateUpdate.PhysicsSkinnedClothFinishUpdate";0.00015;9E-05;0.001413;346;20;157;3;3;0.120973999277339;0.0001908107;0.0001;0.000211;634;1;1;1;634;1;9E-05;0.001413;20;157;0.0001
"Physics.CalculateChangedBodyTransforms";0.00015;6E-05;0.001813;378;31;485;6;6;0.104423000018869;0.0001985228;7.1E-05;0.00026;529;1;1;2;526;1;6E-05;0.001813;1;485;0.00035
"Inl_RenderPipeline.BeginContextRendering";0.00014;7E-05;0.000511;133;31;2;5;5;0.0957939995714696;0.0001510946;0.0001;0.00019;634;1;1;1;634;1;7E-05;0.000511;31;2;0.000301
"UIR.Free";0.00013;0.0001;0.001262;341;64;529;5;5;0.105881999123085;0.0001670063;0.00012;0.000141;634;1;1;1;634;1;0.0001;0.001262;64;529;0.00012
"PostLateUpdate.ScriptRunDelayedDynamicFrameRate";0.000111;9E-05;0.001703;250;263;267;3;3;0.106537999155989;0.000168041;0.0001;0.000151;634;1;1;1;634;1;9E-05;0.001703;263;267;0.000201
"Terrain.Trees.OnWillRender";0.00011;6E-05;0.00548;405;73;351;9;11;0.120638999273069;0.0001902823;8E-05;0.00024;1268;2;2;2;634;1;2E-05;0.00545;205;351;8E-05
"PhysX.PostThirdPassTask";0.0001;6E-05;0.001944;265;63;335;7;7;0.0831229997638729;0.0001626673;8E-05;0.00021;514;1;1;2;511;1;5E-05;0.001944;222;335;9E-05
"ClothManager.UploadSimulatedSkinData";0.0001;4E-05;0.001062;278;69;45;4;4;0.0864979994476016;0.0001364322;6E-05;0.000151;634;1;1;1;634;1;4E-05;0.001062;69;45;5E-05
"PostLateUpdate.EndGraphicsJobsAfterScriptLateUpdate";9E-05;7E-05;0.001252;221;64;200;3;3;0.0839509993238607;0.0001324148;8E-05;0.00014;634;1;1;1;634;1;7E-05;0.001252;64;200;8E-05
"RG_SetupPostFX";8.1E-05;5E-05;0.000551;377;337;376;9;9;0.0658929996970983;0.0001039322;8E-05;0.0001;634;1;1;1;634;1;5E-05;0.000551;337;376;0.00015
"EarlyUpdate.UpdateMainGameViewRect";8E-05;5E-05;0.001734;270;47;578;3;3;0.0657489997211087;0.000103705;7E-05;9.1E-05;634;1;1;1;634;1;5E-05;0.001734;47;578;9.1E-05
"TextRendering.CollectGarbage";8E-05;4E-05;0.001382;308;14;480;4;4;0.0650119997590082;0.0001025426;7E-05;9.1E-05;634;1;1;1;634;1;4E-05;0.001382;14;480;6E-05
"EarlyUpdate.GpuTimestamp";7E-05;5E-05;0.001072;366;2;238;3;3;0.0596689997109934;9.411514E-05;6E-05;8E-05;634;1;1;1;634;1;5E-05;0.001072;2;238;0.00015
"TextureStreamingManager.Update";7E-05;2E-05;0.017814;479;2;473;4;4;0.104873998487164;0.0001654164;3E-05;0.00017;634;1;1;1;634;1;2E-05;0.017814;2;473;0.00017
"PostLateUpdate.BatchModeUpdate";7E-05;4E-05;0.001543;548;8;558;3;3;0.0535189993279346;8.441482E-05;5E-05;8E-05;634;1;1;1;634;1;4E-05;0.001543;8;558;5E-05
"EditorConnection.RefreshObservablePlayerList";6E-05;4E-05;0.001393;85;1;464;5;5;0.0461219991921098;7.274764E-05;5E-05;6E-05;634;1;1;1;634;1;4E-05;0.001393;1;464;4E-05
"Inl_RenderPipeline.BeginCameraRendering";6E-05;4E-05;0.000401;86;297;130;6;6;0.0577099995061872;9.102523E-05;5E-05;0.0001;634;1;1;1;634;1;4E-05;0.000401;297;130;0.000281
"Setup Debug Properties";6E-05;3E-05;0.000561;185;59;216;9;9;0.0536069993795536;8.455363E-05;5E-05;7E-05;634;1;1;1;634;1;3E-05;0.000561;59;216;6E-05
"Inl_UniversalRenderPipeline.GetPerObjectLightFlags";6E-05;5E-05;0.001262;361;14;570;8;8;0.0455059992018505;7.177603E-05;6E-05;6.1E-05;634;1;1;1;634;1;5E-05;0.001262;14;570;6E-05
"Shadows.Sort";6E-05;2E-05;0.001333;370;24;263;16;16;0.0479259992462175;8.573524E-05;4E-05;9E-05;1201;2;1;4;559;3;1E-05;0.001313;10;263;5E-05
"FixedUpdate.ClearLines";6E-05;4E-05;0.001182;593;5;485;3;3;0.0556839996788767;0.0001058631;5E-05;0.0001;529;1;1;2;526;1;4E-05;0.001182;5;485;0.00018
"Connections.Poll";5E-05;3E-05;0.001403;193;59;245;6;7;0.0352569992064673;5.561041E-05;4E-05;5E-05;1268;2;2;2;634;1;1E-05;0.001373;30;245;4E-05
"PreUpdate.CheckTexFieldInput";5E-05;2E-05;0.001032;230;1;436;3;3;0.0409279994673852;6.455521E-05;4E-05;7.1E-05;634;1;1;1;634;1;2E-05;0.001032;1;436;3E-05
"UIEvents.AlignCanvasRectTransformWithCamera";5E-05;4E-05;0.006161;311;3;484;4;4;0.0440649994343403;6.950316E-05;4E-05;5E-05;634;1;1;1;634;1;4E-05;0.006161;3;484;5E-05
"SortingGroupManager.Update";5E-05;3E-05;0.000901;354;2;634;4;4;0.0380439993314212;6.000631E-05;4E-05;6E-05;634;1;1;1;634;1;3E-05;0.000901;2;634;4E-05
"PostLateUpdate.ResetInputAxis";5E-05;4E-05;0.001232;367;7;382;3;3;0.0359199992017238;5.665615E-05;5E-05;5E-05;634;1;1;1;634;1;4E-05;0.001232;7;382;5E-05
"Inl_RenderPipeline.EndContextRendering";5E-05;3E-05;0.000481;368;59;179;5;5;0.0469439992848493;7.404416E-05;4.1E-05;5.1E-05;634;1;1;1;634;1;3E-05;0.000481;59;179;5E-05
"Inl_Sort Render Passes";4.1E-05;2E-05;0.002525;618;9;2;8;8;0.0712539994419785;0.000112388;4E-05;0.000171;634;1;1;1;634;1;2E-05;0.002525;9;2;0.00021
"Initialization.SynchronizeState";4E-05;3E-05;0.001092;382;39;44;3;3;0.0289849994805991;4.571766E-05;4E-05;4.1E-05;634;1;1;1;634;1;3E-05;0.001092;39;44;4E-05
"PreLateUpdate.PhysicsLateUpdate";4E-05;3E-05;0.001042;448;6;28;3;3;0.0304299994313624;4.799684E-05;4E-05;5E-05;634;1;1;1;634;1;3E-05;0.001042;6;28;4E-05
"Physics.WriteColliderPoses";3E-05;2E-05;0.000561;6;5;312;6;6;0.0151389996972284;2.878137E-05;2E-05;3E-05;529;1;1;2;526;1;2E-05;0.000561;1;312;2E-05
"Physics.WriteRigidbodyPoses";3E-05;2E-05;0.000842;132;5;71;6;6;0.0155699996757903;2.960076E-05;2E-05;3E-05;529;1;1;2;526;1;2E-05;0.000842;1;71;3E-05
"Send messages";3E-05;2E-05;0.000661;169;1;53;5;5;0.0185119996058347;2.919874E-05;2E-05;3E-05;634;1;1;1;634;1;2E-05;0.000661;1;53;3E-05
"Physics.SendJointBreakEvents";3E-05;2E-05;0.000952;261;3;49;6;6;0.0352639996563084;6.704182E-05;2E-05;9E-05;529;1;1;2;526;1;2E-05;0.000952;1;49;3.1E-05
"CullingGroupSendEvents";3E-05;2E-05;0.000882;384;15;201;8;8;0.0223059995150834;3.518297E-05;3E-05;3E-05;634;1;1;1;634;1;2E-05;0.000882;15;201;3E-05
"PostLateUpdate.UpdateCaptureScreenshot";2E-05;2E-05;0.001122;576;1;585;3;3;0.0192419996674289;3.035016E-05;2E-05;3E-05;634;1;1;1;634;1;2E-05;0.001122;1;585;2E-05
"GfxResource.Register";0;0;0;61;1;1;6;6;0;0;0;0;33;3;3;6;10;1;0;0;1;1;0
"Object.Register";0;0;0;61;1;1;6;6;0;0;0;0;11;1;1;2;10;1;0;0;1;1;0
"Object.SetName";0;0;0;61;1;1;6;6;0;0;0;0;11;1;1;2;10;1;0;0;1;1;0
"Active Constraints";0;0;0;317;1;1;3;5;0;0;0;0;1160;2;1;2;634;1;0;0;1;1;0
"Active Dynamic Bodies";0;0;0;317;1;1;3;5;0;0;0;0;1160;2;1;2;634;1;0;0;1;1;0
"Active Kinematic Bodies";0;0;0;317;1;1;3;5;0;0;0;0;1160;2;1;2;634;1;0;0;1;1;0
"Added Contacts";0;0;0;317;1;1;3;3;0;0;0;0;634;1;1;1;634;1;0;0;1;1;0
"AnimationClip Count";0;0;0;317;1;1;3;3;0;0;0;0;634;1;1;1;634;1;0;0;1;1;0
"AnimationClip Memory";0;0;0;317;1;1;3;3;0;0;0;0;634;1;1;1;634;1;0;0;1;1;0
"App Committed Memory";0;0;0;317;1;1;3;3;0;0;0;0;634;1;1;1;634;1;0;0;1;1;0
"App Resident Memory";0;0;0;317;1;1;3;3;0;0;0;0;634;1;1;1;634;1;0;0;1;1;0
"Articulation Bodies";0;0;0;317;1;1;3;5;0;0;0;0;1160;2;1;2;634;1;0;0;1;1;0
"Asleep Bodies";0;0;0;317;1;1;3;3;0;0;0;0;634;1;1;1;634;1;0;0;1;1;0
"Asleep Shapes";0;0;0;317;1;1;3;3;0;0;0;0;634;1;1;1;634;1;0;0;1;1;0
"Asset Count";0;0;0;317;1;1;3;3;0;0;0;0;634;1;1;1;634;1;0;0;1;1;0
"Atlases";0;0;0;317;1;1;3;3;0;0;0;0;634;1;1;1;634;1;0;0;1;1;0
"Audio Reads";0;0;0;317;1;1;3;3;0;0;0;0;634;1;1;1;634;1;0;0;1;1;0
"Audio Reserved Memory";0;0;0;317;1;1;3;3;0;0;0;0;634;1;1;1;634;1;0;0;1;1;0
"Audio Used Memory";0;0;0;317;1;1;3;3;0;0;0;0;634;1;1;1;634;1;0;0;1;1;0
"AudioClip Count";0;0;0;317;1;1;3;3;0;0;0;0;634;1;1;1;634;1;0;0;1;1;0
"AudioClip Memory";0;0;0;317;1;1;3;3;0;0;0;0;634;1;1;1;634;1;0;0;1;1;0
"Awake Bodies";0;0;0;317;1;1;3;3;0;0;0;0;634;1;1;1;634;1;0;0;1;1;0
"Awake Shapes";0;0;0;317;1;1;3;3;0;0;0;0;634;1;1;1;634;1;0;0;1;1;0
"Batches Count";0;0;0;317;1;1;4;4;0;0;0;0;634;1;1;1;634;1;0;0;1;1;0
"Broadphase Adds";0;0;0;317;1;1;3;5;0;0;0;0;1160;2;1;2;634;1;0;0;1;1;0
"Broadphase Adds/Removes";0;0;0;317;1;1;3;5;0;0;0;0;1160;2;1;2;634;1;0;0;1;1;0
"Broadphase Pairs";0;0;0;317;1;1;3;3;0;0;0;0;634;1;1;1;634;1;0;0;1;1;0
"Broadphase Removes";0;0;0;317;1;1;3;5;0;0;0;0;1160;2;1;2;634;1;0;0;1;1;0
"Broadphase Updates";0;0;0;317;1;1;3;3;0;0;0;0;634;1;1;1;634;1;0;0;1;1;0
"Colliders Synced";0;0;0;317;1;1;3;5;0;0;0;0;1160;2;1;2;634;1;0;0;1;1;0
"Collision Enter";0;0;0;317;1;1;3;3;0;0;0;0;634;1;1;1;634;1;0;0;1;1;0
"Collision Exit";0;0;0;317;1;1;3;3;0;0;0;0;634;1;1;1;634;1;0;0;1;1;0
"Collision Stay";0;0;0;317;1;1;3;3;0;0;0;0;634;1;1;1;634;1;0;0;1;1;0
"Continuous Bodies";0;0;0;317;1;1;3;3;0;0;0;0;634;1;1;1;634;1;0;0;1;1;0
"Continuous Overlaps";0;0;0;317;1;1;3;5;0;0;0;0;1160;2;1;2;634;1;0;0;1;1;0
"CPU Main Thread Frame Time";0;0;0;317;1;1;3;3;0;0;0;0;634;1;1;1;634;1;0;0;1;1;0
"CPU Render Thread Frame Time";0;0;0;317;1;1;3;3;0;0;0;0;634;1;1;1;634;1;0;0;1;1;0
"CPU Total Frame Time";0;0;0;317;1;1;3;3;0;0;0;0;634;1;1;1;634;1;0;0;1;1;0
"Discreet Overlaps";0;0;0;317;1;1;3;5;0;0;0;0;1160;2;1;2;634;1;0;0;1;1;0
"Discrete Bodies";0;0;0;317;1;1;3;3;0;0;0;0;634;1;1;1;634;1;0;0;1;1;0
"Draw Calls Count";0;0;0;317;1;1;4;4;0;0;0;0;634;1;1;1;634;1;0;0;1;1;0
"Dynamic Batched Draw Calls Count";0;0;0;317;1;1;4;4;0;0;0;0;634;1;1;1;634;1;0;0;1;1;0
"Dynamic Batched Triangles Count";0;0;0;317;1;1;4;4;0;0;0;0;634;1;1;1;634;1;0;0;1;1;0
"Dynamic Batched Vertices Count";0;0;0;317;1;1;4;4;0;0;0;0;634;1;1;1;634;1;0;0;1;1;0
"Dynamic Batches Count";0;0;0;317;1;1;4;4;0;0;0;0;634;1;1;1;634;1;0;0;1;1;0
"Dynamic Batching Time";0;0;0;317;1;1;4;4;0;0;0;0;634;1;1;1;634;1;0;0;1;1;0
"Dynamic Bodies";0;0;0;317;1;1;3;5;0;0;0;0;1794;3;2;3;634;1;0;0;1;1;0
"Dynamic Shapes";0;0;0;317;1;1;3;3;0;0;0;0;634;1;1;1;634;1;0;0;1;1;0
"Entities Reads";0;0;0;317;1;1;3;3;0;0;0;0;634;1;1;1;634;1;0;0;1;1;0
"File Bytes Read";0;0;0;317;1;1;3;3;0;0;0;0;634;1;1;1;634;1;0;0;1;1;0
"File Bytes Written";0;0;0;317;1;1;3;3;0;0;0;0;634;1;1;1;634;1;0;0;1;1;0
"File Handles Open";0;0;0;317;1;1;3;3;0;0;0;0;634;1;1;1;634;1;0;0;1;1;0
"File Reads Finished";0;0;0;317;1;1;3;3;0;0;0;0;634;1;1;1;634;1;0;0;1;1;0
"File Reads Started";0;0;0;317;1;1;3;3;0;0;0;0;634;1;1;1;634;1;0;0;1;1;0
"File Seeks";0;0;0;317;1;1;3;3;0;0;0;0;634;1;1;1;634;1;0;0;1;1;0
"Files Closed";0;0;0;317;1;1;3;3;0;0;0;0;634;1;1;1;634;1;0;0;1;1;0
"Files Opened";0;0;0;317;1;1;3;3;0;0;0;0;634;1;1;1;634;1;0;0;1;1;0
"Game Object Count";0;0;0;317;1;1;3;3;0;0;0;0;634;1;1;1;634;1;0;0;1;1;0
"GC Allocated In Frame";0;0;0;317;1;1;3;3;0;0;0;0;634;1;1;1;634;1;0;0;1;1;0
"GC Allocation In Frame Count";0;0;0;317;1;1;3;3;0;0;0;0;634;1;1;1;634;1;0;0;1;1;0
"GC Reserved Memory";0;0;0;317;1;1;3;3;0;0;0;0;634;1;1;1;634;1;0;0;1;1;0
"GC Used Memory";0;0;0;317;1;1;3;3;0;0;0;0;634;1;1;1;634;1;0;0;1;1;0
"GetContacts Queries";0;0;0;317;1;1;3;3;0;0;0;0;634;1;1;1;634;1;0;0;1;1;0
"Gfx Reserved Memory";0;0;0;317;1;1;3;3;0;0;0;0;634;1;1;1;634;1;0;0;1;1;0
"Gfx Used Memory";0;0;0;317;1;1;3;3;0;0;0;0;634;1;1;1;634;1;0;0;1;1;0
"Global Illumination Support";0;0;0;317;1;1;3;3;0;0;0;0;634;1;1;1;634;1;0;0;1;1;0
"GPU Frame Time";0;0;0;317;1;1;3;3;0;0;0;0;634;1;1;1;634;1;0;0;1;1;0
"Index Buffer Upload In Frame Bytes";0;0;0;317;1;1;4;4;0;0;0;0;634;1;1;1;634;1;0;0;1;1;0
"Index Buffer Upload In Frame Count";0;0;0;317;1;1;4;4;0;0;0;0;634;1;1;1;634;1;0;0;1;1;0
"Indirect Draw Calls Count";0;0;0;317;1;1;4;4;0;0;0;0;634;1;1;1;634;1;0;0;1;1;0
"Instanced Batched Draw Calls Count";0;0;0;317;1;1;4;4;0;0;0;0;634;1;1;1;634;1;0;0;1;1;0
"Instanced Batched Triangles Count";0;0;0;317;1;1;4;4;0;0;0;0;634;1;1;1;634;1;0;0;1;1;0
"Instanced Batched Vertices Count";0;0;0;317;1;1;4;4;0;0;0;0;634;1;1;1;634;1;0;0;1;1;0
"Instanced Batches Count";0;0;0;317;1;1;4;4;0;0;0;0;634;1;1;1;634;1;0;0;1;1;0
"IsTouching Queries";0;0;0;317;1;1;3;3;0;0;0;0;634;1;1;1;634;1;0;0;1;1;0
"KickJobs";0;0;0;317;1;1;5;12;0;0;0;0;10778;17;17;17;634;1;0;0;1;1;0
"Kinematic Bodies";0;0;0;317;1;1;3;3;0;0;0;0;634;1;1;1;634;1;0;0;1;1;0
"Kinematic Shapes";0;0;0;317;1;1;3;3;0;0;0;0;634;1;1;1;634;1;0;0;1;1;0
"Material Count";0;0;0;317;1;1;3;3;0;0;0;0;634;1;1;1;634;1;0;0;1;1;0
"Material Memory";0;0;0;317;1;1;3;3;0;0;0;0;634;1;1;1;634;1;0;0;1;1;0
"Max Cache Demand";0;0;0;317;1;1;3;3;0;0;0;0;634;1;1;1;634;1;0;0;1;1;0
"Max Cache Mip Bias";0;0;0;317;1;1;3;3;0;0;0;0;634;1;1;1;634;1;0;0;1;1;0
"Mesh Count";0;0;0;317;1;1;3;3;0;0;0;0;634;1;1;1;634;1;0;0;1;1;0
"Mesh Memory";0;0;0;317;1;1;3;3;0;0;0;0;634;1;1;1;634;1;0;0;1;1;0
"Mesh Reads";0;0;0;317;1;1;3;3;0;0;0;0;634;1;1;1;634;1;0;0;1;1;0
"Missing Disk Data";0;0;0;317;1;1;3;3;0;0;0;0;634;1;1;1;634;1;0;0;1;1;0
"Missing Streaming Tiles";0;0;0;317;1;1;3;3;0;0;0;0;634;1;1;1;634;1;0;0;1;1;0
"Modified Overlaps";0;0;0;317;1;1;3;5;0;0;0;0;1160;2;1;2;634;1;0;0;1;1;0
"Narrowphase Lost Touches";0;0;0;317;1;1;3;5;0;0;0;0;1160;2;1;2;634;1;0;0;1;1;0
"Narrowphase New Touches";0;0;0;317;1;1;3;5;0;0;0;0;1160;2;1;2;634;1;0;0;1;1;0
"Narrowphase Touches";0;0;0;317;1;1;3;5;0;0;0;0;1160;2;1;2;634;1;0;0;1;1;0
"Object Count";0;0;0;317;1;1;3;3;0;0;0;0;634;1;1;1;634;1;0;0;1;1;0
"Other Reads";0;0;0;317;1;1;3;3;0;0;0;0;634;1;1;1;634;1;0;0;1;1;0
"Overlap Queries";0;0;0;317;1;1;3;3;0;0;0;0;634;1;1;1;634;1;0;0;1;1;0
"Overlaps";0;0;0;317;1;1;3;5;0;0;0;0;1160;2;1;2;634;1;0;0;1;1;0
"Particle Queries";0;0;0;317;1;1;3;3;0;0;0;0;634;1;1;1;634;1;0;0;1;1;0
"Physics Queries";0;0;0;317;1;1;3;5;0;0;0;0;1160;2;1;2;634;1;0;0;1;1;0
"Physics Used Memory";0;0;0;317;1;1;3;5;0;0;0;0;1160;2;1;2;634;1;0;0;1;1;0
"Physics Used Memory (2D)";0;0;0;317;1;1;3;3;0;0;0;0;634;1;1;1;634;1;0;0;1;1;0
"Profiler Reserved Memory";0;0;0;317;1;1;3;3;0;0;0;0;634;1;1;1;634;1;0;0;1;1;0
"Profiler Used Memory";0;0;0;317;1;1;3;3;0;0;0;0;634;1;1;1;634;1;0;0;1;1;0
"Raycast Queries";0;0;0;317;1;1;3;3;0;0;0;0;634;1;1;1;634;1;0;0;1;1;0
"Read From Disk";0;0;0;317;1;1;3;3;0;0;0;0;634;1;1;1;634;1;0;0;1;1;0
"Reads in Flight";0;0;0;317;1;1;3;3;0;0;0;0;634;1;1;1;634;1;0;0;1;1;0
"Removed Contacts";0;0;0;317;1;1;3;3;0;0;0;0;634;1;1;1;634;1;0;0;1;1;0
"Render Textures Bytes";0;0;0;317;1;1;3;3;0;0;0;0;634;1;1;1;634;1;0;0;1;1;0
"Render Textures Changes Count";0;0;0;317;1;1;4;4;0;0;0;0;634;1;1;1;634;1;0;0;1;1;0
"Render Textures Count";0;0;0;317;1;1;3;3;0;0;0;0;634;1;1;1;634;1;0;0;1;1;0
"Required Tiles";0;0;0;317;1;1;3;3;0;0;0;0;634;1;1;1;634;1;0;0;1;1;0
"Rigidbodies Synced";0;0;0;317;1;1;3;5;0;0;0;0;1160;2;1;2;634;1;0;0;1;1;0
"Scene Object Count";0;0;0;317;1;1;3;3;0;0;0;0;634;1;1;1;634;1;0;0;1;1;0
"ScheduleAllocJob";0;0;0;317;1;1;7;12;0;0;0;0;6973;11;10;11;634;1;0;0;1;1;0
"ScheduleJob";0;0;0;317;1;1;6;13;0;0;0;0;23187;38;26;52;634;1;0;0;1;1;0
"Scripting Reads";0;0;0;317;1;1;3;3;0;0;0;0;634;1;1;1;634;1;0;0;1;1;0
"SetPass Calls Count";0;0;0;317;1;1;4;4;0;0;0;0;634;1;1;1;634;1;0;0;1;1;0
"Shadow Casters Count";0;0;0;317;1;1;4;4;0;0;0;0;634;1;1;1;634;1;0;0;1;1;0
"Shapecast Queries";0;0;0;317;1;1;3;3;0;0;0;0;634;1;1;1;634;1;0;0;1;1;0
"Solver Continuous Islands";0;0;0;317;1;1;3;3;0;0;0;0;634;1;1;1;634;1;0;0;1;1;0
"Solver Discrete Islands";0;0;0;317;1;1;3;3;0;0;0;0;634;1;1;1;634;1;0;0;1;1;0
"Solver Simulation Count";0;0;0;317;1;1;3;3;0;0;0;0;634;1;1;1;634;1;0;0;1;1;0
"Solver World Count";0;0;0;317;1;1;3;3;0;0;0;0;634;1;1;1;634;1;0;0;1;1;0
"Static Batched Draw Calls Count";0;0;0;317;1;1;4;4;0;0;0;0;634;1;1;1;634;1;0;0;1;1;0
"Static Batched Triangles Count";0;0;0;317;1;1;4;4;0;0;0;0;634;1;1;1;634;1;0;0;1;1;0
"Static Batched Vertices Count";0;0;0;317;1;1;4;4;0;0;0;0;634;1;1;1;634;1;0;0;1;1;0
"Static Batches Count";0;0;0;317;1;1;4;4;0;0;0;0;634;1;1;1;634;1;0;0;1;1;0
"Static Bodies";0;0;0;317;1;1;3;3;0;0;0;0;634;1;1;1;634;1;0;0;1;1;0
"Static Colliders";0;0;0;317;1;1;3;5;0;0;0;0;1160;2;1;2;634;1;0;0;1;1;0
"Static Shapes";0;0;0;317;1;1;3;3;0;0;0;0;634;1;1;1;634;1;0;0;1;1;0
"System Total Used Memory";0;0;0;317;1;1;3;3;0;0;0;0;634;1;1;1;634;1;0;0;1;1;0
"System Used Memory";0;0;0;317;1;1;3;3;0;0;0;0;634;1;1;1;634;1;0;0;1;1;0
"Texture Count";0;0;0;317;1;1;3;3;0;0;0;0;634;1;1;1;634;1;0;0;1;1;0
"Texture Memory";0;0;0;317;1;1;3;3;0;0;0;0;634;1;1;1;634;1;0;0;1;1;0
"Texture Reads";0;0;0;317;1;1;3;3;0;0;0;0;634;1;1;1;634;1;0;0;1;1;0
"Total Bodies";0;0;0;317;1;1;3;3;0;0;0;0;634;1;1;1;634;1;0;0;1;1;0
"Total Callbacks";0;0;0;317;1;1;3;3;0;0;0;0;634;1;1;1;634;1;0;0;1;1;0
"Total Contacts";0;0;0;317;1;1;3;3;0;0;0;0;634;1;1;1;634;1;0;0;1;1;0
"Total CPU Cache Size";0;0;0;317;1;1;3;3;0;0;0;0;634;1;1;1;634;1;0;0;1;1;0
"Total GPU Cache Size";0;0;0;317;1;1;3;3;0;0;0;0;634;1;1;1;634;1;0;0;1;1;0
"Total Joints";0;0;0;317;1;1;3;3;0;0;0;0;634;1;1;1;634;1;0;0;1;1;0
"Total Queries";0;0;0;317;1;1;3;3;0;0;0;0;634;1;1;1;634;1;0;0;1;1;0
"Total Reserved Memory";0;0;0;317;1;1;3;3;0;0;0;0;634;1;1;1;634;1;0;0;1;1;0
"Total Shapes";0;0;0;317;1;1;3;3;0;0;0;0;634;1;1;1;634;1;0;0;1;1;0
"Total Transform Sync Calls";0;0;0;317;1;1;3;3;0;0;0;0;634;1;1;1;634;1;0;0;1;1;0
"Total Used Memory";0;0;0;317;1;1;3;3;0;0;0;0;634;1;1;1;634;1;0;0;1;1;0
"Transform Parent Sync Bodies";0;0;0;317;1;1;3;3;0;0;0;0;634;1;1;1;634;1;0;0;1;1;0
"Transform Parent Sync Colliders";0;0;0;317;1;1;3;3;0;0;0;0;634;1;1;1;634;1;0;0;1;1;0
"Transform Sync Bodies";0;0;0;317;1;1;3;3;0;0;0;0;634;1;1;1;634;1;0;0;1;1;0
"Transform Sync Colliders";0;0;0;317;1;1;3;3;0;0;0;0;634;1;1;1;634;1;0;0;1;1;0
"Triangles Count";0;0;0;317;1;1;4;4;0;0;0;0;634;1;1;1;634;1;0;0;1;1;0
"Trigger Enter";0;0;0;317;1;1;3;3;0;0;0;0;634;1;1;1;634;1;0;0;1;1;0
"Trigger Exit";0;0;0;317;1;1;3;3;0;0;0;0;634;1;1;1;634;1;0;0;1;1;0
"Trigger Overlaps";0;0;0;317;1;1;3;5;0;0;0;0;1686;3;1;3;634;1;0;0;1;1;0
"Trigger Stay";0;0;0;317;1;1;3;3;0;0;0;0;634;1;1;1;634;1;0;0;1;1;0
"Used Buffers Bytes";0;0;0;317;1;1;4;4;0;0;0;0;634;1;1;1;634;1;0;0;1;1;0
"Used Buffers Count";0;0;0;317;1;1;4;4;0;0;0;0;634;1;1;1;634;1;0;0;1;1;0
"Used Textures Bytes";0;0;0;317;1;1;4;4;0;0;0;0;634;1;1;1;634;1;0;0;1;1;0
"Used Textures Count";0;0;0;317;1;1;4;4;0;0;0;0;634;1;1;1;634;1;0;0;1;1;0
"Vertex Buffer Upload In Frame Bytes";0;0;0;317;1;1;4;4;0;0;0;0;634;1;1;1;634;1;0;0;1;1;0
"Vertex Buffer Upload In Frame Count";0;0;0;317;1;1;4;4;0;0;0;0;634;1;1;1;634;1;0;0;1;1;0
"Vertices Count";0;0;0;317;1;1;4;4;0;0;0;0;634;1;1;1;634;1;0;0;1;1;0
"Video Memory Bytes";0;0;0;317;1;1;4;4;0;0;0;0;634;1;1;1;634;1;0;0;1;1;0
"Video Reserved Memory";0;0;0;317;1;1;3;3;0;0;0;0;634;1;1;1;634;1;0;0;1;1;0
"Video Used Memory";0;0;0;317;1;1;3;3;0;0;0;0;634;1;1;1;634;1;0;0;1;1;0
"Virtual Texture Reads";0;0;0;317;1;1;3;3;0;0;0;0;634;1;1;1;634;1;0;0;1;1;0
"Visible Skinned Meshes Count";0;0;0;317;1;1;4;4;0;0;0;0;634;1;1;1;634;1;0;0;1;1;0
"WaitForCompleted";0;0;0;317;1;1;3;13;0;0;0;0;13209;21;20;22;634;1;0;0;1;1;0
"BeginJob";0;0;0;318;1;1;10;14;0;0;0;0;3987;6;1;15;612;1;0;0;1;1;0
"EndJob";0;0;0;318;1;1;10;14;0;0;0;0;3987;6;1;15;612;1;0;0;1;1;0
